[INFO] Scanning for projects...
[INFO] 
[INFO] --------------------< com.lojajogos:loja-jogos-api >--------------------
[INFO] Building loja-jogos-api 0.0.1-SNAPSHOT
[INFO]   from pom.xml
[INFO] --------------------------------[ jar ]---------------------------------
[INFO] 
[INFO] >>> spring-boot:3.3.5:run (default-cli) > test-compile @ loja-jogos-api >>>
[INFO] 
[INFO] --- resources:3.3.1:resources (default-resources) @ loja-jogos-api ---
[INFO] Copying 1 resource from src\main\resources to target\classes
[INFO] Copying 0 resource from src\main\resources to target\classes
[INFO] 
[INFO] --- compiler:3.13.0:compile (default-compile) @ loja-jogos-api ---
[INFO] Nothing to compile - all classes are up to date.
[INFO] 
[INFO] --- resources:3.3.1:testResources (default-testResources) @ loja-jogos-api ---
[INFO] skip non existing resourceDirectory C:\Users\Pedro Henrique\OneDrive\Documentos\Serratec\Loja-Virtual-Jogos\loja-jogos-api\src\test\resources
[INFO] 
[INFO] --- compiler:3.13.0:testCompile (default-testCompile) @ loja-jogos-api ---
[INFO] No sources to compile
[INFO] 
[INFO] <<< spring-boot:3.3.5:run (default-cli) < test-compile @ loja-jogos-api <<<
[INFO] 
[INFO] 
[INFO] --- spring-boot:3.3.5:run (default-cli) @ loja-jogos-api ---
[INFO] Attaching agents: []

  .   ____          _            __ _ _
 /\\ / ___'_ __ _ _(_)_ __  __ _ \ \ \ \
( ( )\___ | '_ | '_| | '_ \/ _` | \ \ \ \
 \\/  ___)| |_)| | | | | || (_| |  ) ) ) )
  '  |____| .__|_| |_|_| |_\__, | / / / /
 =========|_|==============|___/=/_/_/_/

 :: Spring Boot ::                (v3.3.5)

2026-06-30T16:30:45.157-03:00  INFO 18924 --- [loja-jogos-api] [  restartedMain] com.lojajogos.LojaJogosApplication       : Starting LojaJogosApplication using Java 17.0.12 with PID 18924 (C:\Users\Pedro Henrique\OneDrive\Documentos\Serratec\Loja-Virtual-Jogos\loja-jogos-api\target\classes started by Pedro Henrique in C:\Users\Pedro Henrique\OneDrive\Documentos\Serratec\Loja-Virtual-Jogos\loja-jogos-api)
2026-06-30T16:30:45.159-03:00  INFO 18924 --- [loja-jogos-api] [  restartedMain] com.lojajogos.LojaJogosApplication       : No active profile set, falling back to 1 default profile: "default"
2026-06-30T16:30:45.160-03:00 DEBUG 18924 --- [loja-jogos-api] [  restartedMain] o.s.boot.SpringApplication               : Loading source class com.lojajogos.LojaJogosApplication
2026-06-30T16:30:45.201-03:00 DEBUG 18924 --- [loja-jogos-api] [  restartedMain] o.s.b.devtools.restart.ChangeableUrls    : Matching URLs for reloading : [file:/C:/Users/Pedro%20Henrique/OneDrive/Documentos/Serratec/Loja-Virtual-Jogos/loja-jogos-api/target/classes/]
2026-06-30T16:30:45.201-03:00 DEBUG 18924 --- [loja-jogos-api] [  restartedMain] o.s.b.d.settings.DevToolsSettings        : Included patterns for restart : []
2026-06-30T16:30:45.201-03:00 DEBUG 18924 --- [loja-jogos-api] [  restartedMain] o.s.b.d.settings.DevToolsSettings        : Excluded patterns for restart : [/spring-boot-starter-[\w-]+/, /spring-boot/(bin|build|out)/, /spring-boot-starter/(bin|build|out)/, /spring-boot-devtools/(bin|build|out)/, /spring-boot-actuator/(bin|build|out)/, /spring-boot-autoconfigure/(bin|build|out)/]
2026-06-30T16:30:45.201-03:00  INFO 18924 --- [loja-jogos-api] [  restartedMain] .e.DevToolsPropertyDefaultsPostProcessor : Devtools property defaults active! Set 'spring.devtools.add-properties' to 'false' to disable
2026-06-30T16:30:45.202-03:00  INFO 18924 --- [loja-jogos-api] [  restartedMain] .e.DevToolsPropertyDefaultsPostProcessor : For additional web related logging consider setting the 'logging.level.web' property to 'DEBUG'
2026-06-30T16:30:45.202-03:00 DEBUG 18924 --- [loja-jogos-api] [  restartedMain] ConfigServletWebServerApplicationContext : Refreshing org.springframework.boot.web.servlet.context.AnnotationConfigServletWebServerApplicationContext@523d4096
2026-06-30T16:30:45.715-03:00  INFO 18924 --- [loja-jogos-api] [  restartedMain] .s.d.r.c.RepositoryConfigurationDelegate : Bootstrapping Spring Data JPA repositories in DEFAULT mode.
2026-06-30T16:30:45.728-03:00 DEBUG 18924 --- [loja-jogos-api] [  restartedMain] o.s.b.a.AutoConfigurationPackages        : @EnableAutoConfiguration was declared on a class in the package 'com.lojajogos'. Automatic @Repository and @Entity scanning is enabled.
2026-06-30T16:30:45.771-03:00  INFO 18924 --- [loja-jogos-api] [  restartedMain] .s.d.r.c.RepositoryConfigurationDelegate : Finished Spring Data repository scanning in 50 ms. Found 4 JPA repository interfaces.
2026-06-30T16:30:46.207-03:00 DEBUG 18924 --- [loja-jogos-api] [  restartedMain] .s.b.w.e.t.TomcatServletWebServerFactory : Code archive: C:\Users\Pedro Henrique\.m2\repository\org\springframework\boot\spring-boot\3.3.5\spring-boot-3.3.5.jar
2026-06-30T16:30:46.208-03:00 DEBUG 18924 --- [loja-jogos-api] [  restartedMain] .s.b.w.e.t.TomcatServletWebServerFactory : Code archive: C:\Users\Pedro Henrique\.m2\repository\org\springframework\boot\spring-boot\3.3.5\spring-boot-3.3.5.jar
2026-06-30T16:30:46.208-03:00 DEBUG 18924 --- [loja-jogos-api] [  restartedMain] .s.b.w.e.t.TomcatServletWebServerFactory : None of the document roots [src/main/webapp, public, static] point to a directory and will be ignored.
2026-06-30T16:30:46.241-03:00  INFO 18924 --- [loja-jogos-api] [  restartedMain] o.s.b.w.embedded.tomcat.TomcatWebServer  : Tomcat initialized with port 8080 (http)
2026-06-30T16:30:46.253-03:00  INFO 18924 --- [loja-jogos-api] [  restartedMain] o.apache.catalina.core.StandardService   : Starting service [Tomcat]
2026-06-30T16:30:46.253-03:00  INFO 18924 --- [loja-jogos-api] [  restartedMain] o.apache.catalina.core.StandardEngine    : Starting Servlet engine: [Apache Tomcat/10.1.31]
2026-06-30T16:30:46.297-03:00  INFO 18924 --- [loja-jogos-api] [  restartedMain] o.a.c.c.C.[Tomcat].[localhost].[/]       : Initializing Spring embedded WebApplicationContext
2026-06-30T16:30:46.297-03:00 DEBUG 18924 --- [loja-jogos-api] [  restartedMain] w.s.c.ServletWebServerApplicationContext : Published root WebApplicationContext as ServletContext attribute with name [org.springframework.web.context.WebApplicationContext.ROOT]
2026-06-30T16:30:46.298-03:00  INFO 18924 --- [loja-jogos-api] [  restartedMain] w.s.c.ServletWebServerApplicationContext : Root WebApplicationContext: initialization completed in 1096 ms
2026-06-30T16:30:46.320-03:00  INFO 18924 --- [loja-jogos-api] [  restartedMain] com.zaxxer.hikari.HikariDataSource       : HikariPool-1 - Starting...
2026-06-30T16:30:46.488-03:00  INFO 18924 --- [loja-jogos-api] [  restartedMain] com.zaxxer.hikari.pool.HikariPool        : HikariPool-1 - Added connection conn0: url=jdbc:h2:mem:lojajogos user=SA
2026-06-30T16:30:46.490-03:00  INFO 18924 --- [loja-jogos-api] [  restartedMain] com.zaxxer.hikari.HikariDataSource       : HikariPool-1 - Start completed.
2026-06-30T16:30:46.498-03:00  INFO 18924 --- [loja-jogos-api] [  restartedMain] o.s.b.a.h2.H2ConsoleAutoConfiguration    : H2 console available at '/h2-console'. Database available at 'jdbc:h2:mem:lojajogos'
2026-06-30T16:30:46.510-03:00 DEBUG 18924 --- [loja-jogos-api] [  restartedMain] o.s.b.w.s.ServletContextInitializerBeans : Mapping filters: characterEncodingFilter urls=[/*] order=-2147483648, formContentFilter urls=[/*] order=-9900, requestContextFilter urls=[/*] order=-105
2026-06-30T16:30:46.511-03:00 DEBUG 18924 --- [loja-jogos-api] [  restartedMain] o.s.b.w.s.ServletContextInitializerBeans : Mapping servlets: dispatcherServlet urls=[/], h2Console urls=[/h2-console/*]
2026-06-30T16:30:46.528-03:00 DEBUG 18924 --- [loja-jogos-api] [  restartedMain] o.s.b.w.s.f.OrderedRequestContextFilter  : Filter 'requestContextFilter' configured for use
2026-06-30T16:30:46.529-03:00 DEBUG 18924 --- [loja-jogos-api] [  restartedMain] s.b.w.s.f.OrderedCharacterEncodingFilter : Filter 'characterEncodingFilter' configured for use
2026-06-30T16:30:46.530-03:00 DEBUG 18924 --- [loja-jogos-api] [  restartedMain] o.s.b.w.s.f.OrderedFormContentFilter     : Filter 'formContentFilter' configured for use
2026-06-30T16:30:46.588-03:00  INFO 18924 --- [loja-jogos-api] [  restartedMain] o.hibernate.jpa.internal.util.LogHelper  : HHH000204: Processing PersistenceUnitInfo [name: default]
2026-06-30T16:30:46.650-03:00  INFO 18924 --- [loja-jogos-api] [  restartedMain] org.hibernate.Version                    : HHH000412: Hibernate ORM core version 6.5.3.Final
2026-06-30T16:30:46.683-03:00  INFO 18924 --- [loja-jogos-api] [  restartedMain] o.h.c.internal.RegionFactoryInitiator    : HHH000026: Second-level cache disabled
2026-06-30T16:30:46.961-03:00  INFO 18924 --- [loja-jogos-api] [  restartedMain] o.s.o.j.p.SpringPersistenceUnitInfo      : No LoadTimeWeaver setup: ignoring JPA class transformer
2026-06-30T16:30:47.019-03:00  WARN 18924 --- [loja-jogos-api] [  restartedMain] org.hibernate.orm.deprecation            : HHH90000025: H2Dialect does not need to be specified explicitly using 'hibernate.dialect' (remove the property setting and it will be selected by default)
2026-06-30T16:30:48.205-03:00  INFO 18924 --- [loja-jogos-api] [  restartedMain] o.h.e.t.j.p.i.JtaPlatformInitiator       : HHH000489: No JTA platform available (set 'hibernate.transaction.jta.platform' to enable JTA platform integration)
2026-06-30T16:30:48.260-03:00 DEBUG 18924 --- [loja-jogos-api] [  restartedMain] org.hibernate.SQL                        : create table clientes (id bigint generated by default as identity, bairro varchar(255) not null, cep varchar(255) not null, cidade varchar(255) not null, email varchar(255) not null, nome varchar(255) not null, numero varchar(255) not null, pais varchar(255) not null, rua varchar(255) not null, senha varchar(255) not null, telefone varchar(255) not null, primary key (id))
Hibernate: create table clientes (id bigint generated by default as identity, bairro varchar(255) not null, cep varchar(255) not null, cidade varchar(255) not null, email varchar(255) not null, nome varchar(255) not null, numero varchar(255) not null, pais varchar(255) not null, rua varchar(255) not null, senha varchar(255) not null, telefone varchar(255) not null, primary key (id))
2026-06-30T16:30:48.281-03:00 DEBUG 18924 --- [loja-jogos-api] [  restartedMain] org.hibernate.SQL                        : create table itens_pedido (id bigint generated by default as identity, quantidade integer not null, jogo_id bigint not null, pedido_id bigint not null, primary key (id))
Hibernate: create table itens_pedido (id bigint generated by default as identity, quantidade integer not null, jogo_id bigint not null, pedido_id bigint not null, primary key (id))
2026-06-30T16:30:48.284-03:00 DEBUG 18924 --- [loja-jogos-api] [  restartedMain] org.hibernate.SQL                        : create table jogos (id bigint generated by default as identity, categoria varchar(255) not null, nome varchar(255) not null, plataforma varchar(255) not null, preco numeric(10,2) not null, primary key (id))
Hibernate: create table jogos (id bigint generated by default as identity, categoria varchar(255) not null, nome varchar(255) not null, plataforma varchar(255) not null, preco numeric(10,2) not null, primary key (id))
2026-06-30T16:30:48.287-03:00 DEBUG 18924 --- [loja-jogos-api] [  restartedMain] org.hibernate.SQL                        : create table pedidos (id bigint generated by default as identity, cupom_desconto varchar(255), data_pedido timestamp(6) not null, mensagemia varchar(255), perfil_cliente varchar(255), recomendacoes varchar(255), status_pedido enum ('CANCELADO','CONCLUIDO','CONFIRMADO','PENDENTE','PROCESSANDO') not null, valor_total numeric(10,2) not null, cliente_id bigint not null, primary key (id))
Hibernate: create table pedidos (id bigint generated by default as identity, cupom_desconto varchar(255), data_pedido timestamp(6) not null, mensagemia varchar(255), perfil_cliente varchar(255), recomendacoes varchar(255), status_pedido enum ('CANCELADO','CONCLUIDO','CONFIRMADO','PENDENTE','PROCESSANDO') not null, valor_total numeric(10,2) not null, cliente_id bigint not null, primary key (id))
2026-06-30T16:30:48.291-03:00 DEBUG 18924 --- [loja-jogos-api] [  restartedMain] org.hibernate.SQL                        : alter table if exists clientes drop constraint if exists UK1c96wv36rk2hwui7qhjks3mvg
Hibernate: alter table if exists clientes drop constraint if exists UK1c96wv36rk2hwui7qhjks3mvg
2026-06-30T16:30:48.293-03:00 DEBUG 18924 --- [loja-jogos-api] [  restartedMain] org.hibernate.SQL                        : alter table if exists clientes add constraint UK1c96wv36rk2hwui7qhjks3mvg unique (email)
Hibernate: alter table if exists clientes add constraint UK1c96wv36rk2hwui7qhjks3mvg unique (email)
2026-06-30T16:30:48.301-03:00 DEBUG 18924 --- [loja-jogos-api] [  restartedMain] org.hibernate.SQL                        : alter table if exists itens_pedido add constraint FKdq8ghlv6vn0htup8j0nec7mjv foreign key (jogo_id) references jogos
Hibernate: alter table if exists itens_pedido add constraint FKdq8ghlv6vn0htup8j0nec7mjv foreign key (jogo_id) references jogos
2026-06-30T16:30:48.308-03:00 DEBUG 18924 --- [loja-jogos-api] [  restartedMain] org.hibernate.SQL                        : alter table if exists itens_pedido add constraint FK42mycompce3b7yt3l6ukdwsxy foreign key (pedido_id) references pedidos
Hibernate: alter table if exists itens_pedido add constraint FK42mycompce3b7yt3l6ukdwsxy foreign key (pedido_id) references pedidos
2026-06-30T16:30:48.309-03:00 DEBUG 18924 --- [loja-jogos-api] [  restartedMain] org.hibernate.SQL                        : alter table if exists pedidos add constraint FKg7202lk0hwxn04bmdl2thth5b foreign key (cliente_id) references clientes
Hibernate: alter table if exists pedidos add constraint FKg7202lk0hwxn04bmdl2thth5b foreign key (cliente_id) references clientes
2026-06-30T16:30:48.313-03:00  INFO 18924 --- [loja-jogos-api] [  restartedMain] j.LocalContainerEntityManagerFactoryBean : Initialized JPA EntityManagerFactory for persistence unit 'default'
2026-06-30T16:30:48.751-03:00  WARN 18924 --- [loja-jogos-api] [  restartedMain] JpaBaseConfiguration$JpaWebConfiguration : spring.jpa.open-in-view is enabled by default. Therefore, database queries may be performed during view rendering. Explicitly configure spring.jpa.open-in-view to disable this warning
2026-06-30T16:30:48.831-03:00 DEBUG 18924 --- [loja-jogos-api] [  restartedMain] s.w.s.m.m.a.RequestMappingHandlerMapping : 19 mappings in 'requestMappingHandlerMapping'
2026-06-30T16:30:48.849-03:00 DEBUG 18924 --- [loja-jogos-api] [  restartedMain] o.s.w.s.handler.SimpleUrlHandlerMapping  : Patterns [/webjars/**, /**] in 'resourceHandlerMapping'
2026-06-30T16:30:48.876-03:00 DEBUG 18924 --- [loja-jogos-api] [  restartedMain] s.w.s.m.m.a.RequestMappingHandlerAdapter : ControllerAdvice beans: 0 @ModelAttribute, 0 @InitBinder, 1 RequestBodyAdvice, 1 ResponseBodyAdvice
2026-06-30T16:30:48.905-03:00 DEBUG 18924 --- [loja-jogos-api] [  restartedMain] .m.m.a.ExceptionHandlerExceptionResolver : ControllerAdvice beans: 1 @ExceptionHandler, 1 ResponseBodyAdvice
2026-06-30T16:30:49.000-03:00 DEBUG 18924 --- [loja-jogos-api] [  restartedMain] o.s.b.d.livereload.LiveReloadServer      : Starting live reload server on port 35729
2026-06-30T16:30:49.010-03:00  INFO 18924 --- [loja-jogos-api] [  restartedMain] o.s.b.d.a.OptionalLiveReloadServer       : LiveReload server is running on port 35729
2026-06-30T16:30:49.045-03:00  INFO 18924 --- [loja-jogos-api] [  restartedMain] o.s.b.w.embedded.tomcat.TomcatWebServer  : Tomcat started on port 8080 (http) with context path '/'
2026-06-30T16:30:49.054-03:00 DEBUG 18924 --- [loja-jogos-api] [  restartedMain] .s.b.a.l.ConditionEvaluationReportLogger : 


============================
CONDITIONS EVALUATION REPORT
============================


Positive matches:
-----------------

   AopAutoConfiguration matched:
      - @ConditionalOnProperty (spring.aop.auto=true) matched (OnPropertyCondition)

   AopAutoConfiguration.AspectJAutoProxyingConfiguration matched:
      - @ConditionalOnClass found required class 'org.aspectj.weaver.Advice' (OnClassCondition)

   AopAutoConfiguration.AspectJAutoProxyingConfiguration.CglibAutoProxyConfiguration matched:
      - @ConditionalOnProperty (spring.aop.proxy-target-class=true) matched (OnPropertyCondition)

   ApplicationAvailabilityAutoConfiguration#applicationAvailability matched:
      - @ConditionalOnMissingBean (types: org.springframework.boot.availability.ApplicationAvailability; SearchStrategy: all) did not find any beans (OnBeanCondition)

   DataSourceAutoConfiguration matched:
      - @ConditionalOnClass found required classes 'javax.sql.DataSource', 'org.springframework.jdbc.datasource.embedded.EmbeddedDatabaseType' (OnClassCondition)
      - @ConditionalOnMissingBean (types: io.r2dbc.spi.ConnectionFactory; SearchStrategy: all) did not find any beans (OnBeanCondition)

   DataSourceAutoConfiguration.PooledDataSourceConfiguration matched:
      - AnyNestedCondition 1 matched 1 did not; NestedCondition on DataSourceAutoConfiguration.PooledDataSourceCondition.PooledDataSourceAvailable PooledDataSource found supported DataSource; NestedCondition on DataSourceAutoConfiguration.PooledDataSourceCondition.ExplicitType @ConditionalOnProperty (spring.datasource.type) did not find property 'type' (DataSourceAutoConfiguration.PooledDataSourceCondition)
      - @ConditionalOnMissingBean (types: javax.sql.DataSource,javax.sql.XADataSource; SearchStrategy: all) did not find any beans (OnBeanCondition)

   DataSourceAutoConfiguration.PooledDataSourceConfiguration#jdbcConnectionDetails matched:
      - @ConditionalOnMissingBean (types: org.springframework.boot.autoconfigure.jdbc.JdbcConnectionDetails; SearchStrategy: all) did not find any beans (OnBeanCondition)

   DataSourceConfiguration.Hikari matched:
      - @ConditionalOnClass found required class 'com.zaxxer.hikari.HikariDataSource' (OnClassCondition)
      - @ConditionalOnProperty (spring.datasource.type=com.zaxxer.hikari.HikariDataSource) matched (OnPropertyCondition)
      - @ConditionalOnMissingBean (types: javax.sql.DataSource; SearchStrategy: all) did not find any beans (OnBeanCondition)

   DataSourceInitializationConfiguration matched:
      - @ConditionalOnClass found required class 'org.springframework.jdbc.datasource.init.DatabasePopulator' (OnClassCondition)
      - @ConditionalOnSingleCandidate (types: javax.sql.DataSource; SearchStrategy: all) found a single bean 'dataSource'; @ConditionalOnMissingBean (types: org.springframework.boot.autoconfigure.sql.init.SqlDataSourceScriptDatabaseInitializer,org.springframework.boot.autoconfigure.sql.init.SqlR2dbcScriptDatabaseInitializer; SearchStrategy: all) did not find any beans (OnBeanCondition)

   DataSourceJmxConfiguration matched:
      - @ConditionalOnProperty (spring.jmx.enabled=true) matched (OnPropertyCondition)

   DataSourceJmxConfiguration.Hikari matched:
      - @ConditionalOnClass found required class 'com.zaxxer.hikari.HikariDataSource' (OnClassCondition)
      - @ConditionalOnSingleCandidate (types: javax.sql.DataSource; SearchStrategy: all) found a single bean 'dataSource' (OnBeanCondition)

   DataSourcePoolMetadataProvidersConfiguration.HikariPoolDataSourceMetadataProviderConfiguration matched:
      - @ConditionalOnClass found required class 'com.zaxxer.hikari.HikariDataSource' (OnClassCondition)

   DataSourceTransactionManagerAutoConfiguration matched:
      - @ConditionalOnClass found required classes 'javax.sql.DataSource', 'org.springframework.jdbc.core.JdbcTemplate', 'org.springframework.transaction.TransactionManager' (OnClassCondition)

   DataSourceTransactionManagerAutoConfiguration.JdbcTransactionManagerConfiguration matched:
      - @ConditionalOnSingleCandidate (types: javax.sql.DataSource; SearchStrategy: all) found a single bean 'dataSource' (OnBeanCondition)

   DevToolsDataSourceAutoConfiguration matched:
      - @ConditionalOnClass found required class 'javax.sql.DataSource' (OnClassCondition)
      - Devtools devtools enabled. (OnEnabledDevToolsCondition)
      - DevTools DataSource Condition found auto-configured DataSource (DevToolsDataSourceAutoConfiguration.DevToolsDataSourceCondition)

   DevToolsDataSourceAutoConfiguration.DatabaseShutdownExecutorEntityManagerFactoryDependsOnPostProcessor matched:
      - @ConditionalOnClass found required class 'org.springframework.orm.jpa.LocalContainerEntityManagerFactoryBean' (OnClassCondition)
      - @ConditionalOnBean (types: org.springframework.orm.jpa.AbstractEntityManagerFactoryBean; SearchStrategy: all) found bean '&entityManagerFactory' (OnBeanCondition)

   DispatcherServletAutoConfiguration matched:
      - @ConditionalOnClass found required class 'org.springframework.web.servlet.DispatcherServlet' (OnClassCondition)
      - found 'session' scope (OnWebApplicationCondition)

   DispatcherServletAutoConfiguration.DispatcherServletConfiguration matched:
      - @ConditionalOnClass found required class 'jakarta.servlet.ServletRegistration' (OnClassCondition)
      - Default DispatcherServlet did not find dispatcher servlet beans (DispatcherServletAutoConfiguration.DefaultDispatcherServletCondition)

   DispatcherServletAutoConfiguration.DispatcherServletRegistrationConfiguration matched:
      - @ConditionalOnClass found required class 'jakarta.servlet.ServletRegistration' (OnClassCondition)
      - DispatcherServlet Registration did not find servlet registration bean (DispatcherServletAutoConfiguration.DispatcherServletRegistrationCondition)

   DispatcherServletAutoConfiguration.DispatcherServletRegistrationConfiguration#dispatcherServletRegistration matched:
      - @ConditionalOnBean (names: dispatcherServlet types: org.springframework.web.servlet.DispatcherServlet; SearchStrategy: all) found bean 'dispatcherServlet' (OnBeanCondition)

   EmbeddedWebServerFactoryCustomizerAutoConfiguration matched:
      - @ConditionalOnWebApplication (required) found 'session' scope (OnWebApplicationCondition)
      - @ConditionalOnWarDeployment the application is not deployed as a WAR file. (OnWarDeploymentCondition)

   EmbeddedWebServerFactoryCustomizerAutoConfiguration.TomcatWebServerFactoryCustomizerConfiguration matched:
      - @ConditionalOnClass found required classes 'org.apache.catalina.startup.Tomcat', 'org.apache.coyote.UpgradeProtocol' (OnClassCondition)

   ErrorMvcAutoConfiguration matched:
      - @ConditionalOnClass found required classes 'jakarta.servlet.Servlet', 'org.springframework.web.servlet.DispatcherServlet' (OnClassCondition)
      - found 'session' scope (OnWebApplicationCondition)

   ErrorMvcAutoConfiguration#basicErrorController matched:
      - @ConditionalOnMissingBean (types: org.springframework.boot.web.servlet.error.ErrorController; SearchStrategy: current) did not find any beans (OnBeanCondition)

   ErrorMvcAutoConfiguration#errorAttributes matched:
      - @ConditionalOnMissingBean (types: org.springframework.boot.web.servlet.error.ErrorAttributes; SearchStrategy: current) did not find any beans (OnBeanCondition)

   ErrorMvcAutoConfiguration.DefaultErrorViewResolverConfiguration#conventionErrorViewResolver matched:
      - @ConditionalOnBean (types: org.springframework.web.servlet.DispatcherServlet; SearchStrategy: all) found bean 'dispatcherServlet'; @ConditionalOnMissingBean (types: org.springframework.boot.autoconfigure.web.servlet.error.ErrorViewResolver; SearchStrategy: all) did not find any beans (OnBeanCondition)

   ErrorMvcAutoConfiguration.WhitelabelErrorViewConfiguration matched:
      - @ConditionalOnProperty (server.error.whitelabel.enabled) matched (OnPropertyCondition)
      - ErrorTemplate Missing did not find error template view (ErrorMvcAutoConfiguration.ErrorTemplateMissingCondition)

   ErrorMvcAutoConfiguration.WhitelabelErrorViewConfiguration#beanNameViewResolver matched:
      - @ConditionalOnMissingBean (types: org.springframework.web.servlet.view.BeanNameViewResolver; SearchStrategy: all) did not find any beans (OnBeanCondition)

   ErrorMvcAutoConfiguration.WhitelabelErrorViewConfiguration#defaultErrorView matched:
      - @ConditionalOnMissingBean (names: error; SearchStrategy: all) did not find any beans (OnBeanCondition)

   GenericCacheConfiguration matched:
      - Cache org.springframework.boot.autoconfigure.cache.GenericCacheConfiguration automatic cache type (CacheCondition)

   H2ConsoleAutoConfiguration matched:
      - @ConditionalOnClass found required class 'org.h2.server.web.JakartaWebServlet' (OnClassCondition)
      - found 'session' scope (OnWebApplicationCondition)
      - @ConditionalOnProperty (spring.h2.console.enabled=true) matched (OnPropertyCondition)

   HibernateJpaAutoConfiguration matched:
      - @ConditionalOnClass found required classes 'org.springframework.orm.jpa.LocalContainerEntityManagerFactoryBean', 'jakarta.persistence.EntityManager', 'org.hibernate.engine.spi.SessionImplementor' (OnClassCondition)

   HibernateJpaConfiguration matched:
      - @ConditionalOnSingleCandidate (types: javax.sql.DataSource; SearchStrategy: all) found a single bean 'dataSource' (OnBeanCondition)

   HttpEncodingAutoConfiguration matched:
      - @ConditionalOnClass found required class 'org.springframework.web.filter.CharacterEncodingFilter' (OnClassCondition)
      - found 'session' scope (OnWebApplicationCondition)
      - @ConditionalOnProperty (server.servlet.encoding.enabled) matched (OnPropertyCondition)

   HttpEncodingAutoConfiguration#characterEncodingFilter matched:
      - @ConditionalOnMissingBean (types: org.springframework.web.filter.CharacterEncodingFilter; SearchStrategy: all) did not find any beans (OnBeanCondition)

   HttpMessageConvertersAutoConfiguration matched:
      - @ConditionalOnClass found required class 'org.springframework.http.converter.HttpMessageConverter' (OnClassCondition)
      - NoneNestedConditions 0 matched 1 did not; NestedCondition on HttpMessageConvertersAutoConfiguration.NotReactiveWebApplicationCondition.ReactiveWebApplication did not find reactive web application classes (HttpMessageConvertersAutoConfiguration.NotReactiveWebApplicationCondition)

   HttpMessageConvertersAutoConfiguration#messageConverters matched:
      - @ConditionalOnMissingBean (types: org.springframework.boot.autoconfigure.http.HttpMessageConverters; SearchStrategy: all) did not find any beans (OnBeanCondition)

   HttpMessageConvertersAutoConfiguration.StringHttpMessageConverterConfiguration matched:
      - @ConditionalOnClass found required class 'org.springframework.http.converter.StringHttpMessageConverter' (OnClassCondition)

   HttpMessageConvertersAutoConfiguration.StringHttpMessageConverterConfiguration#stringHttpMessageConverter matched:
      - @ConditionalOnMissingBean (types: org.springframework.http.converter.StringHttpMessageConverter; SearchStrategy: all) did not find any beans (OnBeanCondition)

   JacksonAutoConfiguration matched:
      - @ConditionalOnClass found required class 'com.fasterxml.jackson.databind.ObjectMapper' (OnClassCondition)

   JacksonAutoConfiguration.Jackson2ObjectMapperBuilderCustomizerConfiguration matched:
      - @ConditionalOnClass found required class 'org.springframework.http.converter.json.Jackson2ObjectMapperBuilder' (OnClassCondition)

   JacksonAutoConfiguration.JacksonObjectMapperBuilderConfiguration matched:
      - @ConditionalOnClass found required class 'org.springframework.http.converter.json.Jackson2ObjectMapperBuilder' (OnClassCondition)

   JacksonAutoConfiguration.JacksonObjectMapperBuilderConfiguration#jacksonObjectMapperBuilder matched:
      - @ConditionalOnMissingBean (types: org.springframework.http.converter.json.Jackson2ObjectMapperBuilder; SearchStrategy: all) did not find any beans (OnBeanCondition)

   JacksonAutoConfiguration.JacksonObjectMapperConfiguration matched:
      - @ConditionalOnClass found required class 'org.springframework.http.converter.json.Jackson2ObjectMapperBuilder' (OnClassCondition)

   JacksonAutoConfiguration.JacksonObjectMapperConfiguration#jacksonObjectMapper matched:
      - @ConditionalOnMissingBean (types: com.fasterxml.jackson.databind.ObjectMapper; SearchStrategy: all) did not find any beans (OnBeanCondition)

   JacksonAutoConfiguration.ParameterNamesModuleConfiguration matched:
      - @ConditionalOnClass found required class 'com.fasterxml.jackson.module.paramnames.ParameterNamesModule' (OnClassCondition)

   JacksonAutoConfiguration.ParameterNamesModuleConfiguration#parameterNamesModule matched:
      - @ConditionalOnMissingBean (types: com.fasterxml.jackson.module.paramnames.ParameterNamesModule; SearchStrategy: all) did not find any beans (OnBeanCondition)

   JacksonHttpMessageConvertersConfiguration.MappingJackson2HttpMessageConverterConfiguration matched:
      - @ConditionalOnClass found required class 'com.fasterxml.jackson.databind.ObjectMapper' (OnClassCondition)
      - @ConditionalOnProperty (spring.mvc.converters.preferred-json-mapper=jackson) matched (OnPropertyCondition)
      - @ConditionalOnBean (types: com.fasterxml.jackson.databind.ObjectMapper; SearchStrategy: all) found bean 'jacksonObjectMapper' (OnBeanCondition)

   JacksonHttpMessageConvertersConfiguration.MappingJackson2HttpMessageConverterConfiguration#mappingJackson2HttpMessageConverter matched:
      - @ConditionalOnMissingBean (types: org.springframework.http.converter.json.MappingJackson2HttpMessageConverter ignored: org.springframework.hateoas.server.mvc.TypeConstrainedMappingJackson2HttpMessageConverter,org.springframework.data.rest.webmvc.alps.AlpsJsonHttpMessageConverter; SearchStrategy: all) did not find any beans (OnBeanCondition)

   JdbcClientAutoConfiguration matched:
      - @ConditionalOnSingleCandidate (types: org.springframework.jdbc.core.namedparam.NamedParameterJdbcTemplate; SearchStrategy: all) found a single bean 'namedParameterJdbcTemplate'; @ConditionalOnMissingBean (types: org.springframework.jdbc.core.simple.JdbcClient; SearchStrategy: all) did not find any beans (OnBeanCondition)

   JdbcTemplateAutoConfiguration matched:
      - @ConditionalOnClass found required classes 'javax.sql.DataSource', 'org.springframework.jdbc.core.JdbcTemplate' (OnClassCondition)
      - @ConditionalOnSingleCandidate (types: javax.sql.DataSource; SearchStrategy: all) found a single bean 'dataSource' (OnBeanCondition)

   JdbcTemplateConfiguration matched:
      - @ConditionalOnMissingBean (types: org.springframework.jdbc.core.JdbcOperations; SearchStrategy: all) did not find any beans (OnBeanCondition)

   JpaBaseConfiguration#entityManagerFactory matched:
      - @ConditionalOnMissingBean (types: org.springframework.orm.jpa.LocalContainerEntityManagerFactoryBean,jakarta.persistence.EntityManagerFactory; SearchStrategy: all) did not find any beans (OnBeanCondition)

   JpaBaseConfiguration#entityManagerFactoryBuilder matched:
      - @ConditionalOnMissingBean (types: org.springframework.boot.orm.jpa.EntityManagerFactoryBuilder; SearchStrategy: all) did not find any beans (OnBeanCondition)

   JpaBaseConfiguration#jpaVendorAdapter matched:
      - @ConditionalOnMissingBean (types: org.springframework.orm.jpa.JpaVendorAdapter; SearchStrategy: all) did not find any beans (OnBeanCondition)

   JpaBaseConfiguration#transactionManager matched:
      - @ConditionalOnMissingBean (types: org.springframework.transaction.TransactionManager; SearchStrategy: all) did not find any beans (OnBeanCondition)

   JpaBaseConfiguration.JpaWebConfiguration matched:
      - @ConditionalOnClass found required class 'org.springframework.web.servlet.config.annotation.WebMvcConfigurer' (OnClassCondition)
      - found 'session' scope (OnWebApplicationCondition)
      - @ConditionalOnProperty (spring.jpa.open-in-view=true) matched (OnPropertyCondition)
      - @ConditionalOnMissingBean (types: org.springframework.orm.jpa.support.OpenEntityManagerInViewInterceptor,org.springframework.orm.jpa.support.OpenEntityManagerInViewFilter; SearchStrategy: all) did not find any beans (OnBeanCondition)

   JpaBaseConfiguration.PersistenceManagedTypesConfiguration matched:
      - @ConditionalOnMissingBean (types: org.springframework.orm.jpa.LocalContainerEntityManagerFactoryBean,jakarta.persistence.EntityManagerFactory; SearchStrategy: all) did not find any beans (OnBeanCondition)

   JpaBaseConfiguration.PersistenceManagedTypesConfiguration#persistenceManagedTypes matched:
      - @ConditionalOnMissingBean (types: org.springframework.orm.jpa.persistenceunit.PersistenceManagedTypes; SearchStrategy: all) did not find any beans (OnBeanCondition)

   JpaRepositoriesAutoConfiguration matched:
      - @ConditionalOnClass found required class 'org.springframework.data.jpa.repository.JpaRepository' (OnClassCondition)
      - @ConditionalOnProperty (spring.data.jpa.repositories.enabled=true) matched (OnPropertyCondition)
      - @ConditionalOnBean (types: javax.sql.DataSource; SearchStrategy: all) found bean 'dataSource'; @ConditionalOnMissingBean (types: org.springframework.data.jpa.repository.support.JpaRepositoryFactoryBean,org.springframework.data.jpa.repository.config.JpaRepositoryConfigExtension; SearchStrategy: all) did not find any beans (OnBeanCondition)

   JtaAutoConfiguration matched:
      - @ConditionalOnClass found required class 'jakarta.transaction.Transaction' (OnClassCondition)
      - @ConditionalOnProperty (spring.jta.enabled) matched (OnPropertyCondition)

   LifecycleAutoConfiguration#defaultLifecycleProcessor matched:
      - @ConditionalOnMissingBean (names: lifecycleProcessor; SearchStrategy: current) did not find any beans (OnBeanCondition)

   LocalDevToolsAutoConfiguration matched:
      - Initialized Restarter Condition available and initialized (OnInitializedRestarterCondition)

   LocalDevToolsAutoConfiguration.LiveReloadConfiguration matched:
      - @ConditionalOnProperty (spring.devtools.livereload.enabled) matched (OnPropertyCondition)

   LocalDevToolsAutoConfiguration.LiveReloadConfiguration#liveReloadServer matched:
      - @ConditionalOnMissingBean (types: org.springframework.boot.devtools.livereload.LiveReloadServer; SearchStrategy: all) did not find any beans (OnBeanCondition)

   LocalDevToolsAutoConfiguration.RestartConfiguration matched:
      - @ConditionalOnProperty (spring.devtools.restart.enabled) matched (OnPropertyCondition)

   LocalDevToolsAutoConfiguration.RestartConfiguration#classPathFileSystemWatcher matched:
      - @ConditionalOnMissingBean (types: org.springframework.boot.devtools.classpath.ClassPathFileSystemWatcher; SearchStrategy: all) did not find any beans (OnBeanCondition)

   LocalDevToolsAutoConfiguration.RestartConfiguration#classPathRestartStrategy matched:
      - @ConditionalOnMissingBean (types: org.springframework.boot.devtools.classpath.ClassPathRestartStrategy; SearchStrategy: all) did not find any beans (OnBeanCondition)

   LocalDevToolsAutoConfiguration.RestartConfiguration#conditionEvaluationDeltaLoggingListener matched:
      - @ConditionalOnProperty (spring.devtools.restart.log-condition-evaluation-delta) matched (OnPropertyCondition)

   MultipartAutoConfiguration matched:
      - @ConditionalOnClass found required classes 'jakarta.servlet.Servlet', 'org.springframework.web.multipart.support.StandardServletMultipartResolver', 'jakarta.servlet.MultipartConfigElement' (OnClassCondition)
      - found 'session' scope (OnWebApplicationCondition)
      - @ConditionalOnProperty (spring.servlet.multipart.enabled) matched (OnPropertyCondition)

   MultipartAutoConfiguration#multipartConfigElement matched:
      - @ConditionalOnMissingBean (types: jakarta.servlet.MultipartConfigElement; SearchStrategy: all) did not find any beans (OnBeanCondition)

   MultipartAutoConfiguration#multipartResolver matched:
      - @ConditionalOnMissingBean (types: org.springframework.web.multipart.MultipartResolver; SearchStrategy: all) did not find any beans (OnBeanCondition)

   NamedParameterJdbcTemplateConfiguration matched:
      - @ConditionalOnSingleCandidate (types: org.springframework.jdbc.core.JdbcTemplate; SearchStrategy: all) found a single bean 'jdbcTemplate'; @ConditionalOnMissingBean (types: org.springframework.jdbc.core.namedparam.NamedParameterJdbcOperations; SearchStrategy: all) did not find any beans (OnBeanCondition)

   NoOpCacheConfiguration matched:
      - Cache org.springframework.boot.autoconfigure.cache.NoOpCacheConfiguration automatic cache type (CacheCondition)

   PersistenceExceptionTranslationAutoConfiguration matched:
      - @ConditionalOnClass found required class 'org.springframework.dao.annotation.PersistenceExceptionTranslationPostProcessor' (OnClassCondition)

   PersistenceExceptionTranslationAutoConfiguration#persistenceExceptionTranslationPostProcessor matched:
      - @ConditionalOnProperty (spring.dao.exceptiontranslation.enabled) matched (OnPropertyCondition)
      - @ConditionalOnMissingBean (types: org.springframework.dao.annotation.PersistenceExceptionTranslationPostProcessor; SearchStrategy: all) did not find any beans (OnBeanCondition)

   PropertyPlaceholderAutoConfiguration#propertySourcesPlaceholderConfigurer matched:
      - @ConditionalOnMissingBean (types: org.springframework.context.support.PropertySourcesPlaceholderConfigurer; SearchStrategy: current) did not find any beans (OnBeanCondition)

   RestClientAutoConfiguration matched:
      - @ConditionalOnClass found required class 'org.springframework.web.client.RestClient' (OnClassCondition)
      - NoneNestedConditions 0 matched 1 did not; NestedCondition on NotReactiveWebApplicationCondition.ReactiveWebApplication did not find reactive web application classes (NotReactiveWebApplicationCondition)

   RestClientAutoConfiguration#httpMessageConvertersRestClientCustomizer matched:
      - @ConditionalOnMissingBean (types: org.springframework.boot.autoconfigure.web.client.HttpMessageConvertersRestClientCustomizer; SearchStrategy: all) did not find any beans (OnBeanCondition)

   RestClientAutoConfiguration#restClientBuilder matched:
      - @ConditionalOnMissingBean (types: org.springframework.web.client.RestClient$Builder; SearchStrategy: all) did not find any beans (OnBeanCondition)

   RestClientAutoConfiguration#restClientBuilderConfigurer matched:
      - @ConditionalOnMissingBean (types: org.springframework.boot.autoconfigure.web.client.RestClientBuilderConfigurer; SearchStrategy: all) did not find any beans (OnBeanCondition)

   RestClientAutoConfiguration#restClientSsl matched:
      - @ConditionalOnBean (types: org.springframework.boot.ssl.SslBundles; SearchStrategy: all) found bean 'sslBundleRegistry'; @ConditionalOnMissingBean (types: org.springframework.boot.autoconfigure.web.client.RestClientSsl; SearchStrategy: all) did not find any beans (OnBeanCondition)

   RestTemplateAutoConfiguration matched:
      - @ConditionalOnClass found required class 'org.springframework.web.client.RestTemplate' (OnClassCondition)
      - NoneNestedConditions 0 matched 1 did not; NestedCondition on NotReactiveWebApplicationCondition.ReactiveWebApplication did not find reactive web application classes (NotReactiveWebApplicationCondition)

   RestTemplateAutoConfiguration#restTemplateBuilder matched:
      - @ConditionalOnMissingBean (types: org.springframework.boot.web.client.RestTemplateBuilder; SearchStrategy: all) did not find any beans (OnBeanCondition)

   ServletWebServerFactoryAutoConfiguration matched:
      - @ConditionalOnClass found required class 'jakarta.servlet.ServletRequest' (OnClassCondition)
      - found 'session' scope (OnWebApplicationCondition)

   ServletWebServerFactoryAutoConfiguration#tomcatServletWebServerFactoryCustomizer matched:
      - @ConditionalOnClass found required class 'org.apache.catalina.startup.Tomcat' (OnClassCondition)

   ServletWebServerFactoryConfiguration.EmbeddedTomcat matched:
      - @ConditionalOnClass found required classes 'jakarta.servlet.Servlet', 'org.apache.catalina.startup.Tomcat', 'org.apache.coyote.UpgradeProtocol' (OnClassCondition)
      - @ConditionalOnMissingBean (types: org.springframework.boot.web.servlet.server.ServletWebServerFactory; SearchStrategy: current) did not find any beans (OnBeanCondition)

   SimpleCacheConfiguration matched:
      - Cache org.springframework.boot.autoconfigure.cache.SimpleCacheConfiguration automatic cache type (CacheCondition)

   SpringDataWebAutoConfiguration matched:
      - @ConditionalOnClass found required classes 'org.springframework.data.web.PageableHandlerMethodArgumentResolver', 'org.springframework.web.servlet.config.annotation.WebMvcConfigurer' (OnClassCondition)
      - found 'session' scope (OnWebApplicationCondition)
      - @ConditionalOnMissingBean (types: org.springframework.data.web.PageableHandlerMethodArgumentResolver; SearchStrategy: all) did not find any beans (OnBeanCondition)

   SpringDataWebAutoConfiguration#pageableCustomizer matched:
      - @ConditionalOnMissingBean (types: org.springframework.data.web.config.PageableHandlerMethodArgumentResolverCustomizer; SearchStrategy: all) did not find any beans (OnBeanCondition)

   SpringDataWebAutoConfiguration#sortCustomizer matched:
      - @ConditionalOnMissingBean (types: org.springframework.data.web.config.SortHandlerMethodArgumentResolverCustomizer; SearchStrategy: all) did not find any beans (OnBeanCondition)

   SqlInitializationAutoConfiguration matched:
      - @ConditionalOnProperty (spring.sql.init.enabled) matched (OnPropertyCondition)
      - NoneNestedConditions 0 matched 1 did not; NestedCondition on SqlInitializationAutoConfiguration.SqlInitializationModeCondition.ModeIsNever @ConditionalOnProperty (spring.sql.init.mode=never) did not find property 'mode' (SqlInitializationAutoConfiguration.SqlInitializationModeCondition)

   SslAutoConfiguration#sslBundleRegistry matched:
      - @ConditionalOnMissingBean (types: org.springframework.boot.ssl.SslBundleRegistry,org.springframework.boot.ssl.SslBundles; SearchStrategy: all) did not find any beans (OnBeanCondition)

   TaskExecutionAutoConfiguration matched:
      - @ConditionalOnClass found required class 'org.springframework.scheduling.concurrent.ThreadPoolTaskExecutor' (OnClassCondition)

   TaskExecutorConfigurations.SimpleAsyncTaskExecutorBuilderConfiguration#simpleAsyncTaskExecutorBuilder matched:
      - @ConditionalOnMissingBean (types: org.springframework.boot.task.SimpleAsyncTaskExecutorBuilder; SearchStrategy: all) did not find any beans (OnBeanCondition)
      - @ConditionalOnThreading found PLATFORM (OnThreadingCondition)

   TaskExecutorConfigurations.TaskExecutorBuilderConfiguration#taskExecutorBuilder matched:
      - @ConditionalOnMissingBean (types: org.springframework.boot.task.TaskExecutorBuilder; SearchStrategy: all) did not find any beans (OnBeanCondition)

   TaskExecutorConfigurations.TaskExecutorConfiguration matched:
      - @ConditionalOnMissingBean (types: java.util.concurrent.Executor; SearchStrategy: all) did not find any beans (OnBeanCondition)

   TaskExecutorConfigurations.TaskExecutorConfiguration#applicationTaskExecutor matched:
      - @ConditionalOnThreading found PLATFORM (OnThreadingCondition)

   TaskExecutorConfigurations.ThreadPoolTaskExecutorBuilderConfiguration#threadPoolTaskExecutorBuilder matched:
      - @ConditionalOnMissingBean (types: org.springframework.boot.task.TaskExecutorBuilder,org.springframework.boot.task.ThreadPoolTaskExecutorBuilder; SearchStrategy: all) did not find any beans (OnBeanCondition)

   TaskSchedulingAutoConfiguration matched:
      - @ConditionalOnClass found required class 'org.springframework.scheduling.concurrent.ThreadPoolTaskScheduler' (OnClassCondition)

   TaskSchedulingConfigurations.SimpleAsyncTaskSchedulerBuilderConfiguration#simpleAsyncTaskSchedulerBuilder matched:
      - @ConditionalOnMissingBean (types: org.springframework.boot.task.SimpleAsyncTaskSchedulerBuilder; SearchStrategy: all) did not find any beans (OnBeanCondition)
      - @ConditionalOnThreading found PLATFORM (OnThreadingCondition)

   TaskSchedulingConfigurations.TaskSchedulerBuilderConfiguration#taskSchedulerBuilder matched:
      - @ConditionalOnMissingBean (types: org.springframework.boot.task.TaskSchedulerBuilder; SearchStrategy: all) did not find any beans (OnBeanCondition)

   TaskSchedulingConfigurations.ThreadPoolTaskSchedulerBuilderConfiguration#threadPoolTaskSchedulerBuilder matched:
      - @ConditionalOnMissingBean (types: org.springframework.boot.task.TaskSchedulerBuilder,org.springframework.boot.task.ThreadPoolTaskSchedulerBuilder; SearchStrategy: all) did not find any beans (OnBeanCondition)

   TransactionAutoConfiguration matched:
      - @ConditionalOnClass found required class 'org.springframework.transaction.PlatformTransactionManager' (OnClassCondition)

   TransactionAutoConfiguration.EnableTransactionManagementConfiguration matched:
      - @ConditionalOnBean (types: org.springframework.transaction.TransactionManager; SearchStrategy: all) found bean 'transactionManager'; @ConditionalOnMissingBean (types: org.springframework.transaction.annotation.AbstractTransactionManagementConfiguration; SearchStrategy: all) did not find any beans (OnBeanCondition)

   TransactionAutoConfiguration.EnableTransactionManagementConfiguration.CglibAutoProxyConfiguration matched:
      - @ConditionalOnProperty (spring.aop.proxy-target-class=true) matched (OnPropertyCondition)

   TransactionAutoConfiguration.TransactionTemplateConfiguration matched:
      - @ConditionalOnSingleCandidate (types: org.springframework.transaction.PlatformTransactionManager; SearchStrategy: all) found a single bean 'transactionManager' (OnBeanCondition)

   TransactionAutoConfiguration.TransactionTemplateConfiguration#transactionTemplate matched:
      - @ConditionalOnMissingBean (types: org.springframework.transaction.support.TransactionOperations; SearchStrategy: all) did not find any beans (OnBeanCondition)

   TransactionManagerCustomizationAutoConfiguration matched:
      - @ConditionalOnClass found required class 'org.springframework.transaction.PlatformTransactionManager' (OnClassCondition)

   TransactionManagerCustomizationAutoConfiguration#platformTransactionManagerCustomizers matched:
      - @ConditionalOnMissingBean (types: org.springframework.boot.autoconfigure.transaction.TransactionManagerCustomizers; SearchStrategy: all) did not find any beans (OnBeanCondition)

   ValidationAutoConfiguration matched:
      - @ConditionalOnClass found required class 'jakarta.validation.executable.ExecutableValidator' (OnClassCondition)
      - @ConditionalOnResource found location classpath:META-INF/services/jakarta.validation.spi.ValidationProvider (OnResourceCondition)

   ValidationAutoConfiguration#defaultValidator matched:
      - @ConditionalOnMissingBean (types: jakarta.validation.Validator; SearchStrategy: all) did not find any beans (OnBeanCondition)

   ValidationAutoConfiguration#methodValidationPostProcessor matched:
      - @ConditionalOnMissingBean (types: org.springframework.validation.beanvalidation.MethodValidationPostProcessor; SearchStrategy: current) did not find any beans (OnBeanCondition)

   WebMvcAutoConfiguration matched:
      - @ConditionalOnClass found required classes 'jakarta.servlet.Servlet', 'org.springframework.web.servlet.DispatcherServlet', 'org.springframework.web.servlet.config.annotation.WebMvcConfigurer' (OnClassCondition)
      - found 'session' scope (OnWebApplicationCondition)
      - @ConditionalOnMissingBean (types: org.springframework.web.servlet.config.annotation.WebMvcConfigurationSupport; SearchStrategy: all) did not find any beans (OnBeanCondition)

   WebMvcAutoConfiguration#formContentFilter matched:
      - @ConditionalOnProperty (spring.mvc.formcontent.filter.enabled) matched (OnPropertyCondition)
      - @ConditionalOnMissingBean (types: org.springframework.web.filter.FormContentFilter; SearchStrategy: all) did not find any beans (OnBeanCondition)

   WebMvcAutoConfiguration.EnableWebMvcConfiguration#flashMapManager matched:
      - @ConditionalOnMissingBean (names: flashMapManager; SearchStrategy: all) did not find any beans (OnBeanCondition)

   WebMvcAutoConfiguration.EnableWebMvcConfiguration#localeResolver matched:
      - @ConditionalOnMissingBean (names: localeResolver; SearchStrategy: all) did not find any beans (OnBeanCondition)

   WebMvcAutoConfiguration.EnableWebMvcConfiguration#themeResolver matched:
      - @ConditionalOnMissingBean (names: themeResolver; SearchStrategy: all) did not find any beans (OnBeanCondition)

   WebMvcAutoConfiguration.WebMvcAutoConfigurationAdapter#defaultViewResolver matched:
      - @ConditionalOnMissingBean (types: org.springframework.web.servlet.view.InternalResourceViewResolver; SearchStrategy: all) did not find any beans (OnBeanCondition)

   WebMvcAutoConfiguration.WebMvcAutoConfigurationAdapter#requestContextFilter matched:
      - @ConditionalOnMissingBean (types: org.springframework.web.context.request.RequestContextListener,org.springframework.web.filter.RequestContextFilter; SearchStrategy: all) did not find any beans (OnBeanCondition)

   WebMvcAutoConfiguration.WebMvcAutoConfigurationAdapter#viewResolver matched:
      - @ConditionalOnBean (types: org.springframework.web.servlet.ViewResolver; SearchStrategy: all) found beans 'defaultViewResolver', 'beanNameViewResolver', 'mvcViewResolver'; @ConditionalOnMissingBean (names: viewResolver types: org.springframework.web.servlet.view.ContentNegotiatingViewResolver; SearchStrategy: all) did not find any beans (OnBeanCondition)

   WebSocketServletAutoConfiguration matched:
      - @ConditionalOnClass found required classes 'jakarta.servlet.Servlet', 'jakarta.websocket.server.ServerContainer' (OnClassCondition)
      - found 'session' scope (OnWebApplicationCondition)

   WebSocketServletAutoConfiguration.TomcatWebSocketConfiguration matched:
      - @ConditionalOnClass found required classes 'org.apache.catalina.startup.Tomcat', 'org.apache.tomcat.websocket.server.WsSci' (OnClassCondition)

   WebSocketServletAutoConfiguration.TomcatWebSocketConfiguration#websocketServletWebServerCustomizer matched:
      - @ConditionalOnMissingBean (names: websocketServletWebServerCustomizer; SearchStrategy: all) did not find any beans (OnBeanCondition)


Negative matches:
-----------------

   ActiveMQAutoConfiguration:
      Did not match:
         - @ConditionalOnClass did not find required class 'jakarta.jms.ConnectionFactory' (OnClassCondition)

   AopAutoConfiguration.AspectJAutoProxyingConfiguration.JdkDynamicAutoProxyConfiguration:
      Did not match:
         - @ConditionalOnProperty (spring.aop.proxy-target-class=false) did not find property 'proxy-target-class' (OnPropertyCondition)

   AopAutoConfiguration.ClassProxyingConfiguration:
      Did not match:
         - @ConditionalOnMissingClass found unwanted class 'org.aspectj.weaver.Advice' (OnClassCondition)

   ArtemisAutoConfiguration:
      Did not match:
         - @ConditionalOnClass did not find required class 'jakarta.jms.ConnectionFactory' (OnClassCondition)

   BatchAutoConfiguration:
      Did not match:
         - @ConditionalOnClass did not find required class 'org.springframework.batch.core.launch.JobLauncher' (OnClassCondition)

   Cache2kCacheConfiguration:
      Did not match:
         - @ConditionalOnClass did not find required class 'org.cache2k.Cache2kBuilder' (OnClassCondition)

   CacheAutoConfiguration:
      Did not match:
         - @ConditionalOnBean (types: org.springframework.cache.interceptor.CacheAspectSupport; SearchStrategy: all) did not find any beans of type org.springframework.cache.interceptor.CacheAspectSupport (OnBeanCondition)
      Matched:
         - @ConditionalOnClass found required class 'org.springframework.cache.CacheManager' (OnClassCondition)

   CacheAutoConfiguration.CacheManagerEntityManagerFactoryDependsOnPostProcessor:
      Did not match:
         - Ancestor org.springframework.boot.autoconfigure.cache.CacheAutoConfiguration did not match (ConditionEvaluationReport.AncestorsMatchedCondition)
      Matched:
         - @ConditionalOnClass found required class 'org.springframework.orm.jpa.LocalContainerEntityManagerFactoryBean' (OnClassCondition)

   CaffeineCacheConfiguration:
      Did not match:
         - @ConditionalOnClass did not find required class 'com.github.benmanes.caffeine.cache.Caffeine' (OnClassCondition)

   CassandraAutoConfiguration:
      Did not match:
         - @ConditionalOnClass did not find required class 'com.datastax.oss.driver.api.core.CqlSession' (OnClassCondition)

   CassandraDataAutoConfiguration:
      Did not match:
         - @ConditionalOnClass did not find required class 'com.datastax.oss.driver.api.core.CqlSession' (OnClassCondition)

   CassandraReactiveDataAutoConfiguration:
      Did not match:
         - @ConditionalOnClass did not find required class 'com.datastax.oss.driver.api.core.CqlSession' (OnClassCondition)

   CassandraReactiveRepositoriesAutoConfiguration:
      Did not match:
         - @ConditionalOnClass did not find required class 'org.springframework.data.cassandra.ReactiveSession' (OnClassCondition)

   CassandraRepositoriesAutoConfiguration:
      Did not match:
         - @ConditionalOnClass did not find required class 'com.datastax.oss.driver.api.core.CqlSession' (OnClassCondition)

   ClientHttpConnectorAutoConfiguration:
      Did not match:
         - @ConditionalOnClass did not find required class 'org.springframework.web.reactive.function.client.WebClient' (OnClassCondition)

   CodecsAutoConfiguration:
      Did not match:
         - @ConditionalOnClass did not find required class 'org.springframework.web.reactive.function.client.WebClient' (OnClassCondition)

   CouchbaseAutoConfiguration:
      Did not match:
         - @ConditionalOnClass did not find required class 'com.couchbase.client.java.Cluster' (OnClassCondition)

   CouchbaseCacheConfiguration:
      Did not match:
         - @ConditionalOnClass did not find required class 'com.couchbase.client.java.Cluster' (OnClassCondition)

   CouchbaseDataAutoConfiguration:
      Did not match:
         - @ConditionalOnClass did not find required class 'com.couchbase.client.java.Bucket' (OnClassCondition)

   CouchbaseReactiveDataAutoConfiguration:
      Did not match:
         - @ConditionalOnClass did not find required class 'com.couchbase.client.java.Cluster' (OnClassCondition)

   CouchbaseReactiveRepositoriesAutoConfiguration:
      Did not match:
         - @ConditionalOnClass did not find required class 'com.couchbase.client.java.Cluster' (OnClassCondition)

   CouchbaseRepositoriesAutoConfiguration:
      Did not match:
         - @ConditionalOnClass did not find required class 'com.couchbase.client.java.Bucket' (OnClassCondition)

   DataSourceAutoConfiguration.EmbeddedDatabaseConfiguration:
      Did not match:
         - EmbeddedDataSource spring.datasource.url is set (DataSourceAutoConfiguration.EmbeddedDatabaseCondition)

   DataSourceCheckpointRestoreConfiguration:
      Did not match:
         - @ConditionalOnClass did not find required class 'org.crac.Resource' (OnClassCondition)

   DataSourceConfiguration.Dbcp2:
      Did not match:
         - @ConditionalOnClass did not find required class 'org.apache.commons.dbcp2.BasicDataSource' (OnClassCondition)

   DataSourceConfiguration.Generic:
      Did not match:
         - @ConditionalOnProperty (spring.datasource.type) did not find property 'spring.datasource.type' (OnPropertyCondition)

   DataSourceConfiguration.OracleUcp:
      Did not match:
         - @ConditionalOnClass did not find required classes 'oracle.ucp.jdbc.PoolDataSourceImpl', 'oracle.jdbc.OracleConnection' (OnClassCondition)

   DataSourceConfiguration.Tomcat:
      Did not match:
         - @ConditionalOnClass did not find required class 'org.apache.tomcat.jdbc.pool.DataSource' (OnClassCondition)

   DataSourceJmxConfiguration.TomcatDataSourceJmxConfiguration:
      Did not match:
         - @ConditionalOnClass did not find required class 'org.apache.tomcat.jdbc.pool.DataSourceProxy' (OnClassCondition)

   DataSourcePoolMetadataProvidersConfiguration.CommonsDbcp2PoolDataSourceMetadataProviderConfiguration:
      Did not match:
         - @ConditionalOnClass did not find required class 'org.apache.commons.dbcp2.BasicDataSource' (OnClassCondition)

   DataSourcePoolMetadataProvidersConfiguration.OracleUcpPoolDataSourceMetadataProviderConfiguration:
      Did not match:
         - @ConditionalOnClass did not find required classes 'oracle.ucp.jdbc.PoolDataSource', 'oracle.jdbc.OracleConnection' (OnClassCondition)

   DataSourcePoolMetadataProvidersConfiguration.TomcatDataSourcePoolMetadataProviderConfiguration:
      Did not match:
         - @ConditionalOnClass did not find required class 'org.apache.tomcat.jdbc.pool.DataSource' (OnClassCondition)

   DataSourceTransactionManagerAutoConfiguration.JdbcTransactionManagerConfiguration#transactionManager:
      Did not match:
         - @ConditionalOnMissingBean (types: org.springframework.transaction.TransactionManager; SearchStrategy: all) found beans of type 'org.springframework.transaction.TransactionManager' transactionManager (OnBeanCondition)

   DevToolsR2dbcAutoConfiguration:
      Did not match:
         - @ConditionalOnClass did not find required class 'io.r2dbc.spi.ConnectionFactory' (OnClassCondition)

   DispatcherServletAutoConfiguration.DispatcherServletConfiguration#multipartResolver:
      Did not match:
         - @ConditionalOnBean (types: org.springframework.web.multipart.MultipartResolver; SearchStrategy: all) did not find any beans of type org.springframework.web.multipart.MultipartResolver (OnBeanCondition)

   ElasticsearchClientAutoConfiguration:
      Did not match:
         - @ConditionalOnClass did not find required class 'co.elastic.clients.elasticsearch.ElasticsearchClient' (OnClassCondition)

   ElasticsearchDataAutoConfiguration:
      Did not match:
         - @ConditionalOnClass did not find required class 'org.springframework.data.elasticsearch.client.elc.ElasticsearchTemplate' (OnClassCondition)

   ElasticsearchRepositoriesAutoConfiguration:
      Did not match:
         - @ConditionalOnClass did not find required class 'org.springframework.data.elasticsearch.repository.ElasticsearchRepository' (OnClassCondition)

   ElasticsearchRestClientAutoConfiguration:
      Did not match:
         - @ConditionalOnClass did not find required class 'org.elasticsearch.client.RestClientBuilder' (OnClassCondition)

   EmbeddedLdapAutoConfiguration:
      Did not match:
         - @ConditionalOnClass did not find required class 'com.unboundid.ldap.listener.InMemoryDirectoryServer' (OnClassCondition)

   EmbeddedWebServerFactoryCustomizerAutoConfiguration.JettyWebServerFactoryCustomizerConfiguration:
      Did not match:
         - @ConditionalOnClass did not find required classes 'org.eclipse.jetty.server.Server', 'org.eclipse.jetty.util.Loader', 'org.eclipse.jetty.ee10.webapp.WebAppContext' (OnClassCondition)

   EmbeddedWebServerFactoryCustomizerAutoConfiguration.NettyWebServerFactoryCustomizerConfiguration:
      Did not match:
         - @ConditionalOnClass did not find required class 'reactor.netty.http.server.HttpServer' (OnClassCondition)

   EmbeddedWebServerFactoryCustomizerAutoConfiguration.TomcatWebServerFactoryCustomizerConfiguration#tomcatVirtualThreadsProtocolHandlerCustomizer:
      Did not match:
         - @ConditionalOnThreading did not find VIRTUAL (OnThreadingCondition)

   EmbeddedWebServerFactoryCustomizerAutoConfiguration.UndertowWebServerFactoryCustomizerConfiguration:
      Did not match:
         - @ConditionalOnClass did not find required classes 'io.undertow.Undertow', 'org.xnio.SslClientAuthMode' (OnClassCondition)

   ErrorWebFluxAutoConfiguration:
      Did not match:
         - @ConditionalOnClass did not find required class 'org.springframework.web.reactive.config.WebFluxConfigurer' (OnClassCondition)

   FlywayAutoConfiguration:
      Did not match:
         - @ConditionalOnClass did not find required class 'org.flywaydb.core.Flyway' (OnClassCondition)

   FreeMarkerAutoConfiguration:
      Did not match:
         - @ConditionalOnClass did not find required class 'freemarker.template.Configuration' (OnClassCondition)

   GraphQlAutoConfiguration:
      Did not match:
         - @ConditionalOnClass did not find required class 'graphql.GraphQL' (OnClassCondition)

   GraphQlQueryByExampleAutoConfiguration:
      Did not match:
         - @ConditionalOnClass did not find required class 'graphql.GraphQL' (OnClassCondition)

   GraphQlQuerydslAutoConfiguration:
      Did not match:
         - @ConditionalOnClass did not find required class 'com.querydsl.core.Query' (OnClassCondition)

   GraphQlRSocketAutoConfiguration:
      Did not match:
         - @ConditionalOnClass did not find required class 'graphql.GraphQL' (OnClassCondition)

   GraphQlReactiveQueryByExampleAutoConfiguration:
      Did not match:
         - @ConditionalOnClass did not find required class 'graphql.GraphQL' (OnClassCondition)

   GraphQlReactiveQuerydslAutoConfiguration:
      Did not match:
         - @ConditionalOnClass did not find required class 'com.querydsl.core.Query' (OnClassCondition)

   GraphQlWebFluxAutoConfiguration:
      Did not match:
         - @ConditionalOnClass did not find required class 'graphql.GraphQL' (OnClassCondition)

   GraphQlWebFluxSecurityAutoConfiguration:
      Did not match:
         - @ConditionalOnClass did not find required class 'graphql.GraphQL' (OnClassCondition)

   GraphQlWebMvcAutoConfiguration:
      Did not match:
         - @ConditionalOnClass did not find required class 'graphql.GraphQL' (OnClassCondition)

   GraphQlWebMvcSecurityAutoConfiguration:
      Did not match:
         - @ConditionalOnClass did not find required class 'graphql.GraphQL' (OnClassCondition)

   GroovyTemplateAutoConfiguration:
      Did not match:
         - @ConditionalOnClass did not find required class 'groovy.text.markup.MarkupTemplateEngine' (OnClassCondition)

   GsonAutoConfiguration:
      Did not match:
         - @ConditionalOnClass did not find required class 'com.google.gson.Gson' (OnClassCondition)

   GsonHttpMessageConvertersConfiguration:
      Did not match:
         - @ConditionalOnClass did not find required class 'com.google.gson.Gson' (OnClassCondition)

   HazelcastAutoConfiguration:
      Did not match:
         - @ConditionalOnClass did not find required class 'com.hazelcast.core.HazelcastInstance' (OnClassCondition)

   HazelcastCacheConfiguration:
      Did not match:
         - @ConditionalOnClass did not find required class 'com.hazelcast.core.HazelcastInstance' (OnClassCondition)

   HazelcastJpaDependencyAutoConfiguration:
      Did not match:
         - @ConditionalOnClass did not find required class 'com.hazelcast.core.HazelcastInstance' (OnClassCondition)

   HttpHandlerAutoConfiguration:
      Did not match:
         - @ConditionalOnClass did not find required class 'org.springframework.web.reactive.DispatcherHandler' (OnClassCondition)

   HypermediaAutoConfiguration:
      Did not match:
         - @ConditionalOnClass did not find required class 'org.springframework.hateoas.EntityModel' (OnClassCondition)

   InfinispanCacheConfiguration:
      Did not match:
         - @ConditionalOnClass did not find required class 'org.infinispan.spring.embedded.provider.SpringEmbeddedCacheManager' (OnClassCondition)

   InfluxDbAutoConfiguration:
      Did not match:
         - @ConditionalOnClass did not find required class 'org.influxdb.InfluxDB' (OnClassCondition)

   IntegrationAutoConfiguration:
      Did not match:
         - @ConditionalOnClass did not find required class 'org.springframework.integration.config.EnableIntegration' (OnClassCondition)

   JCacheCacheConfiguration:
      Did not match:
         - @ConditionalOnClass did not find required class 'javax.cache.Caching' (OnClassCondition)

   JacksonHttpMessageConvertersConfiguration.MappingJackson2XmlHttpMessageConverterConfiguration:
      Did not match:
         - @ConditionalOnClass did not find required class 'com.fasterxml.jackson.dataformat.xml.XmlMapper' (OnClassCondition)

   JdbcRepositoriesAutoConfiguration:
      Did not match:
         - @ConditionalOnClass did not find required class 'org.springframework.data.jdbc.repository.config.AbstractJdbcConfiguration' (OnClassCondition)

   JerseyAutoConfiguration:
      Did not match:
         - @ConditionalOnClass did not find required class 'org.glassfish.jersey.server.spring.SpringComponentProvider' (OnClassCondition)

   JmsAutoConfiguration:
      Did not match:
         - @ConditionalOnClass did not find required class 'jakarta.jms.Message' (OnClassCondition)

   JmxAutoConfiguration:
      Did not match:
         - @ConditionalOnProperty (spring.jmx.enabled=true) did not find property 'enabled' (OnPropertyCondition)
      Matched:
         - @ConditionalOnClass found required class 'org.springframework.jmx.export.MBeanExporter' (OnClassCondition)

   JndiConnectionFactoryAutoConfiguration:
      Did not match:
         - @ConditionalOnClass did not find required class 'org.springframework.jms.core.JmsTemplate' (OnClassCondition)

   JndiDataSourceAutoConfiguration:
      Did not match:
         - @ConditionalOnProperty (spring.datasource.jndi-name) did not find property 'jndi-name' (OnPropertyCondition)
      Matched:
         - @ConditionalOnClass found required classes 'javax.sql.DataSource', 'org.springframework.jdbc.datasource.embedded.EmbeddedDatabaseType' (OnClassCondition)

   JndiJtaConfiguration:
      Did not match:
         - @ConditionalOnJndi JNDI environment is not available (OnJndiCondition)
      Matched:
         - @ConditionalOnClass found required class 'org.springframework.transaction.jta.JtaTransactionManager' (OnClassCondition)

   JooqAutoConfiguration:
      Did not match:
         - @ConditionalOnClass did not find required class 'org.jooq.DSLContext' (OnClassCondition)

   JpaRepositoriesAutoConfiguration#entityManagerFactoryBootstrapExecutorCustomizer:
      Did not match:
         - AnyNestedCondition 0 matched 2 did not; NestedCondition on JpaRepositoriesAutoConfiguration.BootstrapExecutorCondition.LazyBootstrapMode @ConditionalOnProperty (spring.data.jpa.repositories.bootstrap-mode=lazy) did not find property 'bootstrap-mode'; NestedCondition on JpaRepositoriesAutoConfiguration.BootstrapExecutorCondition.DeferredBootstrapMode @ConditionalOnProperty (spring.data.jpa.repositories.bootstrap-mode=deferred) did not find property 'bootstrap-mode' (JpaRepositoriesAutoConfiguration.BootstrapExecutorCondition)

   JsonbAutoConfiguration:
      Did not match:
         - @ConditionalOnClass did not find required class 'jakarta.json.bind.Jsonb' (OnClassCondition)

   JsonbHttpMessageConvertersConfiguration:
      Did not match:
         - @ConditionalOnClass did not find required class 'jakarta.json.bind.Jsonb' (OnClassCondition)

   KafkaAutoConfiguration:
      Did not match:
         - @ConditionalOnClass did not find required class 'org.springframework.kafka.core.KafkaTemplate' (OnClassCondition)

   LdapAutoConfiguration:
      Did not match:
         - @ConditionalOnClass did not find required class 'org.springframework.ldap.core.ContextSource' (OnClassCondition)

   LdapRepositoriesAutoConfiguration:
      Did not match:
         - @ConditionalOnClass did not find required class 'org.springframework.data.ldap.repository.LdapRepository' (OnClassCondition)

   LiquibaseAutoConfiguration:
      Did not match:
         - @ConditionalOnClass did not find required class 'liquibase.change.DatabaseChange' (OnClassCondition)

   MailSenderAutoConfiguration:
      Did not match:
         - @ConditionalOnClass did not find required class 'jakarta.mail.internet.MimeMessage' (OnClassCondition)

   MailSenderValidatorAutoConfiguration:
      Did not match:
         - @ConditionalOnSingleCandidate did not find required type 'org.springframework.mail.javamail.JavaMailSenderImpl' (OnBeanCondition)

   MessageSourceAutoConfiguration:
      Did not match:
         - ResourceBundle did not find bundle with basename messages (MessageSourceAutoConfiguration.ResourceBundleCondition)

   MongoAutoConfiguration:
      Did not match:
         - @ConditionalOnClass did not find required class 'com.mongodb.client.MongoClient' (OnClassCondition)

   MongoDataAutoConfiguration:
      Did not match:
         - @ConditionalOnClass did not find required class 'com.mongodb.client.MongoClient' (OnClassCondition)

   MongoReactiveAutoConfiguration:
      Did not match:
         - @ConditionalOnClass did not find required class 'com.mongodb.reactivestreams.client.MongoClient' (OnClassCondition)

   MongoReactiveDataAutoConfiguration:
      Did not match:
         - @ConditionalOnClass did not find required class 'com.mongodb.reactivestreams.client.MongoClient' (OnClassCondition)

   MongoReactiveRepositoriesAutoConfiguration:
      Did not match:
         - @ConditionalOnClass did not find required class 'com.mongodb.reactivestreams.client.MongoClient' (OnClassCondition)

   MongoRepositoriesAutoConfiguration:
      Did not match:
         - @ConditionalOnClass did not find required class 'com.mongodb.client.MongoClient' (OnClassCondition)

   MustacheAutoConfiguration:
      Did not match:
         - @ConditionalOnClass did not find required class 'com.samskivert.mustache.Mustache' (OnClassCondition)

   Neo4jAutoConfiguration:
      Did not match:
         - @ConditionalOnClass did not find required class 'org.neo4j.driver.Driver' (OnClassCondition)

   Neo4jDataAutoConfiguration:
      Did not match:
         - @ConditionalOnClass did not find required class 'org.neo4j.driver.Driver' (OnClassCondition)

   Neo4jReactiveDataAutoConfiguration:
      Did not match:
         - @ConditionalOnClass did not find required class 'org.neo4j.driver.Driver' (OnClassCondition)

   Neo4jReactiveRepositoriesAutoConfiguration:
      Did not match:
         - @ConditionalOnClass did not find required class 'org.neo4j.driver.Driver' (OnClassCondition)

   Neo4jRepositoriesAutoConfiguration:
      Did not match:
         - @ConditionalOnClass did not find required class 'org.neo4j.driver.Driver' (OnClassCondition)

   NettyAutoConfiguration:
      Did not match:
         - @ConditionalOnClass did not find required class 'io.netty.util.NettyRuntime' (OnClassCondition)

   OAuth2AuthorizationServerAutoConfiguration:
      Did not match:
         - @ConditionalOnClass did not find required class 'org.springframework.security.oauth2.server.authorization.OAuth2Authorization' (OnClassCondition)

   OAuth2AuthorizationServerJwtAutoConfiguration:
      Did not match:
         - @ConditionalOnClass did not find required class 'org.springframework.security.oauth2.server.authorization.OAuth2Authorization' (OnClassCondition)

   OAuth2ClientAutoConfiguration:
      Did not match:
         - @ConditionalOnClass did not find required class 'org.springframework.security.config.annotation.web.configuration.EnableWebSecurity' (OnClassCondition)

   OAuth2ResourceServerAutoConfiguration:
      Did not match:
         - @ConditionalOnClass did not find required class 'org.springframework.security.oauth2.server.resource.authentication.BearerTokenAuthenticationToken' (OnClassCondition)

   ProjectInfoAutoConfiguration#buildProperties:
      Did not match:
         - @ConditionalOnResource did not find resource '${spring.info.build.location:classpath:META-INF/build-info.properties}' (OnResourceCondition)

   ProjectInfoAutoConfiguration#gitProperties:
      Did not match:
         - GitResource did not find git info at classpath:git.properties (ProjectInfoAutoConfiguration.GitResourceAvailableCondition)

   PulsarAutoConfiguration:
      Did not match:
         - @ConditionalOnClass did not find required class 'org.apache.pulsar.client.api.PulsarClient' (OnClassCondition)

   PulsarReactiveAutoConfiguration:
      Did not match:
         - @ConditionalOnClass did not find required class 'org.apache.pulsar.client.api.PulsarClient' (OnClassCondition)

   QuartzAutoConfiguration:
      Did not match:
         - @ConditionalOnClass did not find required class 'org.quartz.Scheduler' (OnClassCondition)

   R2dbcAutoConfiguration:
      Did not match:
         - @ConditionalOnClass did not find required class 'io.r2dbc.spi.ConnectionFactory' (OnClassCondition)

   R2dbcDataAutoConfiguration:
      Did not match:
         - @ConditionalOnClass did not find required class 'org.springframework.data.r2dbc.core.R2dbcEntityTemplate' (OnClassCondition)

   R2dbcInitializationConfiguration:
      Did not match:
         - @ConditionalOnClass did not find required classes 'io.r2dbc.spi.ConnectionFactory', 'org.springframework.r2dbc.connection.init.DatabasePopulator' (OnClassCondition)

   R2dbcRepositoriesAutoConfiguration:
      Did not match:
         - @ConditionalOnClass did not find required class 'io.r2dbc.spi.ConnectionFactory' (OnClassCondition)

   R2dbcTransactionManagerAutoConfiguration:
      Did not match:
         - @ConditionalOnClass did not find required class 'org.springframework.r2dbc.connection.R2dbcTransactionManager' (OnClassCondition)

   RSocketGraphQlClientAutoConfiguration:
      Did not match:
         - @ConditionalOnClass did not find required class 'graphql.GraphQL' (OnClassCondition)

   RSocketMessagingAutoConfiguration:
      Did not match:
         - @ConditionalOnClass did not find required class 'io.rsocket.RSocket' (OnClassCondition)

   RSocketRequesterAutoConfiguration:
      Did not match:
         - @ConditionalOnClass did not find required class 'io.rsocket.RSocket' (OnClassCondition)

   RSocketSecurityAutoConfiguration:
      Did not match:
         - @ConditionalOnClass did not find required class 'org.springframework.security.rsocket.core.SecuritySocketAcceptorInterceptor' (OnClassCondition)

   RSocketServerAutoConfiguration:
      Did not match:
         - @ConditionalOnClass did not find required class 'io.rsocket.core.RSocketServer' (OnClassCondition)

   RSocketStrategiesAutoConfiguration:
      Did not match:
         - @ConditionalOnClass did not find required class 'io.netty.buffer.PooledByteBufAllocator' (OnClassCondition)

   RabbitAutoConfiguration:
      Did not match:
         - @ConditionalOnClass did not find required class 'com.rabbitmq.client.Channel' (OnClassCondition)

   ReactiveElasticsearchClientAutoConfiguration:
      Did not match:
         - @ConditionalOnClass did not find required class 'co.elastic.clients.transport.ElasticsearchTransport' (OnClassCondition)

   ReactiveElasticsearchRepositoriesAutoConfiguration:
      Did not match:
         - @ConditionalOnClass did not find required class 'reactor.core.publisher.Mono' (OnClassCondition)

   ReactiveMultipartAutoConfiguration:
      Did not match:
         - @ConditionalOnClass did not find required class 'org.springframework.web.reactive.config.WebFluxConfigurer' (OnClassCondition)

   ReactiveOAuth2ClientAutoConfiguration:
      Did not match:
         - @ConditionalOnClass did not find required class 'reactor.core.publisher.Flux' (OnClassCondition)

   ReactiveOAuth2ResourceServerAutoConfiguration:
      Did not match:
         - @ConditionalOnClass did not find required class 'org.springframework.security.config.annotation.web.reactive.EnableWebFluxSecurity' (OnClassCondition)

   ReactiveSecurityAutoConfiguration:
      Did not match:
         - @ConditionalOnClass did not find required class 'reactor.core.publisher.Flux' (OnClassCondition)

   ReactiveUserDetailsServiceAutoConfiguration:
      Did not match:
         - @ConditionalOnClass did not find required class 'org.springframework.security.authentication.ReactiveAuthenticationManager' (OnClassCondition)

   ReactiveWebServerFactoryAutoConfiguration:
      Did not match:
         - @ConditionalOnWebApplication did not find reactive web application classes (OnWebApplicationCondition)

   ReactorAutoConfiguration:
      Did not match:
         - @ConditionalOnClass did not find required class 'reactor.core.publisher.Hooks' (OnClassCondition)

   RedisAutoConfiguration:
      Did not match:
         - @ConditionalOnClass did not find required class 'org.springframework.data.redis.core.RedisOperations' (OnClassCondition)

   RedisCacheConfiguration:
      Did not match:
         - @ConditionalOnClass did not find required class 'org.springframework.data.redis.connection.RedisConnectionFactory' (OnClassCondition)

   RedisReactiveAutoConfiguration:
      Did not match:
         - @ConditionalOnClass did not find required class 'reactor.core.publisher.Flux' (OnClassCondition)

   RedisRepositoriesAutoConfiguration:
      Did not match:
         - @ConditionalOnClass did not find required class 'org.springframework.data.redis.repository.configuration.EnableRedisRepositories' (OnClassCondition)

   RemoteDevToolsAutoConfiguration:
      Did not match:
         - @ConditionalOnProperty (spring.devtools.remote.secret) did not find property 'secret' (OnPropertyCondition)
      Matched:
         - @ConditionalOnClass found required classes 'jakarta.servlet.Filter', 'org.springframework.http.server.ServerHttpRequest' (OnClassCondition)

   RepositoryRestMvcAutoConfiguration:
      Did not match:
         - @ConditionalOnClass did not find required class 'org.springframework.data.rest.webmvc.config.RepositoryRestMvcConfiguration' (OnClassCondition)

   Saml2RelyingPartyAutoConfiguration:
      Did not match:
         - @ConditionalOnClass did not find required class 'org.springframework.security.saml2.provider.service.registration.RelyingPartyRegistrationRepository' (OnClassCondition)

   SecurityAutoConfiguration:
      Did not match:
         - @ConditionalOnClass did not find required class 'org.springframework.security.authentication.DefaultAuthenticationEventPublisher' (OnClassCondition)

   SecurityFilterAutoConfiguration:
      Did not match:
         - @ConditionalOnClass did not find required class 'org.springframework.security.config.http.SessionCreationPolicy' (OnClassCondition)

   SendGridAutoConfiguration:
      Did not match:
         - @ConditionalOnClass did not find required class 'com.sendgrid.SendGrid' (OnClassCondition)

   ServletWebServerFactoryAutoConfiguration.ForwardedHeaderFilterConfiguration:
      Did not match:
         - @ConditionalOnProperty (server.forward-headers-strategy=framework) did not find property 'server.forward-headers-strategy' (OnPropertyCondition)

   ServletWebServerFactoryConfiguration.EmbeddedJetty:
      Did not match:
         - @ConditionalOnClass did not find required classes 'org.eclipse.jetty.server.Server', 'org.eclipse.jetty.util.Loader', 'org.eclipse.jetty.ee10.webapp.WebAppContext' (OnClassCondition)

   ServletWebServerFactoryConfiguration.EmbeddedUndertow:
      Did not match:
         - @ConditionalOnClass did not find required classes 'io.undertow.Undertow', 'org.xnio.SslClientAuthMode' (OnClassCondition)

   SessionAutoConfiguration:
      Did not match:
         - @ConditionalOnClass did not find required class 'org.springframework.session.Session' (OnClassCondition)

   SpringApplicationAdminJmxAutoConfiguration:
      Did not match:
         - @ConditionalOnProperty (spring.application.admin.enabled=true) did not find property 'enabled' (OnPropertyCondition)

   TaskExecutorConfigurations.SimpleAsyncTaskExecutorBuilderConfiguration#simpleAsyncTaskExecutorBuilderVirtualThreads:
      Did not match:
         - @ConditionalOnMissingBean (types: org.springframework.boot.task.SimpleAsyncTaskExecutorBuilder; SearchStrategy: all) found beans of type 'org.springframework.boot.task.SimpleAsyncTaskExecutorBuilder' simpleAsyncTaskExecutorBuilder (OnBeanCondition)

   TaskExecutorConfigurations.TaskExecutorConfiguration#applicationTaskExecutorVirtualThreads:
      Did not match:
         - @ConditionalOnThreading did not find VIRTUAL (OnThreadingCondition)

   TaskSchedulingAutoConfiguration#scheduledBeanLazyInitializationExcludeFilter:
      Did not match:
         - @ConditionalOnBean (names: org.springframework.context.annotation.internalScheduledAnnotationProcessor; SearchStrategy: all) did not find any beans named org.springframework.context.annotation.internalScheduledAnnotationProcessor (OnBeanCondition)

   TaskSchedulingConfigurations.SimpleAsyncTaskSchedulerBuilderConfiguration#simpleAsyncTaskSchedulerBuilderVirtualThreads:
      Did not match:
         - @ConditionalOnMissingBean (types: org.springframework.boot.task.SimpleAsyncTaskSchedulerBuilder; SearchStrategy: all) found beans of type 'org.springframework.boot.task.SimpleAsyncTaskSchedulerBuilder' simpleAsyncTaskSchedulerBuilder (OnBeanCondition)

   TaskSchedulingConfigurations.TaskSchedulerConfiguration:
      Did not match:
         - @ConditionalOnBean (names: org.springframework.context.annotation.internalScheduledAnnotationProcessor; SearchStrategy: all) did not find any beans named org.springframework.context.annotation.internalScheduledAnnotationProcessor (OnBeanCondition)

   ThymeleafAutoConfiguration:
      Did not match:
         - @ConditionalOnClass did not find required class 'org.thymeleaf.spring6.SpringTemplateEngine' (OnClassCondition)

   TransactionAutoConfiguration#transactionalOperator:
      Did not match:
         - @ConditionalOnSingleCandidate (types: org.springframework.transaction.ReactiveTransactionManager; SearchStrategy: all) did not find any beans (OnBeanCondition)

   TransactionAutoConfiguration.AspectJTransactionManagementConfiguration:
      Did not match:
         - @ConditionalOnBean (types: org.springframework.transaction.aspectj.AbstractTransactionAspect; SearchStrategy: all) did not find any beans of type org.springframework.transaction.aspectj.AbstractTransactionAspect (OnBeanCondition)

   TransactionAutoConfiguration.EnableTransactionManagementConfiguration.JdkDynamicAutoProxyConfiguration:
      Did not match:
         - @ConditionalOnProperty (spring.aop.proxy-target-class=false) did not find property 'proxy-target-class' (OnPropertyCondition)

   UserDetailsServiceAutoConfiguration:
      Did not match:
         - @ConditionalOnClass did not find required class 'org.springframework.security.authentication.AuthenticationManager' (OnClassCondition)

   WebClientAutoConfiguration:
      Did not match:
         - @ConditionalOnClass did not find required class 'org.springframework.web.reactive.function.client.WebClient' (OnClassCondition)

   WebFluxAutoConfiguration:
      Did not match:
         - @ConditionalOnClass did not find required class 'org.springframework.web.reactive.config.WebFluxConfigurer' (OnClassCondition)

   WebMvcAutoConfiguration#hiddenHttpMethodFilter:
      Did not match:
         - @ConditionalOnProperty (spring.mvc.hiddenmethod.filter.enabled) did not find property 'enabled' (OnPropertyCondition)

   WebMvcAutoConfiguration.ProblemDetailsErrorHandlingConfiguration:
      Did not match:
         - @ConditionalOnProperty (spring.mvc.problemdetails.enabled=true) did not find property 'enabled' (OnPropertyCondition)

   WebMvcAutoConfiguration.ResourceChainCustomizerConfiguration:
      Did not match:
         - @ConditionalOnEnabledResourceChain did not find class org.webjars.WebJarAssetLocator (OnEnabledResourceChainCondition)

   WebMvcAutoConfiguration.WebMvcAutoConfigurationAdapter#beanNameViewResolver:
      Did not match:
         - @ConditionalOnMissingBean (types: org.springframework.web.servlet.view.BeanNameViewResolver; SearchStrategy: all) found beans of type 'org.springframework.web.servlet.view.BeanNameViewResolver' beanNameViewResolver (OnBeanCondition)

   WebServiceTemplateAutoConfiguration:
      Did not match:
         - @ConditionalOnClass did not find required class 'org.springframework.oxm.Marshaller' (OnClassCondition)

   WebServicesAutoConfiguration:
      Did not match:
         - @ConditionalOnClass did not find required class 'org.springframework.ws.transport.http.MessageDispatcherServlet' (OnClassCondition)

   WebSessionIdResolverAutoConfiguration:
      Did not match:
         - @ConditionalOnClass did not find required class 'reactor.core.publisher.Mono' (OnClassCondition)

   WebSocketMessagingAutoConfiguration:
      Did not match:
         - @ConditionalOnClass did not find required class 'org.springframework.web.socket.config.annotation.WebSocketMessageBrokerConfigurer' (OnClassCondition)

   WebSocketReactiveAutoConfiguration:
      Did not match:
         - @ConditionalOnWebApplication did not find reactive web application classes (OnWebApplicationCondition)

   WebSocketServletAutoConfiguration.JettyWebSocketConfiguration:
      Did not match:
         - @ConditionalOnClass did not find required class 'org.eclipse.jetty.ee10.websocket.jakarta.server.config.JakartaWebSocketServletContainerInitializer' (OnClassCondition)

   WebSocketServletAutoConfiguration.UndertowWebSocketConfiguration:
      Did not match:
         - @ConditionalOnClass did not find required class 'io.undertow.websockets.jsr.Bootstrap' (OnClassCondition)

   XADataSourceAutoConfiguration:
      Did not match:
         - @ConditionalOnBean (types: org.springframework.boot.jdbc.XADataSourceWrapper; SearchStrategy: all) did not find any beans of type org.springframework.boot.jdbc.XADataSourceWrapper (OnBeanCondition)
      Matched:
         - @ConditionalOnClass found required classes 'javax.sql.DataSource', 'jakarta.transaction.TransactionManager', 'org.springframework.jdbc.datasource.embedded.EmbeddedDatabaseType' (OnClassCondition)


Exclusions:
-----------

    None


Unconditional classes:
----------------------

    org.springframework.boot.autoconfigure.context.ConfigurationPropertiesAutoConfiguration

    org.springframework.boot.autoconfigure.ssl.SslAutoConfiguration

    org.springframework.boot.autoconfigure.context.LifecycleAutoConfiguration

    org.springframework.boot.autoconfigure.context.PropertyPlaceholderAutoConfiguration

    org.springframework.boot.autoconfigure.availability.ApplicationAvailabilityAutoConfiguration

    org.springframework.boot.autoconfigure.info.ProjectInfoAutoConfiguration



2026-06-30T16:30:49.057-03:00  INFO 18924 --- [loja-jogos-api] [  restartedMain] com.lojajogos.LojaJogosApplication       : Started LojaJogosApplication in 4.204 seconds (process running for 4.564)
2026-06-30T16:30:49.058-03:00 DEBUG 18924 --- [loja-jogos-api] [  restartedMain] o.s.b.a.ApplicationAvailabilityBean      : Application availability state LivenessState changed to CORRECT
2026-06-30T16:30:49.180-03:00 DEBUG 18924 --- [loja-jogos-api] [  restartedMain] org.hibernate.SQL                        : select j1_0.id,j1_0.categoria,j1_0.nome,j1_0.plataforma,j1_0.preco from jogos j1_0
Hibernate: select j1_0.id,j1_0.categoria,j1_0.nome,j1_0.plataforma,j1_0.preco from jogos j1_0
2026-06-30T16:30:49.213-03:00 DEBUG 18924 --- [loja-jogos-api] [  restartedMain] org.hibernate.SQL                        : insert into jogos (categoria,nome,plataforma,preco,id) values (?,?,?,?,default)
Hibernate: insert into jogos (categoria,nome,plataforma,preco,id) values (?,?,?,?,default)
2026-06-30T16:30:49.228-03:00 DEBUG 18924 --- [loja-jogos-api] [  restartedMain] org.hibernate.SQL                        : insert into jogos (categoria,nome,plataforma,preco,id) values (?,?,?,?,default)
Hibernate: insert into jogos (categoria,nome,plataforma,preco,id) values (?,?,?,?,default)
2026-06-30T16:30:49.230-03:00 DEBUG 18924 --- [loja-jogos-api] [  restartedMain] org.hibernate.SQL                        : insert into jogos (categoria,nome,plataforma,preco,id) values (?,?,?,?,default)
Hibernate: insert into jogos (categoria,nome,plataforma,preco,id) values (?,?,?,?,default)
2026-06-30T16:30:49.231-03:00 DEBUG 18924 --- [loja-jogos-api] [  restartedMain] org.hibernate.SQL                        : insert into jogos (categoria,nome,plataforma,preco,id) values (?,?,?,?,default)
Hibernate: insert into jogos (categoria,nome,plataforma,preco,id) values (?,?,?,?,default)
2026-06-30T16:30:49.232-03:00 DEBUG 18924 --- [loja-jogos-api] [  restartedMain] org.hibernate.SQL                        : insert into jogos (categoria,nome,plataforma,preco,id) values (?,?,?,?,default)
Hibernate: insert into jogos (categoria,nome,plataforma,preco,id) values (?,?,?,?,default)
2026-06-30T16:30:49.233-03:00 DEBUG 18924 --- [loja-jogos-api] [  restartedMain] org.hibernate.SQL                        : insert into jogos (categoria,nome,plataforma,preco,id) values (?,?,?,?,default)
Hibernate: insert into jogos (categoria,nome,plataforma,preco,id) values (?,?,?,?,default)
2026-06-30T16:30:49.234-03:00 DEBUG 18924 --- [loja-jogos-api] [  restartedMain] org.hibernate.SQL                        : insert into jogos (categoria,nome,plataforma,preco,id) values (?,?,?,?,default)
Hibernate: insert into jogos (categoria,nome,plataforma,preco,id) values (?,?,?,?,default)
2026-06-30T16:30:49.235-03:00 DEBUG 18924 --- [loja-jogos-api] [  restartedMain] org.hibernate.SQL                        : insert into jogos (categoria,nome,plataforma,preco,id) values (?,?,?,?,default)
Hibernate: insert into jogos (categoria,nome,plataforma,preco,id) values (?,?,?,?,default)
2026-06-30T16:30:49.236-03:00 DEBUG 18924 --- [loja-jogos-api] [  restartedMain] org.hibernate.SQL                        : insert into jogos (categoria,nome,plataforma,preco,id) values (?,?,?,?,default)
Hibernate: insert into jogos (categoria,nome,plataforma,preco,id) values (?,?,?,?,default)
2026-06-30T16:30:49.237-03:00 DEBUG 18924 --- [loja-jogos-api] [  restartedMain] org.hibernate.SQL                        : insert into jogos (categoria,nome,plataforma,preco,id) values (?,?,?,?,default)
Hibernate: insert into jogos (categoria,nome,plataforma,preco,id) values (?,?,?,?,default)
2026-06-30T16:30:49.238-03:00 DEBUG 18924 --- [loja-jogos-api] [  restartedMain] org.hibernate.SQL                        : insert into jogos (categoria,nome,plataforma,preco,id) values (?,?,?,?,default)
Hibernate: insert into jogos (categoria,nome,plataforma,preco,id) values (?,?,?,?,default)
2026-06-30T16:30:49.238-03:00 DEBUG 18924 --- [loja-jogos-api] [  restartedMain] org.hibernate.SQL                        : insert into jogos (categoria,nome,plataforma,preco,id) values (?,?,?,?,default)
Hibernate: insert into jogos (categoria,nome,plataforma,preco,id) values (?,?,?,?,default)
2026-06-30T16:30:49.240-03:00 DEBUG 18924 --- [loja-jogos-api] [  restartedMain] org.hibernate.SQL                        : insert into jogos (categoria,nome,plataforma,preco,id) values (?,?,?,?,default)
Hibernate: insert into jogos (categoria,nome,plataforma,preco,id) values (?,?,?,?,default)
2026-06-30T16:30:49.242-03:00 DEBUG 18924 --- [loja-jogos-api] [  restartedMain] org.hibernate.SQL                        : insert into jogos (categoria,nome,plataforma,preco,id) values (?,?,?,?,default)
Hibernate: insert into jogos (categoria,nome,plataforma,preco,id) values (?,?,?,?,default)
2026-06-30T16:30:49.243-03:00 DEBUG 18924 --- [loja-jogos-api] [  restartedMain] org.hibernate.SQL                        : insert into jogos (categoria,nome,plataforma,preco,id) values (?,?,?,?,default)
Hibernate: insert into jogos (categoria,nome,plataforma,preco,id) values (?,?,?,?,default)
2026-06-30T16:30:49.245-03:00 DEBUG 18924 --- [loja-jogos-api] [  restartedMain] org.hibernate.SQL                        : insert into jogos (categoria,nome,plataforma,preco,id) values (?,?,?,?,default)
Hibernate: insert into jogos (categoria,nome,plataforma,preco,id) values (?,?,?,?,default)
2026-06-30T16:30:49.246-03:00 DEBUG 18924 --- [loja-jogos-api] [  restartedMain] org.hibernate.SQL                        : insert into jogos (categoria,nome,plataforma,preco,id) values (?,?,?,?,default)
Hibernate: insert into jogos (categoria,nome,plataforma,preco,id) values (?,?,?,?,default)
2026-06-30T16:30:49.247-03:00 DEBUG 18924 --- [loja-jogos-api] [  restartedMain] org.hibernate.SQL                        : insert into jogos (categoria,nome,plataforma,preco,id) values (?,?,?,?,default)
Hibernate: insert into jogos (categoria,nome,plataforma,preco,id) values (?,?,?,?,default)
2026-06-30T16:30:49.248-03:00 DEBUG 18924 --- [loja-jogos-api] [  restartedMain] org.hibernate.SQL                        : insert into jogos (categoria,nome,plataforma,preco,id) values (?,?,?,?,default)
Hibernate: insert into jogos (categoria,nome,plataforma,preco,id) values (?,?,?,?,default)
2026-06-30T16:30:49.249-03:00 DEBUG 18924 --- [loja-jogos-api] [  restartedMain] org.hibernate.SQL                        : insert into jogos (categoria,nome,plataforma,preco,id) values (?,?,?,?,default)
Hibernate: insert into jogos (categoria,nome,plataforma,preco,id) values (?,?,?,?,default)
2026-06-30T16:30:49.249-03:00 DEBUG 18924 --- [loja-jogos-api] [  restartedMain] org.hibernate.SQL                        : insert into jogos (categoria,nome,plataforma,preco,id) values (?,?,?,?,default)
Hibernate: insert into jogos (categoria,nome,plataforma,preco,id) values (?,?,?,?,default)
2026-06-30T16:30:49.251-03:00 DEBUG 18924 --- [loja-jogos-api] [  restartedMain] org.hibernate.SQL                        : insert into jogos (categoria,nome,plataforma,preco,id) values (?,?,?,?,default)
Hibernate: insert into jogos (categoria,nome,plataforma,preco,id) values (?,?,?,?,default)
2026-06-30T16:30:49.251-03:00 DEBUG 18924 --- [loja-jogos-api] [  restartedMain] org.hibernate.SQL                        : insert into jogos (categoria,nome,plataforma,preco,id) values (?,?,?,?,default)
Hibernate: insert into jogos (categoria,nome,plataforma,preco,id) values (?,?,?,?,default)
2026-06-30T16:30:49.252-03:00 DEBUG 18924 --- [loja-jogos-api] [  restartedMain] org.hibernate.SQL                        : insert into jogos (categoria,nome,plataforma,preco,id) values (?,?,?,?,default)
Hibernate: insert into jogos (categoria,nome,plataforma,preco,id) values (?,?,?,?,default)
2026-06-30T16:30:49.253-03:00 DEBUG 18924 --- [loja-jogos-api] [  restartedMain] org.hibernate.SQL                        : insert into jogos (categoria,nome,plataforma,preco,id) values (?,?,?,?,default)
Hibernate: insert into jogos (categoria,nome,plataforma,preco,id) values (?,?,?,?,default)
2026-06-30T16:30:49.254-03:00 DEBUG 18924 --- [loja-jogos-api] [  restartedMain] org.hibernate.SQL                        : insert into jogos (categoria,nome,plataforma,preco,id) values (?,?,?,?,default)
Hibernate: insert into jogos (categoria,nome,plataforma,preco,id) values (?,?,?,?,default)
2026-06-30T16:30:49.255-03:00 DEBUG 18924 --- [loja-jogos-api] [  restartedMain] org.hibernate.SQL                        : insert into jogos (categoria,nome,plataforma,preco,id) values (?,?,?,?,default)
Hibernate: insert into jogos (categoria,nome,plataforma,preco,id) values (?,?,?,?,default)
2026-06-30T16:30:49.256-03:00 DEBUG 18924 --- [loja-jogos-api] [  restartedMain] org.hibernate.SQL                        : insert into jogos (categoria,nome,plataforma,preco,id) values (?,?,?,?,default)
Hibernate: insert into jogos (categoria,nome,plataforma,preco,id) values (?,?,?,?,default)
2026-06-30T16:30:49.258-03:00 DEBUG 18924 --- [loja-jogos-api] [  restartedMain] org.hibernate.SQL                        : insert into jogos (categoria,nome,plataforma,preco,id) values (?,?,?,?,default)
Hibernate: insert into jogos (categoria,nome,plataforma,preco,id) values (?,?,?,?,default)
2026-06-30T16:30:49.259-03:00 DEBUG 18924 --- [loja-jogos-api] [  restartedMain] org.hibernate.SQL                        : insert into jogos (categoria,nome,plataforma,preco,id) values (?,?,?,?,default)
Hibernate: insert into jogos (categoria,nome,plataforma,preco,id) values (?,?,?,?,default)
2026-06-30T16:30:49.260-03:00 DEBUG 18924 --- [loja-jogos-api] [  restartedMain] org.hibernate.SQL                        : insert into jogos (categoria,nome,plataforma,preco,id) values (?,?,?,?,default)
Hibernate: insert into jogos (categoria,nome,plataforma,preco,id) values (?,?,?,?,default)
2026-06-30T16:30:49.261-03:00 DEBUG 18924 --- [loja-jogos-api] [  restartedMain] org.hibernate.SQL                        : insert into jogos (categoria,nome,plataforma,preco,id) values (?,?,?,?,default)
Hibernate: insert into jogos (categoria,nome,plataforma,preco,id) values (?,?,?,?,default)
2026-06-30T16:30:49.263-03:00 DEBUG 18924 --- [loja-jogos-api] [  restartedMain] org.hibernate.SQL                        : insert into jogos (categoria,nome,plataforma,preco,id) values (?,?,?,?,default)
Hibernate: insert into jogos (categoria,nome,plataforma,preco,id) values (?,?,?,?,default)
2026-06-30T16:30:49.264-03:00 DEBUG 18924 --- [loja-jogos-api] [  restartedMain] org.hibernate.SQL                        : insert into jogos (categoria,nome,plataforma,preco,id) values (?,?,?,?,default)
Hibernate: insert into jogos (categoria,nome,plataforma,preco,id) values (?,?,?,?,default)
2026-06-30T16:30:49.265-03:00 DEBUG 18924 --- [loja-jogos-api] [  restartedMain] org.hibernate.SQL                        : insert into jogos (categoria,nome,plataforma,preco,id) values (?,?,?,?,default)
Hibernate: insert into jogos (categoria,nome,plataforma,preco,id) values (?,?,?,?,default)
2026-06-30T16:30:49.266-03:00 DEBUG 18924 --- [loja-jogos-api] [  restartedMain] org.hibernate.SQL                        : insert into jogos (categoria,nome,plataforma,preco,id) values (?,?,?,?,default)
Hibernate: insert into jogos (categoria,nome,plataforma,preco,id) values (?,?,?,?,default)
2026-06-30T16:30:49.267-03:00 DEBUG 18924 --- [loja-jogos-api] [  restartedMain] org.hibernate.SQL                        : insert into jogos (categoria,nome,plataforma,preco,id) values (?,?,?,?,default)
Hibernate: insert into jogos (categoria,nome,plataforma,preco,id) values (?,?,?,?,default)
2026-06-30T16:30:49.268-03:00 DEBUG 18924 --- [loja-jogos-api] [  restartedMain] org.hibernate.SQL                        : insert into jogos (categoria,nome,plataforma,preco,id) values (?,?,?,?,default)
Hibernate: insert into jogos (categoria,nome,plataforma,preco,id) values (?,?,?,?,default)
2026-06-30T16:30:49.269-03:00 DEBUG 18924 --- [loja-jogos-api] [  restartedMain] org.hibernate.SQL                        : insert into jogos (categoria,nome,plataforma,preco,id) values (?,?,?,?,default)
Hibernate: insert into jogos (categoria,nome,plataforma,preco,id) values (?,?,?,?,default)
2026-06-30T16:30:49.270-03:00 DEBUG 18924 --- [loja-jogos-api] [  restartedMain] org.hibernate.SQL                        : insert into jogos (categoria,nome,plataforma,preco,id) values (?,?,?,?,default)
Hibernate: insert into jogos (categoria,nome,plataforma,preco,id) values (?,?,?,?,default)
2026-06-30T16:30:49.270-03:00 DEBUG 18924 --- [loja-jogos-api] [  restartedMain] org.hibernate.SQL                        : insert into jogos (categoria,nome,plataforma,preco,id) values (?,?,?,?,default)
Hibernate: insert into jogos (categoria,nome,plataforma,preco,id) values (?,?,?,?,default)
2026-06-30T16:30:49.271-03:00 DEBUG 18924 --- [loja-jogos-api] [  restartedMain] org.hibernate.SQL                        : insert into jogos (categoria,nome,plataforma,preco,id) values (?,?,?,?,default)
Hibernate: insert into jogos (categoria,nome,plataforma,preco,id) values (?,?,?,?,default)
2026-06-30T16:30:49.272-03:00 DEBUG 18924 --- [loja-jogos-api] [  restartedMain] org.hibernate.SQL                        : insert into jogos (categoria,nome,plataforma,preco,id) values (?,?,?,?,default)
Hibernate: insert into jogos (categoria,nome,plataforma,preco,id) values (?,?,?,?,default)
2026-06-30T16:30:49.274-03:00 DEBUG 18924 --- [loja-jogos-api] [  restartedMain] org.hibernate.SQL                        : insert into jogos (categoria,nome,plataforma,preco,id) values (?,?,?,?,default)
Hibernate: insert into jogos (categoria,nome,plataforma,preco,id) values (?,?,?,?,default)
2026-06-30T16:30:49.288-03:00 DEBUG 18924 --- [loja-jogos-api] [  restartedMain] o.s.boot.devtools.restart.Restarter      : Creating new Restarter for thread Thread[main,5,main]
2026-06-30T16:30:49.288-03:00 DEBUG 18924 --- [loja-jogos-api] [  restartedMain] o.s.boot.devtools.restart.Restarter      : Immediately restarting application
2026-06-30T16:30:49.288-03:00 DEBUG 18924 --- [loja-jogos-api] [  restartedMain] o.s.boot.devtools.restart.Restarter      : Starting application com.lojajogos.LojaJogosApplication with URLs [file:/C:/Users/Pedro%20Henrique/OneDrive/Documentos/Serratec/Loja-Virtual-Jogos/loja-jogos-api/target/classes/]
2026-06-30T16:30:49.290-03:00 DEBUG 18924 --- [loja-jogos-api] [  restartedMain] o.s.b.a.ApplicationAvailabilityBean      : Application availability state ReadinessState changed to ACCEPTING_TRAFFIC
2026-06-30T16:31:08.262-03:00  INFO 18924 --- [loja-jogos-api] [nio-8080-exec-1] o.a.c.c.C.[Tomcat].[localhost].[/]       : Initializing Spring DispatcherServlet 'dispatcherServlet'
2026-06-30T16:31:08.263-03:00  INFO 18924 --- [loja-jogos-api] [nio-8080-exec-1] o.s.web.servlet.DispatcherServlet        : Initializing Servlet 'dispatcherServlet'
2026-06-30T16:31:08.263-03:00 DEBUG 18924 --- [loja-jogos-api] [nio-8080-exec-1] o.s.web.servlet.DispatcherServlet        : Detected StandardServletMultipartResolver
2026-06-30T16:31:08.263-03:00 DEBUG 18924 --- [loja-jogos-api] [nio-8080-exec-1] o.s.web.servlet.DispatcherServlet        : Detected AcceptHeaderLocaleResolver
2026-06-30T16:31:08.264-03:00 DEBUG 18924 --- [loja-jogos-api] [nio-8080-exec-1] o.s.web.servlet.DispatcherServlet        : Detected FixedThemeResolver
2026-06-30T16:31:08.264-03:00 DEBUG 18924 --- [loja-jogos-api] [nio-8080-exec-1] o.s.web.servlet.DispatcherServlet        : Detected org.springframework.web.servlet.view.DefaultRequestToViewNameTranslator@3fb717fe
2026-06-30T16:31:08.265-03:00 DEBUG 18924 --- [loja-jogos-api] [nio-8080-exec-1] o.s.web.servlet.DispatcherServlet        : Detected org.springframework.web.servlet.support.SessionFlashMapManager@1420ee2f
2026-06-30T16:31:08.265-03:00 DEBUG 18924 --- [loja-jogos-api] [nio-8080-exec-1] o.s.web.servlet.DispatcherServlet        : enableLoggingRequestDetails='false': request parameters and headers will be masked to prevent unsafe logging of potentially sensitive data
2026-06-30T16:31:08.266-03:00  INFO 18924 --- [loja-jogos-api] [nio-8080-exec-1] o.s.web.servlet.DispatcherServlet        : Completed initialization in 3 ms
2026-06-30T16:31:08.278-03:00 DEBUG 18924 --- [loja-jogos-api] [nio-8080-exec-1] o.s.web.servlet.DispatcherServlet        : GET "/pedidos", parameters={}
2026-06-30T16:31:08.286-03:00 DEBUG 18924 --- [loja-jogos-api] [nio-8080-exec-1] s.w.s.m.m.a.RequestMappingHandlerMapping : Mapped to com.lojajogos.controller.PedidoController#listarTodos()
2026-06-30T16:31:08.310-03:00 DEBUG 18924 --- [loja-jogos-api] [nio-8080-exec-1] org.hibernate.SQL                        : select p1_0.id,p1_0.cliente_id,p1_0.cupom_desconto,p1_0.data_pedido,p1_0.mensagemia,p1_0.perfil_cliente,p1_0.recomendacoes,p1_0.status_pedido,p1_0.valor_total from pedidos p1_0
Hibernate: select p1_0.id,p1_0.cliente_id,p1_0.cupom_desconto,p1_0.data_pedido,p1_0.mensagemia,p1_0.perfil_cliente,p1_0.recomendacoes,p1_0.status_pedido,p1_0.valor_total from pedidos p1_0
2026-06-30T16:31:08.326-03:00 DEBUG 18924 --- [loja-jogos-api] [nio-8080-exec-1] o.s.w.s.m.m.a.HttpEntityMethodProcessor  : Using 'application/json', given [*/*] and supported [application/json, application/*+json]
2026-06-30T16:31:08.328-03:00 DEBUG 18924 --- [loja-jogos-api] [nio-8080-exec-1] o.s.w.s.m.m.a.HttpEntityMethodProcessor  : Writing [[]]
2026-06-30T16:31:08.368-03:00 DEBUG 18924 --- [loja-jogos-api] [nio-8080-exec-1] o.s.web.servlet.DispatcherServlet        : Completed 200 OK
2026-06-30T16:31:23.707-03:00 DEBUG 18924 --- [loja-jogos-api] [nio-8080-exec-7] o.s.web.servlet.DispatcherServlet        : OPTIONS "/pedidos", parameters={}
2026-06-30T16:31:23.708-03:00 DEBUG 18924 --- [loja-jogos-api] [nio-8080-exec-7] s.w.s.m.m.a.RequestMappingHandlerMapping : Mapped to com.lojajogos.controller.PedidoController#salvar(PedidoRequestDTO)
2026-06-30T16:31:23.714-03:00 DEBUG 18924 --- [loja-jogos-api] [nio-8080-exec-7] o.s.web.servlet.DispatcherServlet        : Completed 200 OK
2026-06-30T16:31:23.941-03:00 DEBUG 18924 --- [loja-jogos-api] [nio-8080-exec-5] o.s.web.servlet.DispatcherServlet        : POST "/clientes", parameters={}
2026-06-30T16:31:23.942-03:00 DEBUG 18924 --- [loja-jogos-api] [nio-8080-exec-5] s.w.s.m.m.a.RequestMappingHandlerMapping : Mapped to com.lojajogos.controller.ClienteController#salvar(ClienteRequestDTO)
2026-06-30T16:31:23.982-03:00 DEBUG 18924 --- [loja-jogos-api] [nio-8080-exec-5] m.m.a.RequestResponseBodyMethodProcessor : Read "application/json;charset=UTF-8" to [ClienteRequestDTO[nome=Teste CORS, email=teste.cors.1782847883@exemplo.com, senha=123456, telefone=2 (truncated)...]
2026-06-30T16:31:24.036-03:00 DEBUG 18924 --- [loja-jogos-api] [nio-8080-exec-5] org.hibernate.SQL                        : insert into clientes (bairro,cep,cidade,email,nome,numero,pais,rua,senha,telefone,id) values (?,?,?,?,?,?,?,?,?,?,default)
Hibernate: insert into clientes (bairro,cep,cidade,email,nome,numero,pais,rua,senha,telefone,id) values (?,?,?,?,?,?,?,?,?,?,default)
2026-06-30T16:31:24.041-03:00 DEBUG 18924 --- [loja-jogos-api] [nio-8080-exec-5] o.s.w.s.m.m.a.HttpEntityMethodProcessor  : Using 'application/json', given [*/*] and supported [application/json, application/*+json]
2026-06-30T16:31:24.042-03:00 DEBUG 18924 --- [loja-jogos-api] [nio-8080-exec-5] o.s.w.s.m.m.a.HttpEntityMethodProcessor  : Writing [ClienteResponseDTO[id=1, nome=Teste CORS, email=teste.cors.1782847883@exemplo.com, telefone=24999999 (truncated)...]
2026-06-30T16:31:24.044-03:00 DEBUG 18924 --- [loja-jogos-api] [nio-8080-exec-5] o.s.web.servlet.DispatcherServlet        : Completed 201 CREATED
2026-06-30T16:31:24.098-03:00 DEBUG 18924 --- [loja-jogos-api] [nio-8080-exec-6] o.s.web.servlet.DispatcherServlet        : POST "/pedidos", parameters={}
2026-06-30T16:31:24.100-03:00 DEBUG 18924 --- [loja-jogos-api] [nio-8080-exec-6] s.w.s.m.m.a.RequestMappingHandlerMapping : Mapped to com.lojajogos.controller.PedidoController#salvar(PedidoRequestDTO)
2026-06-30T16:31:24.113-03:00 DEBUG 18924 --- [loja-jogos-api] [nio-8080-exec-6] m.m.a.RequestResponseBodyMethodProcessor : Read "application/json;charset=UTF-8" to [PedidoRequestDTO[clienteId=1, itens=[ItemPedidoRequestDTO[jogoId=1, quantidade=1]], statusPedido=PEN (truncated)...]
2026-06-30T16:31:24.127-03:00 DEBUG 18924 --- [loja-jogos-api] [nio-8080-exec-6] org.hibernate.SQL                        : select c1_0.id,c1_0.bairro,c1_0.cep,c1_0.cidade,c1_0.email,c1_0.nome,c1_0.numero,c1_0.pais,c1_0.rua,c1_0.senha,c1_0.telefone from clientes c1_0 where c1_0.id=?
Hibernate: select c1_0.id,c1_0.bairro,c1_0.cep,c1_0.cidade,c1_0.email,c1_0.nome,c1_0.numero,c1_0.pais,c1_0.rua,c1_0.senha,c1_0.telefone from clientes c1_0 where c1_0.id=?
2026-06-30T16:31:24.131-03:00 DEBUG 18924 --- [loja-jogos-api] [nio-8080-exec-6] org.hibernate.SQL                        : select j1_0.id,j1_0.categoria,j1_0.nome,j1_0.plataforma,j1_0.preco from jogos j1_0 where j1_0.id=?
Hibernate: select j1_0.id,j1_0.categoria,j1_0.nome,j1_0.plataforma,j1_0.preco from jogos j1_0 where j1_0.id=?
2026-06-30T16:31:24.134-03:00 DEBUG 18924 --- [loja-jogos-api] [nio-8080-exec-6] org.hibernate.SQL                        : insert into pedidos (cliente_id,cupom_desconto,data_pedido,mensagemia,perfil_cliente,recomendacoes,status_pedido,valor_total,id) values (?,?,?,?,?,?,?,?,default)
Hibernate: insert into pedidos (cliente_id,cupom_desconto,data_pedido,mensagemia,perfil_cliente,recomendacoes,status_pedido,valor_total,id) values (?,?,?,?,?,?,?,?,default)
2026-06-30T16:31:24.137-03:00 DEBUG 18924 --- [loja-jogos-api] [nio-8080-exec-6] org.hibernate.SQL                        : insert into itens_pedido (jogo_id,pedido_id,quantidade,id) values (?,?,?,default)
Hibernate: insert into itens_pedido (jogo_id,pedido_id,quantidade,id) values (?,?,?,default)
2026-06-30T16:31:24.150-03:00 DEBUG 18924 --- [loja-jogos-api] [nio-8080-exec-6] o.s.web.client.RestTemplate              : HTTP POST http://localhost:5678/webhook-test/pedidos
2026-06-30T16:31:24.157-03:00 DEBUG 18924 --- [loja-jogos-api] [nio-8080-exec-6] o.s.web.client.RestTemplate              : Accept=[application/json, application/*+json]
2026-06-30T16:31:24.160-03:00 DEBUG 18924 --- [loja-jogos-api] [nio-8080-exec-6] o.s.web.client.RestTemplate              : Writing [{cliente=Teste CORS, cidade=Petrópolis, produtos=[Halo Infinite], valorTotal=199.90, id=1}] with org.springframework.http.converter.json.MappingJackson2HttpMessageConverter
2026-06-30T16:31:24.168-03:00 ERROR 18924 --- [loja-jogos-api] [nio-8080-exec-6] com.lojajogos.service.PedidoService      : Erro ao enviar pedido 1 para automação n8n: I/O error on POST request for "http://localhost:5678/webhook-test/pedidos": Connection refused: no further information

org.springframework.web.client.ResourceAccessException: I/O error on POST request for "http://localhost:5678/webhook-test/pedidos": Connection refused: no further information
	at org.springframework.web.client.RestTemplate.createResourceAccessException(RestTemplate.java:915) ~[spring-web-6.1.14.jar:6.1.14]
	at org.springframework.web.client.RestTemplate.doExecute(RestTemplate.java:895) ~[spring-web-6.1.14.jar:6.1.14]
	at org.springframework.web.client.RestTemplate.execute(RestTemplate.java:790) ~[spring-web-6.1.14.jar:6.1.14]
	at org.springframework.web.client.RestTemplate.postForEntity(RestTemplate.java:538) ~[spring-web-6.1.14.jar:6.1.14]
	at com.lojajogos.service.PedidoService.enviarPedidoParaAutomacao(PedidoService.java:199) ~[classes/:na]
	at com.lojajogos.service.PedidoService.salvar(PedidoService.java:54) ~[classes/:na]
	at java.base/jdk.internal.reflect.NativeMethodAccessorImpl.invoke0(Native Method) ~[na:na]
	at java.base/jdk.internal.reflect.NativeMethodAccessorImpl.invoke(NativeMethodAccessorImpl.java:77) ~[na:na]
	at java.base/jdk.internal.reflect.DelegatingMethodAccessorImpl.invoke(DelegatingMethodAccessorImpl.java:43) ~[na:na]
	at java.base/java.lang.reflect.Method.invoke(Method.java:568) ~[na:na]
	at org.springframework.aop.support.AopUtils.invokeJoinpointUsingReflection(AopUtils.java:355) ~[spring-aop-6.1.14.jar:6.1.14]
	at org.springframework.aop.framework.ReflectiveMethodInvocation.invokeJoinpoint(ReflectiveMethodInvocation.java:196) ~[spring-aop-6.1.14.jar:6.1.14]
	at org.springframework.aop.framework.ReflectiveMethodInvocation.proceed(ReflectiveMethodInvocation.java:163) ~[spring-aop-6.1.14.jar:6.1.14]
	at org.springframework.aop.framework.CglibAopProxy$CglibMethodInvocation.proceed(CglibAopProxy.java:768) ~[spring-aop-6.1.14.jar:6.1.14]
	at org.springframework.transaction.interceptor.TransactionAspectSupport.invokeWithinTransaction(TransactionAspectSupport.java:379) ~[spring-tx-6.1.14.jar:6.1.14]
	at org.springframework.transaction.interceptor.TransactionInterceptor.invoke(TransactionInterceptor.java:119) ~[spring-tx-6.1.14.jar:6.1.14]
	at org.springframework.aop.framework.ReflectiveMethodInvocation.proceed(ReflectiveMethodInvocation.java:184) ~[spring-aop-6.1.14.jar:6.1.14]
	at org.springframework.aop.framework.CglibAopProxy$CglibMethodInvocation.proceed(CglibAopProxy.java:768) ~[spring-aop-6.1.14.jar:6.1.14]
	at org.springframework.aop.framework.CglibAopProxy$DynamicAdvisedInterceptor.intercept(CglibAopProxy.java:720) ~[spring-aop-6.1.14.jar:6.1.14]
	at com.lojajogos.service.PedidoService$$SpringCGLIB$$0.salvar(<generated>) ~[classes/:na]
	at com.lojajogos.controller.PedidoController.salvar(PedidoController.java:32) ~[classes/:na]
	at java.base/jdk.internal.reflect.NativeMethodAccessorImpl.invoke0(Native Method) ~[na:na]
	at java.base/jdk.internal.reflect.NativeMethodAccessorImpl.invoke(NativeMethodAccessorImpl.java:77) ~[na:na]
	at java.base/jdk.internal.reflect.DelegatingMethodAccessorImpl.invoke(DelegatingMethodAccessorImpl.java:43) ~[na:na]
	at java.base/java.lang.reflect.Method.invoke(Method.java:568) ~[na:na]
	at org.springframework.web.method.support.InvocableHandlerMethod.doInvoke(InvocableHandlerMethod.java:255) ~[spring-web-6.1.14.jar:6.1.14]
	at org.springframework.web.method.support.InvocableHandlerMethod.invokeForRequest(InvocableHandlerMethod.java:188) ~[spring-web-6.1.14.jar:6.1.14]
	at org.springframework.web.servlet.mvc.method.annotation.ServletInvocableHandlerMethod.invokeAndHandle(ServletInvocableHandlerMethod.java:118) ~[spring-webmvc-6.1.14.jar:6.1.14]
	at org.springframework.web.servlet.mvc.method.annotation.RequestMappingHandlerAdapter.invokeHandlerMethod(RequestMappingHandlerAdapter.java:926) ~[spring-webmvc-6.1.14.jar:6.1.14]
	at org.springframework.web.servlet.mvc.method.annotation.RequestMappingHandlerAdapter.handleInternal(RequestMappingHandlerAdapter.java:831) ~[spring-webmvc-6.1.14.jar:6.1.14]
	at org.springframework.web.servlet.mvc.method.AbstractHandlerMethodAdapter.handle(AbstractHandlerMethodAdapter.java:87) ~[spring-webmvc-6.1.14.jar:6.1.14]
	at org.springframework.web.servlet.DispatcherServlet.doDispatch(DispatcherServlet.java:1089) ~[spring-webmvc-6.1.14.jar:6.1.14]
	at org.springframework.web.servlet.DispatcherServlet.doService(DispatcherServlet.java:979) ~[spring-webmvc-6.1.14.jar:6.1.14]
	at org.springframework.web.servlet.FrameworkServlet.processRequest(FrameworkServlet.java:1014) ~[spring-webmvc-6.1.14.jar:6.1.14]
	at org.springframework.web.servlet.FrameworkServlet.doPost(FrameworkServlet.java:914) ~[spring-webmvc-6.1.14.jar:6.1.14]
	at jakarta.servlet.http.HttpServlet.service(HttpServlet.java:590) ~[tomcat-embed-core-10.1.31.jar:6.0]
	at org.springframework.web.servlet.FrameworkServlet.service(FrameworkServlet.java:885) ~[spring-webmvc-6.1.14.jar:6.1.14]
	at jakarta.servlet.http.HttpServlet.service(HttpServlet.java:658) ~[tomcat-embed-core-10.1.31.jar:6.0]
	at org.apache.catalina.core.ApplicationFilterChain.internalDoFilter(ApplicationFilterChain.java:195) ~[tomcat-embed-core-10.1.31.jar:10.1.31]
	at org.apache.catalina.core.ApplicationFilterChain.doFilter(ApplicationFilterChain.java:140) ~[tomcat-embed-core-10.1.31.jar:10.1.31]
	at org.apache.tomcat.websocket.server.WsFilter.doFilter(WsFilter.java:51) ~[tomcat-embed-websocket-10.1.31.jar:10.1.31]
	at org.apache.catalina.core.ApplicationFilterChain.internalDoFilter(ApplicationFilterChain.java:164) ~[tomcat-embed-core-10.1.31.jar:10.1.31]
	at org.apache.catalina.core.ApplicationFilterChain.doFilter(ApplicationFilterChain.java:140) ~[tomcat-embed-core-10.1.31.jar:10.1.31]
	at org.springframework.web.filter.RequestContextFilter.doFilterInternal(RequestContextFilter.java:100) ~[spring-web-6.1.14.jar:6.1.14]
	at org.springframework.web.filter.OncePerRequestFilter.doFilter(OncePerRequestFilter.java:116) ~[spring-web-6.1.14.jar:6.1.14]
	at org.apache.catalina.core.ApplicationFilterChain.internalDoFilter(ApplicationFilterChain.java:164) ~[tomcat-embed-core-10.1.31.jar:10.1.31]
	at org.apache.catalina.core.ApplicationFilterChain.doFilter(ApplicationFilterChain.java:140) ~[tomcat-embed-core-10.1.31.jar:10.1.31]
	at org.springframework.web.filter.FormContentFilter.doFilterInternal(FormContentFilter.java:93) ~[spring-web-6.1.14.jar:6.1.14]
	at org.springframework.web.filter.OncePerRequestFilter.doFilter(OncePerRequestFilter.java:116) ~[spring-web-6.1.14.jar:6.1.14]
	at org.apache.catalina.core.ApplicationFilterChain.internalDoFilter(ApplicationFilterChain.java:164) ~[tomcat-embed-core-10.1.31.jar:10.1.31]
	at org.apache.catalina.core.ApplicationFilterChain.doFilter(ApplicationFilterChain.java:140) ~[tomcat-embed-core-10.1.31.jar:10.1.31]
	at org.springframework.web.filter.CharacterEncodingFilter.doFilterInternal(CharacterEncodingFilter.java:201) ~[spring-web-6.1.14.jar:6.1.14]
	at org.springframework.web.filter.OncePerRequestFilter.doFilter(OncePerRequestFilter.java:116) ~[spring-web-6.1.14.jar:6.1.14]
	at org.apache.catalina.core.ApplicationFilterChain.internalDoFilter(ApplicationFilterChain.java:164) ~[tomcat-embed-core-10.1.31.jar:10.1.31]
	at org.apache.catalina.core.ApplicationFilterChain.doFilter(ApplicationFilterChain.java:140) ~[tomcat-embed-core-10.1.31.jar:10.1.31]
	at org.apache.catalina.core.StandardWrapperValve.invoke(StandardWrapperValve.java:167) ~[tomcat-embed-core-10.1.31.jar:10.1.31]
	at org.apache.catalina.core.StandardContextValve.invoke(StandardContextValve.java:90) ~[tomcat-embed-core-10.1.31.jar:10.1.31]
	at org.apache.catalina.authenticator.AuthenticatorBase.invoke(AuthenticatorBase.java:483) ~[tomcat-embed-core-10.1.31.jar:10.1.31]
	at org.apache.catalina.core.StandardHostValve.invoke(StandardHostValve.java:115) ~[tomcat-embed-core-10.1.31.jar:10.1.31]
	at org.apache.catalina.valves.ErrorReportValve.invoke(ErrorReportValve.java:93) ~[tomcat-embed-core-10.1.31.jar:10.1.31]
	at org.apache.catalina.core.StandardEngineValve.invoke(StandardEngineValve.java:74) ~[tomcat-embed-core-10.1.31.jar:10.1.31]
	at org.apache.catalina.connector.CoyoteAdapter.service(CoyoteAdapter.java:344) ~[tomcat-embed-core-10.1.31.jar:10.1.31]
	at org.apache.coyote.http11.Http11Processor.service(Http11Processor.java:384) ~[tomcat-embed-core-10.1.31.jar:10.1.31]
	at org.apache.coyote.AbstractProcessorLight.process(AbstractProcessorLight.java:63) ~[tomcat-embed-core-10.1.31.jar:10.1.31]
	at org.apache.coyote.AbstractProtocol$ConnectionHandler.process(AbstractProtocol.java:905) ~[tomcat-embed-core-10.1.31.jar:10.1.31]
	at org.apache.tomcat.util.net.NioEndpoint$SocketProcessor.doRun(NioEndpoint.java:1741) ~[tomcat-embed-core-10.1.31.jar:10.1.31]
	at org.apache.tomcat.util.net.SocketProcessorBase.run(SocketProcessorBase.java:52) ~[tomcat-embed-core-10.1.31.jar:10.1.31]
	at org.apache.tomcat.util.threads.ThreadPoolExecutor.runWorker(ThreadPoolExecutor.java:1190) ~[tomcat-embed-core-10.1.31.jar:10.1.31]
	at org.apache.tomcat.util.threads.ThreadPoolExecutor$Worker.run(ThreadPoolExecutor.java:659) ~[tomcat-embed-core-10.1.31.jar:10.1.31]
	at org.apache.tomcat.util.threads.TaskThread$WrappingRunnable.run(TaskThread.java:63) ~[tomcat-embed-core-10.1.31.jar:10.1.31]
	at java.base/java.lang.Thread.run(Thread.java:842) ~[na:na]
Caused by: java.net.ConnectException: Connection refused: no further information
	at java.base/sun.nio.ch.Net.pollConnect(Native Method) ~[na:na]
	at java.base/sun.nio.ch.Net.pollConnectNow(Net.java:672) ~[na:na]
	at java.base/sun.nio.ch.NioSocketImpl.timedFinishConnect(NioSocketImpl.java:547) ~[na:na]
	at java.base/sun.nio.ch.NioSocketImpl.connect(NioSocketImpl.java:602) ~[na:na]
	at java.base/java.net.Socket.connect(Socket.java:633) ~[na:na]
	at java.base/sun.net.NetworkClient.doConnect(NetworkClient.java:178) ~[na:na]
	at java.base/sun.net.www.http.HttpClient.openServer(HttpClient.java:534) ~[na:na]
	at java.base/sun.net.www.http.HttpClient.openServer(HttpClient.java:639) ~[na:na]
	at java.base/sun.net.www.http.HttpClient.<init>(HttpClient.java:282) ~[na:na]
	at java.base/sun.net.www.http.HttpClient.New(HttpClient.java:387) ~[na:na]
	at java.base/sun.net.www.http.HttpClient.New(HttpClient.java:409) ~[na:na]
	at java.base/sun.net.www.protocol.http.HttpURLConnection.getNewHttpClient(HttpURLConnection.java:1308) ~[na:na]
	at java.base/sun.net.www.protocol.http.HttpURLConnection.plainConnect0(HttpURLConnection.java:1241) ~[na:na]
	at java.base/sun.net.www.protocol.http.HttpURLConnection.plainConnect(HttpURLConnection.java:1127) ~[na:na]
	at java.base/sun.net.www.protocol.http.HttpURLConnection.connect(HttpURLConnection.java:1056) ~[na:na]
	at org.springframework.http.client.SimpleClientHttpRequest.executeInternal(SimpleClientHttpRequest.java:79) ~[spring-web-6.1.14.jar:6.1.14]
	at org.springframework.http.client.AbstractStreamingClientHttpRequest.executeInternal(AbstractStreamingClientHttpRequest.java:70) ~[spring-web-6.1.14.jar:6.1.14]
	at org.springframework.http.client.AbstractClientHttpRequest.execute(AbstractClientHttpRequest.java:66) ~[spring-web-6.1.14.jar:6.1.14]
	at org.springframework.web.client.RestTemplate.doExecute(RestTemplate.java:889) ~[spring-web-6.1.14.jar:6.1.14]
	... 69 common frames omitted

2026-06-30T16:31:24.177-03:00 DEBUG 18924 --- [loja-jogos-api] [nio-8080-exec-6] o.s.w.s.m.m.a.HttpEntityMethodProcessor  : Using 'application/json', given [*/*] and supported [application/json, application/*+json]
2026-06-30T16:31:24.180-03:00 DEBUG 18924 --- [loja-jogos-api] [nio-8080-exec-6] o.s.w.s.m.m.a.HttpEntityMethodProcessor  : Writing [PedidoResponseDTO[id=1, cliente=ClienteResponseDTO[id=1, nome=Teste CORS, email=teste.cors.178284788 (truncated)...]
2026-06-30T16:31:24.184-03:00 DEBUG 18924 --- [loja-jogos-api] [nio-8080-exec-6] o.s.web.servlet.DispatcherServlet        : Completed 201 CREATED
2026-06-30T16:32:36.194-03:00 DEBUG 18924 --- [loja-jogos-api] [nio-8080-exec-2] o.s.web.servlet.DispatcherServlet        : POST "/clientes/login", parameters={}
2026-06-30T16:32:36.195-03:00 DEBUG 18924 --- [loja-jogos-api] [nio-8080-exec-2] s.w.s.m.m.a.RequestMappingHandlerMapping : Mapped to com.lojajogos.controller.ClienteController#login(LoginRequestDTO)
2026-06-30T16:32:36.200-03:00 DEBUG 18924 --- [loja-jogos-api] [nio-8080-exec-2] m.m.a.RequestResponseBodyMethodProcessor : Read "application/json;charset=UTF-8" to [LoginRequestDTO[email=pedropositivoone@gmail.com, senha=123456]]
2026-06-30T16:32:36.243-03:00 DEBUG 18924 --- [loja-jogos-api] [nio-8080-exec-2] org.hibernate.SQL                        : select c1_0.id,c1_0.bairro,c1_0.cep,c1_0.cidade,c1_0.email,c1_0.nome,c1_0.numero,c1_0.pais,c1_0.rua,c1_0.senha,c1_0.telefone from clientes c1_0 where upper(c1_0.email)=upper(?)
Hibernate: select c1_0.id,c1_0.bairro,c1_0.cep,c1_0.cidade,c1_0.email,c1_0.nome,c1_0.numero,c1_0.pais,c1_0.rua,c1_0.senha,c1_0.telefone from clientes c1_0 where upper(c1_0.email)=upper(?)
2026-06-30T16:32:36.254-03:00 DEBUG 18924 --- [loja-jogos-api] [nio-8080-exec-2] .m.m.a.ExceptionHandlerExceptionResolver : Using @ExceptionHandler com.lojajogos.controller.ApiExceptionHandler#tratarNaoEncontrado(EntityNotFoundException)
2026-06-30T16:32:36.255-03:00 DEBUG 18924 --- [loja-jogos-api] [nio-8080-exec-2] o.s.w.s.m.m.a.HttpEntityMethodProcessor  : Using 'application/json', given [application/json, text/plain, */*] and supported [application/json, application/*+json]
2026-06-30T16:32:36.256-03:00 DEBUG 18924 --- [loja-jogos-api] [nio-8080-exec-2] o.s.w.s.m.m.a.HttpEntityMethodProcessor  : Writing [{mensagem=Email ou senha inválidos}]
2026-06-30T16:32:36.260-03:00  WARN 18924 --- [loja-jogos-api] [nio-8080-exec-2] .m.m.a.ExceptionHandlerExceptionResolver : Resolved [jakarta.persistence.EntityNotFoundException: Email ou senha inválidos]
2026-06-30T16:32:36.261-03:00 DEBUG 18924 --- [loja-jogos-api] [nio-8080-exec-2] o.s.web.servlet.DispatcherServlet        : Completed 404 NOT_FOUND
2026-06-30T16:33:24.058-03:00 DEBUG 18924 --- [loja-jogos-api] [nio-8080-exec-8] o.s.web.servlet.DispatcherServlet        : POST "/clientes", parameters={}
2026-06-30T16:33:24.059-03:00 DEBUG 18924 --- [loja-jogos-api] [nio-8080-exec-8] s.w.s.m.m.a.RequestMappingHandlerMapping : Mapped to com.lojajogos.controller.ClienteController#salvar(ClienteRequestDTO)
2026-06-30T16:33:24.060-03:00 DEBUG 18924 --- [loja-jogos-api] [nio-8080-exec-8] m.m.a.RequestResponseBodyMethodProcessor : Read "application/json;charset=UTF-8" to [ClienteRequestDTO[nome=kaguya , email=pedropositivoone@gmail.com, senha=123456, telefone=24992987857 (truncated)...]
2026-06-30T16:33:24.061-03:00 DEBUG 18924 --- [loja-jogos-api] [nio-8080-exec-8] org.hibernate.SQL                        : insert into clientes (bairro,cep,cidade,email,nome,numero,pais,rua,senha,telefone,id) values (?,?,?,?,?,?,?,?,?,?,default)
Hibernate: insert into clientes (bairro,cep,cidade,email,nome,numero,pais,rua,senha,telefone,id) values (?,?,?,?,?,?,?,?,?,?,default)
2026-06-30T16:33:24.064-03:00 DEBUG 18924 --- [loja-jogos-api] [nio-8080-exec-8] o.s.w.s.m.m.a.HttpEntityMethodProcessor  : Using 'application/json', given [application/json, text/plain, */*] and supported [application/json, application/*+json]
2026-06-30T16:33:24.065-03:00 DEBUG 18924 --- [loja-jogos-api] [nio-8080-exec-8] o.s.w.s.m.m.a.HttpEntityMethodProcessor  : Writing [ClienteResponseDTO[id=2, nome=kaguya , email=pedropositivoone@gmail.com, telefone=24992987857, cep=2 (truncated)...]
2026-06-30T16:33:24.066-03:00 DEBUG 18924 --- [loja-jogos-api] [nio-8080-exec-8] o.s.web.servlet.DispatcherServlet        : Completed 201 CREATED
2026-06-30T16:33:34.853-03:00 DEBUG 18924 --- [loja-jogos-api] [nio-8080-exec-4] o.s.web.servlet.DispatcherServlet        : POST "/clientes/login", parameters={}
2026-06-30T16:33:34.859-03:00 DEBUG 18924 --- [loja-jogos-api] [nio-8080-exec-4] s.w.s.m.m.a.RequestMappingHandlerMapping : Mapped to com.lojajogos.controller.ClienteController#login(LoginRequestDTO)
2026-06-30T16:33:34.861-03:00 DEBUG 18924 --- [loja-jogos-api] [nio-8080-exec-4] m.m.a.RequestResponseBodyMethodProcessor : Read "application/json;charset=UTF-8" to [LoginRequestDTO[email=pedropositivoone@gmail.com, senha=123456]]
2026-06-30T16:33:34.863-03:00 DEBUG 18924 --- [loja-jogos-api] [nio-8080-exec-4] org.hibernate.SQL                        : select c1_0.id,c1_0.bairro,c1_0.cep,c1_0.cidade,c1_0.email,c1_0.nome,c1_0.numero,c1_0.pais,c1_0.rua,c1_0.senha,c1_0.telefone from clientes c1_0 where upper(c1_0.email)=upper(?)
Hibernate: select c1_0.id,c1_0.bairro,c1_0.cep,c1_0.cidade,c1_0.email,c1_0.nome,c1_0.numero,c1_0.pais,c1_0.rua,c1_0.senha,c1_0.telefone from clientes c1_0 where upper(c1_0.email)=upper(?)
2026-06-30T16:33:34.868-03:00 DEBUG 18924 --- [loja-jogos-api] [nio-8080-exec-4] o.s.w.s.m.m.a.HttpEntityMethodProcessor  : Using 'application/json', given [application/json, text/plain, */*] and supported [application/json, application/*+json]
2026-06-30T16:33:34.868-03:00 DEBUG 18924 --- [loja-jogos-api] [nio-8080-exec-4] o.s.w.s.m.m.a.HttpEntityMethodProcessor  : Writing [ClienteResponseDTO[id=2, nome=kaguya , email=pedropositivoone@gmail.com, telefone=24992987857, cep=2 (truncated)...]
2026-06-30T16:33:34.870-03:00 DEBUG 18924 --- [loja-jogos-api] [nio-8080-exec-4] o.s.web.servlet.DispatcherServlet        : Completed 200 OK
2026-06-30T16:33:34.882-03:00 DEBUG 18924 --- [loja-jogos-api] [io-8080-exec-10] o.s.web.servlet.DispatcherServlet        : GET "/clientes/2", parameters={}
2026-06-30T16:33:34.885-03:00 DEBUG 18924 --- [loja-jogos-api] [io-8080-exec-10] s.w.s.m.m.a.RequestMappingHandlerMapping : Mapped to com.lojajogos.controller.ClienteController#buscarPorId(Long)
2026-06-30T16:33:34.886-03:00 DEBUG 18924 --- [loja-jogos-api] [nio-8080-exec-1] o.s.web.servlet.DispatcherServlet        : GET "/jogos", parameters={}
2026-06-30T16:33:34.887-03:00 DEBUG 18924 --- [loja-jogos-api] [nio-8080-exec-1] s.w.s.m.m.a.RequestMappingHandlerMapping : Mapped to com.lojajogos.controller.JogoController#listarTodos()
2026-06-30T16:33:34.888-03:00 DEBUG 18924 --- [loja-jogos-api] [io-8080-exec-10] org.hibernate.SQL                        : select c1_0.id,c1_0.bairro,c1_0.cep,c1_0.cidade,c1_0.email,c1_0.nome,c1_0.numero,c1_0.pais,c1_0.rua,c1_0.senha,c1_0.telefone from clientes c1_0 where c1_0.id=?
Hibernate: select c1_0.id,c1_0.bairro,c1_0.cep,c1_0.cidade,c1_0.email,c1_0.nome,c1_0.numero,c1_0.pais,c1_0.rua,c1_0.senha,c1_0.telefone from clientes c1_0 where c1_0.id=?
2026-06-30T16:33:34.891-03:00 DEBUG 18924 --- [loja-jogos-api] [nio-8080-exec-1] org.hibernate.SQL                        : select j1_0.id,j1_0.categoria,j1_0.nome,j1_0.plataforma,j1_0.preco from jogos j1_0
Hibernate: select j1_0.id,j1_0.categoria,j1_0.nome,j1_0.plataforma,j1_0.preco from jogos j1_0
2026-06-30T16:33:34.891-03:00 DEBUG 18924 --- [loja-jogos-api] [io-8080-exec-10] o.s.w.s.m.m.a.HttpEntityMethodProcessor  : Using 'application/json', given [application/json, text/plain, */*] and supported [application/json, application/*+json]
2026-06-30T16:33:34.892-03:00 DEBUG 18924 --- [loja-jogos-api] [io-8080-exec-10] o.s.w.s.m.m.a.HttpEntityMethodProcessor  : Writing [ClienteResponseDTO[id=2, nome=kaguya , email=pedropositivoone@gmail.com, telefone=24992987857, cep=2 (truncated)...]
2026-06-30T16:33:34.893-03:00 DEBUG 18924 --- [loja-jogos-api] [io-8080-exec-10] o.s.web.servlet.DispatcherServlet        : Completed 200 OK
2026-06-30T16:33:34.902-03:00 DEBUG 18924 --- [loja-jogos-api] [nio-8080-exec-1] o.s.w.s.m.m.a.HttpEntityMethodProcessor  : Using 'application/json', given [application/json, text/plain, */*] and supported [application/json, application/*+json]
2026-06-30T16:33:34.903-03:00 DEBUG 18924 --- [loja-jogos-api] [nio-8080-exec-1] o.s.w.s.m.m.a.HttpEntityMethodProcessor  : Writing [[JogoResponseDTO[id=1, nome=Halo Infinite, categoria=Acao, plataforma=Xbox Series, preco=199.90], Jo (truncated)...]
2026-06-30T16:33:34.906-03:00 DEBUG 18924 --- [loja-jogos-api] [nio-8080-exec-1] o.s.web.servlet.DispatcherServlet        : Completed 200 OK
2026-06-30T16:33:34.910-03:00 DEBUG 18924 --- [loja-jogos-api] [nio-8080-exec-3] o.s.web.servlet.DispatcherServlet        : GET "/jogos", parameters={}
2026-06-30T16:33:34.910-03:00 DEBUG 18924 --- [loja-jogos-api] [nio-8080-exec-3] s.w.s.m.m.a.RequestMappingHandlerMapping : Mapped to com.lojajogos.controller.JogoController#listarTodos()
2026-06-30T16:33:34.912-03:00 DEBUG 18924 --- [loja-jogos-api] [nio-8080-exec-3] org.hibernate.SQL                        : select j1_0.id,j1_0.categoria,j1_0.nome,j1_0.plataforma,j1_0.preco from jogos j1_0
Hibernate: select j1_0.id,j1_0.categoria,j1_0.nome,j1_0.plataforma,j1_0.preco from jogos j1_0
2026-06-30T16:33:34.918-03:00 DEBUG 18924 --- [loja-jogos-api] [nio-8080-exec-3] o.s.w.s.m.m.a.HttpEntityMethodProcessor  : Using 'application/json', given [application/json, text/plain, */*] and supported [application/json, application/*+json]
2026-06-30T16:33:34.920-03:00 DEBUG 18924 --- [loja-jogos-api] [nio-8080-exec-3] o.s.w.s.m.m.a.HttpEntityMethodProcessor  : Writing [[JogoResponseDTO[id=1, nome=Halo Infinite, categoria=Acao, plataforma=Xbox Series, preco=199.90], Jo (truncated)...]
2026-06-30T16:33:34.921-03:00 DEBUG 18924 --- [loja-jogos-api] [nio-8080-exec-3] o.s.web.servlet.DispatcherServlet        : Completed 200 OK
2026-06-30T16:33:44.287-03:00 DEBUG 18924 --- [loja-jogos-api] [nio-8080-exec-7] o.s.web.servlet.DispatcherServlet        : POST "/pedidos", parameters={}
2026-06-30T16:33:44.288-03:00 DEBUG 18924 --- [loja-jogos-api] [nio-8080-exec-7] s.w.s.m.m.a.RequestMappingHandlerMapping : Mapped to com.lojajogos.controller.PedidoController#salvar(PedidoRequestDTO)
2026-06-30T16:33:44.290-03:00 DEBUG 18924 --- [loja-jogos-api] [nio-8080-exec-7] m.m.a.RequestResponseBodyMethodProcessor : Read "application/json;charset=UTF-8" to [PedidoRequestDTO[clienteId=2, itens=[ItemPedidoRequestDTO[jogoId=5, quantidade=1], ItemPedidoRequest (truncated)...]
2026-06-30T16:33:44.292-03:00 DEBUG 18924 --- [loja-jogos-api] [nio-8080-exec-7] org.hibernate.SQL                        : select c1_0.id,c1_0.bairro,c1_0.cep,c1_0.cidade,c1_0.email,c1_0.nome,c1_0.numero,c1_0.pais,c1_0.rua,c1_0.senha,c1_0.telefone from clientes c1_0 where c1_0.id=?
Hibernate: select c1_0.id,c1_0.bairro,c1_0.cep,c1_0.cidade,c1_0.email,c1_0.nome,c1_0.numero,c1_0.pais,c1_0.rua,c1_0.senha,c1_0.telefone from clientes c1_0 where c1_0.id=?
2026-06-30T16:33:44.294-03:00 DEBUG 18924 --- [loja-jogos-api] [nio-8080-exec-7] org.hibernate.SQL                        : select j1_0.id,j1_0.categoria,j1_0.nome,j1_0.plataforma,j1_0.preco from jogos j1_0 where j1_0.id=?
Hibernate: select j1_0.id,j1_0.categoria,j1_0.nome,j1_0.plataforma,j1_0.preco from jogos j1_0 where j1_0.id=?
2026-06-30T16:33:44.296-03:00 DEBUG 18924 --- [loja-jogos-api] [nio-8080-exec-7] org.hibernate.SQL                        : select j1_0.id,j1_0.categoria,j1_0.nome,j1_0.plataforma,j1_0.preco from jogos j1_0 where j1_0.id=?
Hibernate: select j1_0.id,j1_0.categoria,j1_0.nome,j1_0.plataforma,j1_0.preco from jogos j1_0 where j1_0.id=?
2026-06-30T16:33:44.298-03:00 DEBUG 18924 --- [loja-jogos-api] [nio-8080-exec-7] org.hibernate.SQL                        : insert into pedidos (cliente_id,cupom_desconto,data_pedido,mensagemia,perfil_cliente,recomendacoes,status_pedido,valor_total,id) values (?,?,?,?,?,?,?,?,default)
Hibernate: insert into pedidos (cliente_id,cupom_desconto,data_pedido,mensagemia,perfil_cliente,recomendacoes,status_pedido,valor_total,id) values (?,?,?,?,?,?,?,?,default)
2026-06-30T16:33:44.302-03:00 DEBUG 18924 --- [loja-jogos-api] [nio-8080-exec-7] org.hibernate.SQL                        : insert into itens_pedido (jogo_id,pedido_id,quantidade,id) values (?,?,?,default)
Hibernate: insert into itens_pedido (jogo_id,pedido_id,quantidade,id) values (?,?,?,default)
2026-06-30T16:33:44.304-03:00 DEBUG 18924 --- [loja-jogos-api] [nio-8080-exec-7] org.hibernate.SQL                        : insert into itens_pedido (jogo_id,pedido_id,quantidade,id) values (?,?,?,default)
Hibernate: insert into itens_pedido (jogo_id,pedido_id,quantidade,id) values (?,?,?,default)
2026-06-30T16:33:44.305-03:00 DEBUG 18924 --- [loja-jogos-api] [nio-8080-exec-7] o.s.web.client.RestTemplate              : HTTP POST http://localhost:5678/webhook-test/pedidos
2026-06-30T16:33:44.306-03:00 DEBUG 18924 --- [loja-jogos-api] [nio-8080-exec-7] o.s.web.client.RestTemplate              : Accept=[application/json, application/*+json]
2026-06-30T16:33:44.306-03:00 DEBUG 18924 --- [loja-jogos-api] [nio-8080-exec-7] o.s.web.client.RestTemplate              : Writing [{cliente=kaguya , cidade=Petrópolis, produtos=[Sea of Thieves, Forza Horizon 5], valorTotal=379.80, id=2}] with org.springframework.http.converter.json.MappingJackson2HttpMessageConverter
2026-06-30T16:33:44.326-03:00 ERROR 18924 --- [loja-jogos-api] [nio-8080-exec-7] com.lojajogos.service.PedidoService      : Erro ao enviar pedido 2 para automação n8n: I/O error on POST request for "http://localhost:5678/webhook-test/pedidos": Connection refused: no further information

org.springframework.web.client.ResourceAccessException: I/O error on POST request for "http://localhost:5678/webhook-test/pedidos": Connection refused: no further information
	at org.springframework.web.client.RestTemplate.createResourceAccessException(RestTemplate.java:915) ~[spring-web-6.1.14.jar:6.1.14]
	at org.springframework.web.client.RestTemplate.doExecute(RestTemplate.java:895) ~[spring-web-6.1.14.jar:6.1.14]
	at org.springframework.web.client.RestTemplate.execute(RestTemplate.java:790) ~[spring-web-6.1.14.jar:6.1.14]
	at org.springframework.web.client.RestTemplate.postForEntity(RestTemplate.java:538) ~[spring-web-6.1.14.jar:6.1.14]
	at com.lojajogos.service.PedidoService.enviarPedidoParaAutomacao(PedidoService.java:199) ~[classes/:na]
	at com.lojajogos.service.PedidoService.salvar(PedidoService.java:54) ~[classes/:na]
	at java.base/jdk.internal.reflect.NativeMethodAccessorImpl.invoke0(Native Method) ~[na:na]
	at java.base/jdk.internal.reflect.NativeMethodAccessorImpl.invoke(NativeMethodAccessorImpl.java:77) ~[na:na]
	at java.base/jdk.internal.reflect.DelegatingMethodAccessorImpl.invoke(DelegatingMethodAccessorImpl.java:43) ~[na:na]
	at java.base/java.lang.reflect.Method.invoke(Method.java:568) ~[na:na]
	at org.springframework.aop.support.AopUtils.invokeJoinpointUsingReflection(AopUtils.java:355) ~[spring-aop-6.1.14.jar:6.1.14]
	at org.springframework.aop.framework.ReflectiveMethodInvocation.invokeJoinpoint(ReflectiveMethodInvocation.java:196) ~[spring-aop-6.1.14.jar:6.1.14]
	at org.springframework.aop.framework.ReflectiveMethodInvocation.proceed(ReflectiveMethodInvocation.java:163) ~[spring-aop-6.1.14.jar:6.1.14]
	at org.springframework.aop.framework.CglibAopProxy$CglibMethodInvocation.proceed(CglibAopProxy.java:768) ~[spring-aop-6.1.14.jar:6.1.14]
	at org.springframework.transaction.interceptor.TransactionAspectSupport.invokeWithinTransaction(TransactionAspectSupport.java:379) ~[spring-tx-6.1.14.jar:6.1.14]
	at org.springframework.transaction.interceptor.TransactionInterceptor.invoke(TransactionInterceptor.java:119) ~[spring-tx-6.1.14.jar:6.1.14]
	at org.springframework.aop.framework.ReflectiveMethodInvocation.proceed(ReflectiveMethodInvocation.java:184) ~[spring-aop-6.1.14.jar:6.1.14]
	at org.springframework.aop.framework.CglibAopProxy$CglibMethodInvocation.proceed(CglibAopProxy.java:768) ~[spring-aop-6.1.14.jar:6.1.14]
	at org.springframework.aop.framework.CglibAopProxy$DynamicAdvisedInterceptor.intercept(CglibAopProxy.java:720) ~[spring-aop-6.1.14.jar:6.1.14]
	at com.lojajogos.service.PedidoService$$SpringCGLIB$$0.salvar(<generated>) ~[classes/:na]
	at com.lojajogos.controller.PedidoController.salvar(PedidoController.java:32) ~[classes/:na]
	at java.base/jdk.internal.reflect.NativeMethodAccessorImpl.invoke0(Native Method) ~[na:na]
	at java.base/jdk.internal.reflect.NativeMethodAccessorImpl.invoke(NativeMethodAccessorImpl.java:77) ~[na:na]
	at java.base/jdk.internal.reflect.DelegatingMethodAccessorImpl.invoke(DelegatingMethodAccessorImpl.java:43) ~[na:na]
	at java.base/java.lang.reflect.Method.invoke(Method.java:568) ~[na:na]
	at org.springframework.web.method.support.InvocableHandlerMethod.doInvoke(InvocableHandlerMethod.java:255) ~[spring-web-6.1.14.jar:6.1.14]
	at org.springframework.web.method.support.InvocableHandlerMethod.invokeForRequest(InvocableHandlerMethod.java:188) ~[spring-web-6.1.14.jar:6.1.14]
	at org.springframework.web.servlet.mvc.method.annotation.ServletInvocableHandlerMethod.invokeAndHandle(ServletInvocableHandlerMethod.java:118) ~[spring-webmvc-6.1.14.jar:6.1.14]
	at org.springframework.web.servlet.mvc.method.annotation.RequestMappingHandlerAdapter.invokeHandlerMethod(RequestMappingHandlerAdapter.java:926) ~[spring-webmvc-6.1.14.jar:6.1.14]
	at org.springframework.web.servlet.mvc.method.annotation.RequestMappingHandlerAdapter.handleInternal(RequestMappingHandlerAdapter.java:831) ~[spring-webmvc-6.1.14.jar:6.1.14]
	at org.springframework.web.servlet.mvc.method.AbstractHandlerMethodAdapter.handle(AbstractHandlerMethodAdapter.java:87) ~[spring-webmvc-6.1.14.jar:6.1.14]
	at org.springframework.web.servlet.DispatcherServlet.doDispatch(DispatcherServlet.java:1089) ~[spring-webmvc-6.1.14.jar:6.1.14]
	at org.springframework.web.servlet.DispatcherServlet.doService(DispatcherServlet.java:979) ~[spring-webmvc-6.1.14.jar:6.1.14]
	at org.springframework.web.servlet.FrameworkServlet.processRequest(FrameworkServlet.java:1014) ~[spring-webmvc-6.1.14.jar:6.1.14]
	at org.springframework.web.servlet.FrameworkServlet.doPost(FrameworkServlet.java:914) ~[spring-webmvc-6.1.14.jar:6.1.14]
	at jakarta.servlet.http.HttpServlet.service(HttpServlet.java:590) ~[tomcat-embed-core-10.1.31.jar:6.0]
	at org.springframework.web.servlet.FrameworkServlet.service(FrameworkServlet.java:885) ~[spring-webmvc-6.1.14.jar:6.1.14]
	at jakarta.servlet.http.HttpServlet.service(HttpServlet.java:658) ~[tomcat-embed-core-10.1.31.jar:6.0]
	at org.apache.catalina.core.ApplicationFilterChain.internalDoFilter(ApplicationFilterChain.java:195) ~[tomcat-embed-core-10.1.31.jar:10.1.31]
	at org.apache.catalina.core.ApplicationFilterChain.doFilter(ApplicationFilterChain.java:140) ~[tomcat-embed-core-10.1.31.jar:10.1.31]
	at org.apache.tomcat.websocket.server.WsFilter.doFilter(WsFilter.java:51) ~[tomcat-embed-websocket-10.1.31.jar:10.1.31]
	at org.apache.catalina.core.ApplicationFilterChain.internalDoFilter(ApplicationFilterChain.java:164) ~[tomcat-embed-core-10.1.31.jar:10.1.31]
	at org.apache.catalina.core.ApplicationFilterChain.doFilter(ApplicationFilterChain.java:140) ~[tomcat-embed-core-10.1.31.jar:10.1.31]
	at org.springframework.web.filter.RequestContextFilter.doFilterInternal(RequestContextFilter.java:100) ~[spring-web-6.1.14.jar:6.1.14]
	at org.springframework.web.filter.OncePerRequestFilter.doFilter(OncePerRequestFilter.java:116) ~[spring-web-6.1.14.jar:6.1.14]
	at org.apache.catalina.core.ApplicationFilterChain.internalDoFilter(ApplicationFilterChain.java:164) ~[tomcat-embed-core-10.1.31.jar:10.1.31]
	at org.apache.catalina.core.ApplicationFilterChain.doFilter(ApplicationFilterChain.java:140) ~[tomcat-embed-core-10.1.31.jar:10.1.31]
	at org.springframework.web.filter.FormContentFilter.doFilterInternal(FormContentFilter.java:93) ~[spring-web-6.1.14.jar:6.1.14]
	at org.springframework.web.filter.OncePerRequestFilter.doFilter(OncePerRequestFilter.java:116) ~[spring-web-6.1.14.jar:6.1.14]
	at org.apache.catalina.core.ApplicationFilterChain.internalDoFilter(ApplicationFilterChain.java:164) ~[tomcat-embed-core-10.1.31.jar:10.1.31]
	at org.apache.catalina.core.ApplicationFilterChain.doFilter(ApplicationFilterChain.java:140) ~[tomcat-embed-core-10.1.31.jar:10.1.31]
	at org.springframework.web.filter.CharacterEncodingFilter.doFilterInternal(CharacterEncodingFilter.java:201) ~[spring-web-6.1.14.jar:6.1.14]
	at org.springframework.web.filter.OncePerRequestFilter.doFilter(OncePerRequestFilter.java:116) ~[spring-web-6.1.14.jar:6.1.14]
	at org.apache.catalina.core.ApplicationFilterChain.internalDoFilter(ApplicationFilterChain.java:164) ~[tomcat-embed-core-10.1.31.jar:10.1.31]
	at org.apache.catalina.core.ApplicationFilterChain.doFilter(ApplicationFilterChain.java:140) ~[tomcat-embed-core-10.1.31.jar:10.1.31]
	at org.apache.catalina.core.StandardWrapperValve.invoke(StandardWrapperValve.java:167) ~[tomcat-embed-core-10.1.31.jar:10.1.31]
	at org.apache.catalina.core.StandardContextValve.invoke(StandardContextValve.java:90) ~[tomcat-embed-core-10.1.31.jar:10.1.31]
	at org.apache.catalina.authenticator.AuthenticatorBase.invoke(AuthenticatorBase.java:483) ~[tomcat-embed-core-10.1.31.jar:10.1.31]
	at org.apache.catalina.core.StandardHostValve.invoke(StandardHostValve.java:115) ~[tomcat-embed-core-10.1.31.jar:10.1.31]
	at org.apache.catalina.valves.ErrorReportValve.invoke(ErrorReportValve.java:93) ~[tomcat-embed-core-10.1.31.jar:10.1.31]
	at org.apache.catalina.core.StandardEngineValve.invoke(StandardEngineValve.java:74) ~[tomcat-embed-core-10.1.31.jar:10.1.31]
	at org.apache.catalina.connector.CoyoteAdapter.service(CoyoteAdapter.java:344) ~[tomcat-embed-core-10.1.31.jar:10.1.31]
	at org.apache.coyote.http11.Http11Processor.service(Http11Processor.java:384) ~[tomcat-embed-core-10.1.31.jar:10.1.31]
	at org.apache.coyote.AbstractProcessorLight.process(AbstractProcessorLight.java:63) ~[tomcat-embed-core-10.1.31.jar:10.1.31]
	at org.apache.coyote.AbstractProtocol$ConnectionHandler.process(AbstractProtocol.java:905) ~[tomcat-embed-core-10.1.31.jar:10.1.31]
	at org.apache.tomcat.util.net.NioEndpoint$SocketProcessor.doRun(NioEndpoint.java:1741) ~[tomcat-embed-core-10.1.31.jar:10.1.31]
	at org.apache.tomcat.util.net.SocketProcessorBase.run(SocketProcessorBase.java:52) ~[tomcat-embed-core-10.1.31.jar:10.1.31]
	at org.apache.tomcat.util.threads.ThreadPoolExecutor.runWorker(ThreadPoolExecutor.java:1190) ~[tomcat-embed-core-10.1.31.jar:10.1.31]
	at org.apache.tomcat.util.threads.ThreadPoolExecutor$Worker.run(ThreadPoolExecutor.java:659) ~[tomcat-embed-core-10.1.31.jar:10.1.31]
	at org.apache.tomcat.util.threads.TaskThread$WrappingRunnable.run(TaskThread.java:63) ~[tomcat-embed-core-10.1.31.jar:10.1.31]
	at java.base/java.lang.Thread.run(Thread.java:842) ~[na:na]
Caused by: java.net.ConnectException: Connection refused: no further information
	at java.base/sun.nio.ch.Net.pollConnect(Native Method) ~[na:na]
	at java.base/sun.nio.ch.Net.pollConnectNow(Net.java:672) ~[na:na]
	at java.base/sun.nio.ch.NioSocketImpl.timedFinishConnect(NioSocketImpl.java:547) ~[na:na]
	at java.base/sun.nio.ch.NioSocketImpl.connect(NioSocketImpl.java:602) ~[na:na]
	at java.base/java.net.Socket.connect(Socket.java:633) ~[na:na]
	at java.base/sun.net.NetworkClient.doConnect(NetworkClient.java:178) ~[na:na]
	at java.base/sun.net.www.http.HttpClient.openServer(HttpClient.java:534) ~[na:na]
	at java.base/sun.net.www.http.HttpClient.openServer(HttpClient.java:639) ~[na:na]
	at java.base/sun.net.www.http.HttpClient.<init>(HttpClient.java:282) ~[na:na]
	at java.base/sun.net.www.http.HttpClient.New(HttpClient.java:387) ~[na:na]
	at java.base/sun.net.www.http.HttpClient.New(HttpClient.java:409) ~[na:na]
	at java.base/sun.net.www.protocol.http.HttpURLConnection.getNewHttpClient(HttpURLConnection.java:1308) ~[na:na]
	at java.base/sun.net.www.protocol.http.HttpURLConnection.plainConnect0(HttpURLConnection.java:1241) ~[na:na]
	at java.base/sun.net.www.protocol.http.HttpURLConnection.plainConnect(HttpURLConnection.java:1127) ~[na:na]
	at java.base/sun.net.www.protocol.http.HttpURLConnection.connect(HttpURLConnection.java:1056) ~[na:na]
	at org.springframework.http.client.SimpleClientHttpRequest.executeInternal(SimpleClientHttpRequest.java:79) ~[spring-web-6.1.14.jar:6.1.14]
	at org.springframework.http.client.AbstractStreamingClientHttpRequest.executeInternal(AbstractStreamingClientHttpRequest.java:70) ~[spring-web-6.1.14.jar:6.1.14]
	at org.springframework.http.client.AbstractClientHttpRequest.execute(AbstractClientHttpRequest.java:66) ~[spring-web-6.1.14.jar:6.1.14]
	at org.springframework.web.client.RestTemplate.doExecute(RestTemplate.java:889) ~[spring-web-6.1.14.jar:6.1.14]
	... 69 common frames omitted

2026-06-30T16:33:44.330-03:00 DEBUG 18924 --- [loja-jogos-api] [nio-8080-exec-7] o.s.w.s.m.m.a.HttpEntityMethodProcessor  : Using 'application/json', given [application/json, text/plain, */*] and supported [application/json, application/*+json]
2026-06-30T16:33:44.331-03:00 DEBUG 18924 --- [loja-jogos-api] [nio-8080-exec-7] o.s.w.s.m.m.a.HttpEntityMethodProcessor  : Writing [PedidoResponseDTO[id=2, cliente=ClienteResponseDTO[id=2, nome=kaguya , email=pedropositivoone@gmail. (truncated)...]
2026-06-30T16:33:44.334-03:00 DEBUG 18924 --- [loja-jogos-api] [nio-8080-exec-7] o.s.web.servlet.DispatcherServlet        : Completed 201 CREATED
2026-06-30T16:33:44.345-03:00 DEBUG 18924 --- [loja-jogos-api] [nio-8080-exec-9] o.s.web.servlet.DispatcherServlet        : GET "/pedidos", parameters={}
2026-06-30T16:33:44.346-03:00 DEBUG 18924 --- [loja-jogos-api] [nio-8080-exec-9] s.w.s.m.m.a.RequestMappingHandlerMapping : Mapped to com.lojajogos.controller.PedidoController#listarTodos()
2026-06-30T16:33:44.348-03:00 DEBUG 18924 --- [loja-jogos-api] [nio-8080-exec-9] org.hibernate.SQL                        : select p1_0.id,p1_0.cliente_id,p1_0.cupom_desconto,p1_0.data_pedido,p1_0.mensagemia,p1_0.perfil_cliente,p1_0.recomendacoes,p1_0.status_pedido,p1_0.valor_total from pedidos p1_0
Hibernate: select p1_0.id,p1_0.cliente_id,p1_0.cupom_desconto,p1_0.data_pedido,p1_0.mensagemia,p1_0.perfil_cliente,p1_0.recomendacoes,p1_0.status_pedido,p1_0.valor_total from pedidos p1_0
2026-06-30T16:33:44.351-03:00 DEBUG 18924 --- [loja-jogos-api] [nio-8080-exec-9] org.hibernate.SQL                        : select c1_0.id,c1_0.bairro,c1_0.cep,c1_0.cidade,c1_0.email,c1_0.nome,c1_0.numero,c1_0.pais,c1_0.rua,c1_0.senha,c1_0.telefone from clientes c1_0 where c1_0.id=?
Hibernate: select c1_0.id,c1_0.bairro,c1_0.cep,c1_0.cidade,c1_0.email,c1_0.nome,c1_0.numero,c1_0.pais,c1_0.rua,c1_0.senha,c1_0.telefone from clientes c1_0 where c1_0.id=?
2026-06-30T16:33:44.353-03:00 DEBUG 18924 --- [loja-jogos-api] [nio-8080-exec-9] org.hibernate.SQL                        : select c1_0.id,c1_0.bairro,c1_0.cep,c1_0.cidade,c1_0.email,c1_0.nome,c1_0.numero,c1_0.pais,c1_0.rua,c1_0.senha,c1_0.telefone from clientes c1_0 where c1_0.id=?
Hibernate: select c1_0.id,c1_0.bairro,c1_0.cep,c1_0.cidade,c1_0.email,c1_0.nome,c1_0.numero,c1_0.pais,c1_0.rua,c1_0.senha,c1_0.telefone from clientes c1_0 where c1_0.id=?
2026-06-30T16:33:44.358-03:00 DEBUG 18924 --- [loja-jogos-api] [nio-8080-exec-9] org.hibernate.SQL                        : select i1_0.pedido_id,i1_0.id,i1_0.jogo_id,j1_0.id,j1_0.categoria,j1_0.nome,j1_0.plataforma,j1_0.preco,i1_0.quantidade from itens_pedido i1_0 left join jogos j1_0 on j1_0.id=i1_0.jogo_id where i1_0.pedido_id=?
Hibernate: select i1_0.pedido_id,i1_0.id,i1_0.jogo_id,j1_0.id,j1_0.categoria,j1_0.nome,j1_0.plataforma,j1_0.preco,i1_0.quantidade from itens_pedido i1_0 left join jogos j1_0 on j1_0.id=i1_0.jogo_id where i1_0.pedido_id=?
2026-06-30T16:33:44.363-03:00 DEBUG 18924 --- [loja-jogos-api] [nio-8080-exec-9] org.hibernate.SQL                        : select i1_0.pedido_id,i1_0.id,i1_0.jogo_id,j1_0.id,j1_0.categoria,j1_0.nome,j1_0.plataforma,j1_0.preco,i1_0.quantidade from itens_pedido i1_0 left join jogos j1_0 on j1_0.id=i1_0.jogo_id where i1_0.pedido_id=?
Hibernate: select i1_0.pedido_id,i1_0.id,i1_0.jogo_id,j1_0.id,j1_0.categoria,j1_0.nome,j1_0.plataforma,j1_0.preco,i1_0.quantidade from itens_pedido i1_0 left join jogos j1_0 on j1_0.id=i1_0.jogo_id where i1_0.pedido_id=?
2026-06-30T16:33:44.365-03:00 DEBUG 18924 --- [loja-jogos-api] [nio-8080-exec-9] o.s.w.s.m.m.a.HttpEntityMethodProcessor  : Using 'application/json', given [application/json, text/plain, */*] and supported [application/json, application/*+json]
2026-06-30T16:33:44.366-03:00 DEBUG 18924 --- [loja-jogos-api] [nio-8080-exec-9] o.s.w.s.m.m.a.HttpEntityMethodProcessor  : Writing [[PedidoResponseDTO[id=1, cliente=ClienteResponseDTO[id=1, nome=Teste CORS, email=teste.cors.17828478 (truncated)...]
2026-06-30T16:33:44.368-03:00 DEBUG 18924 --- [loja-jogos-api] [nio-8080-exec-9] o.s.web.servlet.DispatcherServlet        : Completed 200 OK
2026-06-30T16:33:44.373-03:00 DEBUG 18924 --- [loja-jogos-api] [nio-8080-exec-5] o.s.web.servlet.DispatcherServlet        : GET "/pedidos", parameters={}
2026-06-30T16:33:44.374-03:00 DEBUG 18924 --- [loja-jogos-api] [nio-8080-exec-5] s.w.s.m.m.a.RequestMappingHandlerMapping : Mapped to com.lojajogos.controller.PedidoController#listarTodos()
2026-06-30T16:33:44.376-03:00 DEBUG 18924 --- [loja-jogos-api] [nio-8080-exec-5] org.hibernate.SQL                        : select p1_0.id,p1_0.cliente_id,p1_0.cupom_desconto,p1_0.data_pedido,p1_0.mensagemia,p1_0.perfil_cliente,p1_0.recomendacoes,p1_0.status_pedido,p1_0.valor_total from pedidos p1_0
Hibernate: select p1_0.id,p1_0.cliente_id,p1_0.cupom_desconto,p1_0.data_pedido,p1_0.mensagemia,p1_0.perfil_cliente,p1_0.recomendacoes,p1_0.status_pedido,p1_0.valor_total from pedidos p1_0
2026-06-30T16:33:44.377-03:00 DEBUG 18924 --- [loja-jogos-api] [nio-8080-exec-5] org.hibernate.SQL                        : select c1_0.id,c1_0.bairro,c1_0.cep,c1_0.cidade,c1_0.email,c1_0.nome,c1_0.numero,c1_0.pais,c1_0.rua,c1_0.senha,c1_0.telefone from clientes c1_0 where c1_0.id=?
Hibernate: select c1_0.id,c1_0.bairro,c1_0.cep,c1_0.cidade,c1_0.email,c1_0.nome,c1_0.numero,c1_0.pais,c1_0.rua,c1_0.senha,c1_0.telefone from clientes c1_0 where c1_0.id=?
2026-06-30T16:33:44.378-03:00 DEBUG 18924 --- [loja-jogos-api] [nio-8080-exec-5] org.hibernate.SQL                        : select c1_0.id,c1_0.bairro,c1_0.cep,c1_0.cidade,c1_0.email,c1_0.nome,c1_0.numero,c1_0.pais,c1_0.rua,c1_0.senha,c1_0.telefone from clientes c1_0 where c1_0.id=?
Hibernate: select c1_0.id,c1_0.bairro,c1_0.cep,c1_0.cidade,c1_0.email,c1_0.nome,c1_0.numero,c1_0.pais,c1_0.rua,c1_0.senha,c1_0.telefone from clientes c1_0 where c1_0.id=?
2026-06-30T16:33:44.380-03:00 DEBUG 18924 --- [loja-jogos-api] [nio-8080-exec-5] org.hibernate.SQL                        : select i1_0.pedido_id,i1_0.id,i1_0.jogo_id,j1_0.id,j1_0.categoria,j1_0.nome,j1_0.plataforma,j1_0.preco,i1_0.quantidade from itens_pedido i1_0 left join jogos j1_0 on j1_0.id=i1_0.jogo_id where i1_0.pedido_id=?
Hibernate: select i1_0.pedido_id,i1_0.id,i1_0.jogo_id,j1_0.id,j1_0.categoria,j1_0.nome,j1_0.plataforma,j1_0.preco,i1_0.quantidade from itens_pedido i1_0 left join jogos j1_0 on j1_0.id=i1_0.jogo_id where i1_0.pedido_id=?
2026-06-30T16:33:44.382-03:00 DEBUG 18924 --- [loja-jogos-api] [nio-8080-exec-5] org.hibernate.SQL                        : select i1_0.pedido_id,i1_0.id,i1_0.jogo_id,j1_0.id,j1_0.categoria,j1_0.nome,j1_0.plataforma,j1_0.preco,i1_0.quantidade from itens_pedido i1_0 left join jogos j1_0 on j1_0.id=i1_0.jogo_id where i1_0.pedido_id=?
Hibernate: select i1_0.pedido_id,i1_0.id,i1_0.jogo_id,j1_0.id,j1_0.categoria,j1_0.nome,j1_0.plataforma,j1_0.preco,i1_0.quantidade from itens_pedido i1_0 left join jogos j1_0 on j1_0.id=i1_0.jogo_id where i1_0.pedido_id=?
2026-06-30T16:33:44.384-03:00 DEBUG 18924 --- [loja-jogos-api] [nio-8080-exec-5] o.s.w.s.m.m.a.HttpEntityMethodProcessor  : Using 'application/json', given [application/json, text/plain, */*] and supported [application/json, application/*+json]
2026-06-30T16:33:44.385-03:00 DEBUG 18924 --- [loja-jogos-api] [nio-8080-exec-5] o.s.w.s.m.m.a.HttpEntityMethodProcessor  : Writing [[PedidoResponseDTO[id=1, cliente=ClienteResponseDTO[id=1, nome=Teste CORS, email=teste.cors.17828478 (truncated)...]
2026-06-30T16:33:44.386-03:00 DEBUG 18924 --- [loja-jogos-api] [nio-8080-exec-5] o.s.web.servlet.DispatcherServlet        : Completed 200 OK
2026-06-30T16:33:46.996-03:00 DEBUG 18924 --- [loja-jogos-api] [nio-8080-exec-6] o.s.web.servlet.DispatcherServlet        : GET "/pedidos", parameters={}
2026-06-30T16:33:46.998-03:00 DEBUG 18924 --- [loja-jogos-api] [nio-8080-exec-6] s.w.s.m.m.a.RequestMappingHandlerMapping : Mapped to com.lojajogos.controller.PedidoController#listarTodos()
2026-06-30T16:33:47.000-03:00 DEBUG 18924 --- [loja-jogos-api] [nio-8080-exec-6] org.hibernate.SQL                        : select p1_0.id,p1_0.cliente_id,p1_0.cupom_desconto,p1_0.data_pedido,p1_0.mensagemia,p1_0.perfil_cliente,p1_0.recomendacoes,p1_0.status_pedido,p1_0.valor_total from pedidos p1_0
Hibernate: select p1_0.id,p1_0.cliente_id,p1_0.cupom_desconto,p1_0.data_pedido,p1_0.mensagemia,p1_0.perfil_cliente,p1_0.recomendacoes,p1_0.status_pedido,p1_0.valor_total from pedidos p1_0
2026-06-30T16:33:47.003-03:00 DEBUG 18924 --- [loja-jogos-api] [nio-8080-exec-6] org.hibernate.SQL                        : select c1_0.id,c1_0.bairro,c1_0.cep,c1_0.cidade,c1_0.email,c1_0.nome,c1_0.numero,c1_0.pais,c1_0.rua,c1_0.senha,c1_0.telefone from clientes c1_0 where c1_0.id=?
Hibernate: select c1_0.id,c1_0.bairro,c1_0.cep,c1_0.cidade,c1_0.email,c1_0.nome,c1_0.numero,c1_0.pais,c1_0.rua,c1_0.senha,c1_0.telefone from clientes c1_0 where c1_0.id=?
2026-06-30T16:33:47.004-03:00 DEBUG 18924 --- [loja-jogos-api] [nio-8080-exec-6] org.hibernate.SQL                        : select c1_0.id,c1_0.bairro,c1_0.cep,c1_0.cidade,c1_0.email,c1_0.nome,c1_0.numero,c1_0.pais,c1_0.rua,c1_0.senha,c1_0.telefone from clientes c1_0 where c1_0.id=?
Hibernate: select c1_0.id,c1_0.bairro,c1_0.cep,c1_0.cidade,c1_0.email,c1_0.nome,c1_0.numero,c1_0.pais,c1_0.rua,c1_0.senha,c1_0.telefone from clientes c1_0 where c1_0.id=?
2026-06-30T16:33:47.006-03:00 DEBUG 18924 --- [loja-jogos-api] [nio-8080-exec-6] org.hibernate.SQL                        : select i1_0.pedido_id,i1_0.id,i1_0.jogo_id,j1_0.id,j1_0.categoria,j1_0.nome,j1_0.plataforma,j1_0.preco,i1_0.quantidade from itens_pedido i1_0 left join jogos j1_0 on j1_0.id=i1_0.jogo_id where i1_0.pedido_id=?
Hibernate: select i1_0.pedido_id,i1_0.id,i1_0.jogo_id,j1_0.id,j1_0.categoria,j1_0.nome,j1_0.plataforma,j1_0.preco,i1_0.quantidade from itens_pedido i1_0 left join jogos j1_0 on j1_0.id=i1_0.jogo_id where i1_0.pedido_id=?
2026-06-30T16:33:47.014-03:00 DEBUG 18924 --- [loja-jogos-api] [nio-8080-exec-6] org.hibernate.SQL                        : select i1_0.pedido_id,i1_0.id,i1_0.jogo_id,j1_0.id,j1_0.categoria,j1_0.nome,j1_0.plataforma,j1_0.preco,i1_0.quantidade from itens_pedido i1_0 left join jogos j1_0 on j1_0.id=i1_0.jogo_id where i1_0.pedido_id=?
Hibernate: select i1_0.pedido_id,i1_0.id,i1_0.jogo_id,j1_0.id,j1_0.categoria,j1_0.nome,j1_0.plataforma,j1_0.preco,i1_0.quantidade from itens_pedido i1_0 left join jogos j1_0 on j1_0.id=i1_0.jogo_id where i1_0.pedido_id=?
2026-06-30T16:33:47.016-03:00 DEBUG 18924 --- [loja-jogos-api] [nio-8080-exec-6] o.s.w.s.m.m.a.HttpEntityMethodProcessor  : Using 'application/json', given [application/json, text/plain, */*] and supported [application/json, application/*+json]
2026-06-30T16:33:47.017-03:00 DEBUG 18924 --- [loja-jogos-api] [nio-8080-exec-6] o.s.w.s.m.m.a.HttpEntityMethodProcessor  : Writing [[PedidoResponseDTO[id=1, cliente=ClienteResponseDTO[id=1, nome=Teste CORS, email=teste.cors.17828478 (truncated)...]
2026-06-30T16:33:47.020-03:00 DEBUG 18924 --- [loja-jogos-api] [nio-8080-exec-6] o.s.web.servlet.DispatcherServlet        : Completed 200 OK
2026-06-30T16:33:47.025-03:00 DEBUG 18924 --- [loja-jogos-api] [nio-8080-exec-2] o.s.web.servlet.DispatcherServlet        : GET "/pedidos", parameters={}
2026-06-30T16:33:47.026-03:00 DEBUG 18924 --- [loja-jogos-api] [nio-8080-exec-2] s.w.s.m.m.a.RequestMappingHandlerMapping : Mapped to com.lojajogos.controller.PedidoController#listarTodos()
2026-06-30T16:33:47.029-03:00 DEBUG 18924 --- [loja-jogos-api] [nio-8080-exec-2] org.hibernate.SQL                        : select p1_0.id,p1_0.cliente_id,p1_0.cupom_desconto,p1_0.data_pedido,p1_0.mensagemia,p1_0.perfil_cliente,p1_0.recomendacoes,p1_0.status_pedido,p1_0.valor_total from pedidos p1_0
Hibernate: select p1_0.id,p1_0.cliente_id,p1_0.cupom_desconto,p1_0.data_pedido,p1_0.mensagemia,p1_0.perfil_cliente,p1_0.recomendacoes,p1_0.status_pedido,p1_0.valor_total from pedidos p1_0
2026-06-30T16:33:47.030-03:00 DEBUG 18924 --- [loja-jogos-api] [nio-8080-exec-2] org.hibernate.SQL                        : select c1_0.id,c1_0.bairro,c1_0.cep,c1_0.cidade,c1_0.email,c1_0.nome,c1_0.numero,c1_0.pais,c1_0.rua,c1_0.senha,c1_0.telefone from clientes c1_0 where c1_0.id=?
Hibernate: select c1_0.id,c1_0.bairro,c1_0.cep,c1_0.cidade,c1_0.email,c1_0.nome,c1_0.numero,c1_0.pais,c1_0.rua,c1_0.senha,c1_0.telefone from clientes c1_0 where c1_0.id=?
2026-06-30T16:33:47.032-03:00 DEBUG 18924 --- [loja-jogos-api] [nio-8080-exec-2] org.hibernate.SQL                        : select c1_0.id,c1_0.bairro,c1_0.cep,c1_0.cidade,c1_0.email,c1_0.nome,c1_0.numero,c1_0.pais,c1_0.rua,c1_0.senha,c1_0.telefone from clientes c1_0 where c1_0.id=?
Hibernate: select c1_0.id,c1_0.bairro,c1_0.cep,c1_0.cidade,c1_0.email,c1_0.nome,c1_0.numero,c1_0.pais,c1_0.rua,c1_0.senha,c1_0.telefone from clientes c1_0 where c1_0.id=?
2026-06-30T16:33:47.034-03:00 DEBUG 18924 --- [loja-jogos-api] [nio-8080-exec-2] org.hibernate.SQL                        : select i1_0.pedido_id,i1_0.id,i1_0.jogo_id,j1_0.id,j1_0.categoria,j1_0.nome,j1_0.plataforma,j1_0.preco,i1_0.quantidade from itens_pedido i1_0 left join jogos j1_0 on j1_0.id=i1_0.jogo_id where i1_0.pedido_id=?
Hibernate: select i1_0.pedido_id,i1_0.id,i1_0.jogo_id,j1_0.id,j1_0.categoria,j1_0.nome,j1_0.plataforma,j1_0.preco,i1_0.quantidade from itens_pedido i1_0 left join jogos j1_0 on j1_0.id=i1_0.jogo_id where i1_0.pedido_id=?
2026-06-30T16:33:47.036-03:00 DEBUG 18924 --- [loja-jogos-api] [nio-8080-exec-2] org.hibernate.SQL                        : select i1_0.pedido_id,i1_0.id,i1_0.jogo_id,j1_0.id,j1_0.categoria,j1_0.nome,j1_0.plataforma,j1_0.preco,i1_0.quantidade from itens_pedido i1_0 left join jogos j1_0 on j1_0.id=i1_0.jogo_id where i1_0.pedido_id=?
Hibernate: select i1_0.pedido_id,i1_0.id,i1_0.jogo_id,j1_0.id,j1_0.categoria,j1_0.nome,j1_0.plataforma,j1_0.preco,i1_0.quantidade from itens_pedido i1_0 left join jogos j1_0 on j1_0.id=i1_0.jogo_id where i1_0.pedido_id=?
2026-06-30T16:33:47.041-03:00 DEBUG 18924 --- [loja-jogos-api] [nio-8080-exec-2] o.s.w.s.m.m.a.HttpEntityMethodProcessor  : Using 'application/json', given [application/json, text/plain, */*] and supported [application/json, application/*+json]
2026-06-30T16:33:47.042-03:00 DEBUG 18924 --- [loja-jogos-api] [nio-8080-exec-2] o.s.w.s.m.m.a.HttpEntityMethodProcessor  : Writing [[PedidoResponseDTO[id=1, cliente=ClienteResponseDTO[id=1, nome=Teste CORS, email=teste.cors.17828478 (truncated)...]
2026-06-30T16:33:47.044-03:00 DEBUG 18924 --- [loja-jogos-api] [nio-8080-exec-2] o.s.web.servlet.DispatcherServlet        : Completed 200 OK
2026-06-30T16:34:54.058-03:00 DEBUG 18924 --- [loja-jogos-api] [nio-8080-exec-8] o.s.web.servlet.DispatcherServlet        : GET "/pedidos", parameters={}
2026-06-30T16:34:54.060-03:00 DEBUG 18924 --- [loja-jogos-api] [nio-8080-exec-8] s.w.s.m.m.a.RequestMappingHandlerMapping : Mapped to com.lojajogos.controller.PedidoController#listarTodos()
2026-06-30T16:34:54.061-03:00 DEBUG 18924 --- [loja-jogos-api] [nio-8080-exec-4] o.s.web.servlet.DispatcherServlet        : GET "/pedidos", parameters={}
2026-06-30T16:34:54.061-03:00 DEBUG 18924 --- [loja-jogos-api] [nio-8080-exec-4] s.w.s.m.m.a.RequestMappingHandlerMapping : Mapped to com.lojajogos.controller.PedidoController#listarTodos()
2026-06-30T16:34:54.063-03:00 DEBUG 18924 --- [loja-jogos-api] [nio-8080-exec-8] org.hibernate.SQL                        : select p1_0.id,p1_0.cliente_id,p1_0.cupom_desconto,p1_0.data_pedido,p1_0.mensagemia,p1_0.perfil_cliente,p1_0.recomendacoes,p1_0.status_pedido,p1_0.valor_total from pedidos p1_0
Hibernate: select p1_0.id,p1_0.cliente_id,p1_0.cupom_desconto,p1_0.data_pedido,p1_0.mensagemia,p1_0.perfil_cliente,p1_0.recomendacoes,p1_0.status_pedido,p1_0.valor_total from pedidos p1_0
2026-06-30T16:34:54.065-03:00 DEBUG 18924 --- [loja-jogos-api] [nio-8080-exec-4] org.hibernate.SQL                        : select p1_0.id,p1_0.cliente_id,p1_0.cupom_desconto,p1_0.data_pedido,p1_0.mensagemia,p1_0.perfil_cliente,p1_0.recomendacoes,p1_0.status_pedido,p1_0.valor_total from pedidos p1_0
2026-06-30T16:34:54.065-03:00 DEBUG 18924 --- [loja-jogos-api] [nio-8080-exec-8] org.hibernate.SQL                        : select c1_0.id,c1_0.bairro,c1_0.cep,c1_0.cidade,c1_0.email,c1_0.nome,c1_0.numero,c1_0.pais,c1_0.rua,c1_0.senha,c1_0.telefone from clientes c1_0 where c1_0.id=?
Hibernate: select c1_0.id,c1_0.bairro,c1_0.cep,c1_0.cidade,c1_0.email,c1_0.nome,c1_0.numero,c1_0.pais,c1_0.rua,c1_0.senha,c1_0.telefone from clientes c1_0 where c1_0.id=?
Hibernate: select p1_0.id,p1_0.cliente_id,p1_0.cupom_desconto,p1_0.data_pedido,p1_0.mensagemia,p1_0.perfil_cliente,p1_0.recomendacoes,p1_0.status_pedido,p1_0.valor_total from pedidos p1_0
2026-06-30T16:34:54.067-03:00 DEBUG 18924 --- [loja-jogos-api] [nio-8080-exec-8] org.hibernate.SQL                        : select c1_0.id,c1_0.bairro,c1_0.cep,c1_0.cidade,c1_0.email,c1_0.nome,c1_0.numero,c1_0.pais,c1_0.rua,c1_0.senha,c1_0.telefone from clientes c1_0 where c1_0.id=?
Hibernate: select c1_0.id,c1_0.bairro,c1_0.cep,c1_0.cidade,c1_0.email,c1_0.nome,c1_0.numero,c1_0.pais,c1_0.rua,c1_0.senha,c1_0.telefone from clientes c1_0 where c1_0.id=?
2026-06-30T16:34:54.067-03:00 DEBUG 18924 --- [loja-jogos-api] [nio-8080-exec-4] org.hibernate.SQL                        : select c1_0.id,c1_0.bairro,c1_0.cep,c1_0.cidade,c1_0.email,c1_0.nome,c1_0.numero,c1_0.pais,c1_0.rua,c1_0.senha,c1_0.telefone from clientes c1_0 where c1_0.id=?
Hibernate: select c1_0.id,c1_0.bairro,c1_0.cep,c1_0.cidade,c1_0.email,c1_0.nome,c1_0.numero,c1_0.pais,c1_0.rua,c1_0.senha,c1_0.telefone from clientes c1_0 where c1_0.id=?
2026-06-30T16:34:54.068-03:00 DEBUG 18924 --- [loja-jogos-api] [nio-8080-exec-8] org.hibernate.SQL                        : select i1_0.pedido_id,i1_0.id,i1_0.jogo_id,j1_0.id,j1_0.categoria,j1_0.nome,j1_0.plataforma,j1_0.preco,i1_0.quantidade from itens_pedido i1_0 left join jogos j1_0 on j1_0.id=i1_0.jogo_id where i1_0.pedido_id=?
Hibernate: select i1_0.pedido_id,i1_0.id,i1_0.jogo_id,j1_0.id,j1_0.categoria,j1_0.nome,j1_0.plataforma,j1_0.preco,i1_0.quantidade from itens_pedido i1_0 left join jogos j1_0 on j1_0.id=i1_0.jogo_id where i1_0.pedido_id=?
2026-06-30T16:34:54.069-03:00 DEBUG 18924 --- [loja-jogos-api] [nio-8080-exec-4] org.hibernate.SQL                        : select c1_0.id,c1_0.bairro,c1_0.cep,c1_0.cidade,c1_0.email,c1_0.nome,c1_0.numero,c1_0.pais,c1_0.rua,c1_0.senha,c1_0.telefone from clientes c1_0 where c1_0.id=?
Hibernate: select c1_0.id,c1_0.bairro,c1_0.cep,c1_0.cidade,c1_0.email,c1_0.nome,c1_0.numero,c1_0.pais,c1_0.rua,c1_0.senha,c1_0.telefone from clientes c1_0 where c1_0.id=?
2026-06-30T16:34:54.069-03:00 DEBUG 18924 --- [loja-jogos-api] [nio-8080-exec-8] org.hibernate.SQL                        : select i1_0.pedido_id,i1_0.id,i1_0.jogo_id,j1_0.id,j1_0.categoria,j1_0.nome,j1_0.plataforma,j1_0.preco,i1_0.quantidade from itens_pedido i1_0 left join jogos j1_0 on j1_0.id=i1_0.jogo_id where i1_0.pedido_id=?
Hibernate: select i1_0.pedido_id,i1_0.id,i1_0.jogo_id,j1_0.id,j1_0.categoria,j1_0.nome,j1_0.plataforma,j1_0.preco,i1_0.quantidade from itens_pedido i1_0 left join jogos j1_0 on j1_0.id=i1_0.jogo_id where i1_0.pedido_id=?
2026-06-30T16:34:54.070-03:00 DEBUG 18924 --- [loja-jogos-api] [nio-8080-exec-4] org.hibernate.SQL                        : select i1_0.pedido_id,i1_0.id,i1_0.jogo_id,j1_0.id,j1_0.categoria,j1_0.nome,j1_0.plataforma,j1_0.preco,i1_0.quantidade from itens_pedido i1_0 left join jogos j1_0 on j1_0.id=i1_0.jogo_id where i1_0.pedido_id=?
Hibernate: select i1_0.pedido_id,i1_0.id,i1_0.jogo_id,j1_0.id,j1_0.categoria,j1_0.nome,j1_0.plataforma,j1_0.preco,i1_0.quantidade from itens_pedido i1_0 left join jogos j1_0 on j1_0.id=i1_0.jogo_id where i1_0.pedido_id=?
2026-06-30T16:34:54.071-03:00 DEBUG 18924 --- [loja-jogos-api] [nio-8080-exec-8] o.s.w.s.m.m.a.HttpEntityMethodProcessor  : Using 'application/json', given [*/*] and supported [application/json, application/*+json]
2026-06-30T16:34:54.072-03:00 DEBUG 18924 --- [loja-jogos-api] [nio-8080-exec-4] org.hibernate.SQL                        : select i1_0.pedido_id,i1_0.id,i1_0.jogo_id,j1_0.id,j1_0.categoria,j1_0.nome,j1_0.plataforma,j1_0.preco,i1_0.quantidade from itens_pedido i1_0 left join jogos j1_0 on j1_0.id=i1_0.jogo_id where i1_0.pedido_id=?
Hibernate: select i1_0.pedido_id,i1_0.id,i1_0.jogo_id,j1_0.id,j1_0.categoria,j1_0.nome,j1_0.plataforma,j1_0.preco,i1_0.quantidade from itens_pedido i1_0 left join jogos j1_0 on j1_0.id=i1_0.jogo_id where i1_0.pedido_id=?
2026-06-30T16:34:54.072-03:00 DEBUG 18924 --- [loja-jogos-api] [nio-8080-exec-8] o.s.w.s.m.m.a.HttpEntityMethodProcessor  : Writing [[PedidoResponseDTO[id=1, cliente=ClienteResponseDTO[id=1, nome=Teste CORS, email=teste.cors.17828478 (truncated)...]
2026-06-30T16:34:54.073-03:00 DEBUG 18924 --- [loja-jogos-api] [nio-8080-exec-4] o.s.w.s.m.m.a.HttpEntityMethodProcessor  : Using 'application/json', given [*/*] and supported [application/json, application/*+json]
2026-06-30T16:34:54.074-03:00 DEBUG 18924 --- [loja-jogos-api] [nio-8080-exec-4] o.s.w.s.m.m.a.HttpEntityMethodProcessor  : Writing [[PedidoResponseDTO[id=1, cliente=ClienteResponseDTO[id=1, nome=Teste CORS, email=teste.cors.17828478 (truncated)...]
2026-06-30T16:34:54.075-03:00 DEBUG 18924 --- [loja-jogos-api] [nio-8080-exec-8] o.s.web.servlet.DispatcherServlet        : Completed 200 OK
2026-06-30T16:34:54.075-03:00 DEBUG 18924 --- [loja-jogos-api] [nio-8080-exec-4] o.s.web.servlet.DispatcherServlet        : Completed 200 OK
2026-06-30T16:35:16.838-03:00 DEBUG 18924 --- [loja-jogos-api] [nio-8080-exec-1] o.s.web.servlet.DispatcherServlet        : GET "/pedidos", parameters={}
2026-06-30T16:35:16.841-03:00 DEBUG 18924 --- [loja-jogos-api] [nio-8080-exec-1] s.w.s.m.m.a.RequestMappingHandlerMapping : Mapped to com.lojajogos.controller.PedidoController#listarTodos()
2026-06-30T16:35:16.848-03:00 DEBUG 18924 --- [loja-jogos-api] [nio-8080-exec-1] org.hibernate.SQL                        : select p1_0.id,p1_0.cliente_id,p1_0.cupom_desconto,p1_0.data_pedido,p1_0.mensagemia,p1_0.perfil_cliente,p1_0.recomendacoes,p1_0.status_pedido,p1_0.valor_total from pedidos p1_0
Hibernate: select p1_0.id,p1_0.cliente_id,p1_0.cupom_desconto,p1_0.data_pedido,p1_0.mensagemia,p1_0.perfil_cliente,p1_0.recomendacoes,p1_0.status_pedido,p1_0.valor_total from pedidos p1_0
2026-06-30T16:35:16.858-03:00 DEBUG 18924 --- [loja-jogos-api] [nio-8080-exec-1] org.hibernate.SQL                        : select c1_0.id,c1_0.bairro,c1_0.cep,c1_0.cidade,c1_0.email,c1_0.nome,c1_0.numero,c1_0.pais,c1_0.rua,c1_0.senha,c1_0.telefone from clientes c1_0 where c1_0.id=?
Hibernate: select c1_0.id,c1_0.bairro,c1_0.cep,c1_0.cidade,c1_0.email,c1_0.nome,c1_0.numero,c1_0.pais,c1_0.rua,c1_0.senha,c1_0.telefone from clientes c1_0 where c1_0.id=?
2026-06-30T16:35:16.867-03:00 DEBUG 18924 --- [loja-jogos-api] [nio-8080-exec-1] org.hibernate.SQL                        : select c1_0.id,c1_0.bairro,c1_0.cep,c1_0.cidade,c1_0.email,c1_0.nome,c1_0.numero,c1_0.pais,c1_0.rua,c1_0.senha,c1_0.telefone from clientes c1_0 where c1_0.id=?
Hibernate: select c1_0.id,c1_0.bairro,c1_0.cep,c1_0.cidade,c1_0.email,c1_0.nome,c1_0.numero,c1_0.pais,c1_0.rua,c1_0.senha,c1_0.telefone from clientes c1_0 where c1_0.id=?
2026-06-30T16:35:16.876-03:00 DEBUG 18924 --- [loja-jogos-api] [nio-8080-exec-1] org.hibernate.SQL                        : select i1_0.pedido_id,i1_0.id,i1_0.jogo_id,j1_0.id,j1_0.categoria,j1_0.nome,j1_0.plataforma,j1_0.preco,i1_0.quantidade from itens_pedido i1_0 left join jogos j1_0 on j1_0.id=i1_0.jogo_id where i1_0.pedido_id=?
Hibernate: select i1_0.pedido_id,i1_0.id,i1_0.jogo_id,j1_0.id,j1_0.categoria,j1_0.nome,j1_0.plataforma,j1_0.preco,i1_0.quantidade from itens_pedido i1_0 left join jogos j1_0 on j1_0.id=i1_0.jogo_id where i1_0.pedido_id=?
2026-06-30T16:35:16.884-03:00 DEBUG 18924 --- [loja-jogos-api] [nio-8080-exec-1] org.hibernate.SQL                        : select i1_0.pedido_id,i1_0.id,i1_0.jogo_id,j1_0.id,j1_0.categoria,j1_0.nome,j1_0.plataforma,j1_0.preco,i1_0.quantidade from itens_pedido i1_0 left join jogos j1_0 on j1_0.id=i1_0.jogo_id where i1_0.pedido_id=?
Hibernate: select i1_0.pedido_id,i1_0.id,i1_0.jogo_id,j1_0.id,j1_0.categoria,j1_0.nome,j1_0.plataforma,j1_0.preco,i1_0.quantidade from itens_pedido i1_0 left join jogos j1_0 on j1_0.id=i1_0.jogo_id where i1_0.pedido_id=?
2026-06-30T16:35:16.898-03:00 DEBUG 18924 --- [loja-jogos-api] [nio-8080-exec-1] o.s.w.s.m.m.a.HttpEntityMethodProcessor  : Using 'application/json', given [application/json, text/plain, */*] and supported [application/json, application/*+json]
2026-06-30T16:35:16.902-03:00 DEBUG 18924 --- [loja-jogos-api] [nio-8080-exec-1] o.s.w.s.m.m.a.HttpEntityMethodProcessor  : Writing [[PedidoResponseDTO[id=1, cliente=ClienteResponseDTO[id=1, nome=Teste CORS, email=teste.cors.17828478 (truncated)...]
2026-06-30T16:35:16.907-03:00 DEBUG 18924 --- [loja-jogos-api] [nio-8080-exec-1] o.s.web.servlet.DispatcherServlet        : Completed 200 OK
2026-06-30T16:35:16.917-03:00 DEBUG 18924 --- [loja-jogos-api] [nio-8080-exec-3] o.s.web.servlet.DispatcherServlet        : GET "/pedidos", parameters={}
2026-06-30T16:35:16.921-03:00 DEBUG 18924 --- [loja-jogos-api] [nio-8080-exec-3] s.w.s.m.m.a.RequestMappingHandlerMapping : Mapped to com.lojajogos.controller.PedidoController#listarTodos()
2026-06-30T16:35:16.925-03:00 DEBUG 18924 --- [loja-jogos-api] [nio-8080-exec-3] org.hibernate.SQL                        : select p1_0.id,p1_0.cliente_id,p1_0.cupom_desconto,p1_0.data_pedido,p1_0.mensagemia,p1_0.perfil_cliente,p1_0.recomendacoes,p1_0.status_pedido,p1_0.valor_total from pedidos p1_0
Hibernate: select p1_0.id,p1_0.cliente_id,p1_0.cupom_desconto,p1_0.data_pedido,p1_0.mensagemia,p1_0.perfil_cliente,p1_0.recomendacoes,p1_0.status_pedido,p1_0.valor_total from pedidos p1_0
2026-06-30T16:35:16.932-03:00 DEBUG 18924 --- [loja-jogos-api] [nio-8080-exec-3] org.hibernate.SQL                        : select c1_0.id,c1_0.bairro,c1_0.cep,c1_0.cidade,c1_0.email,c1_0.nome,c1_0.numero,c1_0.pais,c1_0.rua,c1_0.senha,c1_0.telefone from clientes c1_0 where c1_0.id=?
Hibernate: select c1_0.id,c1_0.bairro,c1_0.cep,c1_0.cidade,c1_0.email,c1_0.nome,c1_0.numero,c1_0.pais,c1_0.rua,c1_0.senha,c1_0.telefone from clientes c1_0 where c1_0.id=?
2026-06-30T16:35:16.942-03:00 DEBUG 18924 --- [loja-jogos-api] [nio-8080-exec-3] org.hibernate.SQL                        : select c1_0.id,c1_0.bairro,c1_0.cep,c1_0.cidade,c1_0.email,c1_0.nome,c1_0.numero,c1_0.pais,c1_0.rua,c1_0.senha,c1_0.telefone from clientes c1_0 where c1_0.id=?
Hibernate: select c1_0.id,c1_0.bairro,c1_0.cep,c1_0.cidade,c1_0.email,c1_0.nome,c1_0.numero,c1_0.pais,c1_0.rua,c1_0.senha,c1_0.telefone from clientes c1_0 where c1_0.id=?
2026-06-30T16:35:16.951-03:00 DEBUG 18924 --- [loja-jogos-api] [nio-8080-exec-3] org.hibernate.SQL                        : select i1_0.pedido_id,i1_0.id,i1_0.jogo_id,j1_0.id,j1_0.categoria,j1_0.nome,j1_0.plataforma,j1_0.preco,i1_0.quantidade from itens_pedido i1_0 left join jogos j1_0 on j1_0.id=i1_0.jogo_id where i1_0.pedido_id=?
Hibernate: select i1_0.pedido_id,i1_0.id,i1_0.jogo_id,j1_0.id,j1_0.categoria,j1_0.nome,j1_0.plataforma,j1_0.preco,i1_0.quantidade from itens_pedido i1_0 left join jogos j1_0 on j1_0.id=i1_0.jogo_id where i1_0.pedido_id=?
2026-06-30T16:35:16.962-03:00 DEBUG 18924 --- [loja-jogos-api] [nio-8080-exec-3] org.hibernate.SQL                        : select i1_0.pedido_id,i1_0.id,i1_0.jogo_id,j1_0.id,j1_0.categoria,j1_0.nome,j1_0.plataforma,j1_0.preco,i1_0.quantidade from itens_pedido i1_0 left join jogos j1_0 on j1_0.id=i1_0.jogo_id where i1_0.pedido_id=?
Hibernate: select i1_0.pedido_id,i1_0.id,i1_0.jogo_id,j1_0.id,j1_0.categoria,j1_0.nome,j1_0.plataforma,j1_0.preco,i1_0.quantidade from itens_pedido i1_0 left join jogos j1_0 on j1_0.id=i1_0.jogo_id where i1_0.pedido_id=?
2026-06-30T16:35:16.970-03:00 DEBUG 18924 --- [loja-jogos-api] [nio-8080-exec-3] o.s.w.s.m.m.a.HttpEntityMethodProcessor  : Using 'application/json', given [application/json, text/plain, */*] and supported [application/json, application/*+json]
2026-06-30T16:35:16.975-03:00 DEBUG 18924 --- [loja-jogos-api] [nio-8080-exec-3] o.s.w.s.m.m.a.HttpEntityMethodProcessor  : Writing [[PedidoResponseDTO[id=1, cliente=ClienteResponseDTO[id=1, nome=Teste CORS, email=teste.cors.17828478 (truncated)...]
2026-06-30T16:35:16.980-03:00 DEBUG 18924 --- [loja-jogos-api] [nio-8080-exec-3] o.s.web.servlet.DispatcherServlet        : Completed 200 OK
2026-06-30T16:39:48.218-03:00 DEBUG 18924 --- [loja-jogos-api] [nio-8080-exec-7] o.s.web.servlet.DispatcherServlet        : GET "/jogos", parameters={}
2026-06-30T16:39:48.218-03:00 DEBUG 18924 --- [loja-jogos-api] [nio-8080-exec-7] s.w.s.m.m.a.RequestMappingHandlerMapping : Mapped to com.lojajogos.controller.JogoController#listarTodos()
2026-06-30T16:39:48.220-03:00 DEBUG 18924 --- [loja-jogos-api] [nio-8080-exec-9] o.s.web.servlet.DispatcherServlet        : GET "/jogos", parameters={}
2026-06-30T16:39:48.220-03:00 DEBUG 18924 --- [loja-jogos-api] [nio-8080-exec-9] s.w.s.m.m.a.RequestMappingHandlerMapping : Mapped to com.lojajogos.controller.JogoController#listarTodos()
2026-06-30T16:39:48.222-03:00 DEBUG 18924 --- [loja-jogos-api] [nio-8080-exec-7] org.hibernate.SQL                        : select j1_0.id,j1_0.categoria,j1_0.nome,j1_0.plataforma,j1_0.preco from jogos j1_0
2026-06-30T16:39:48.222-03:00 DEBUG 18924 --- [loja-jogos-api] [nio-8080-exec-9] org.hibernate.SQL                        : select j1_0.id,j1_0.categoria,j1_0.nome,j1_0.plataforma,j1_0.preco from jogos j1_0
Hibernate: select j1_0.id,j1_0.categoria,j1_0.nome,j1_0.plataforma,j1_0.preco from jogos j1_0
Hibernate: select j1_0.id,j1_0.categoria,j1_0.nome,j1_0.plataforma,j1_0.preco from jogos j1_0
2026-06-30T16:39:48.227-03:00 DEBUG 18924 --- [loja-jogos-api] [nio-8080-exec-9] o.s.w.s.m.m.a.HttpEntityMethodProcessor  : Using 'application/json', given [*/*] and supported [application/json, application/*+json]
2026-06-30T16:39:48.227-03:00 DEBUG 18924 --- [loja-jogos-api] [nio-8080-exec-7] o.s.w.s.m.m.a.HttpEntityMethodProcessor  : Using 'application/json', given [*/*] and supported [application/json, application/*+json]
2026-06-30T16:39:48.227-03:00 DEBUG 18924 --- [loja-jogos-api] [nio-8080-exec-9] o.s.w.s.m.m.a.HttpEntityMethodProcessor  : Writing [[JogoResponseDTO[id=1, nome=Halo Infinite, categoria=Acao, plataforma=Xbox Series, preco=199.90], Jo (truncated)...]
2026-06-30T16:39:48.228-03:00 DEBUG 18924 --- [loja-jogos-api] [nio-8080-exec-7] o.s.w.s.m.m.a.HttpEntityMethodProcessor  : Writing [[JogoResponseDTO[id=1, nome=Halo Infinite, categoria=Acao, plataforma=Xbox Series, preco=199.90], Jo (truncated)...]
2026-06-30T16:39:48.229-03:00 DEBUG 18924 --- [loja-jogos-api] [nio-8080-exec-9] o.s.web.servlet.DispatcherServlet        : Completed 200 OK
2026-06-30T16:39:48.229-03:00 DEBUG 18924 --- [loja-jogos-api] [nio-8080-exec-7] o.s.web.servlet.DispatcherServlet        : Completed 200 OK
2026-06-30T16:40:44.740-03:00 DEBUG 18924 --- [loja-jogos-api] [nio-8080-exec-6] o.s.web.servlet.DispatcherServlet        : GET "/jogos", parameters={}
2026-06-30T16:40:44.741-03:00 DEBUG 18924 --- [loja-jogos-api] [nio-8080-exec-6] s.w.s.m.m.a.RequestMappingHandlerMapping : Mapped to com.lojajogos.controller.JogoController#listarTodos()
2026-06-30T16:40:44.742-03:00 DEBUG 18924 --- [loja-jogos-api] [nio-8080-exec-2] o.s.web.servlet.DispatcherServlet        : GET "/jogos", parameters={}
2026-06-30T16:40:44.743-03:00 DEBUG 18924 --- [loja-jogos-api] [nio-8080-exec-2] s.w.s.m.m.a.RequestMappingHandlerMapping : Mapped to com.lojajogos.controller.JogoController#listarTodos()
2026-06-30T16:40:44.743-03:00 DEBUG 18924 --- [loja-jogos-api] [nio-8080-exec-6] org.hibernate.SQL                        : select j1_0.id,j1_0.categoria,j1_0.nome,j1_0.plataforma,j1_0.preco from jogos j1_0
Hibernate: select j1_0.id,j1_0.categoria,j1_0.nome,j1_0.plataforma,j1_0.preco from jogos j1_0
2026-06-30T16:40:44.744-03:00 DEBUG 18924 --- [loja-jogos-api] [nio-8080-exec-2] org.hibernate.SQL                        : select j1_0.id,j1_0.categoria,j1_0.nome,j1_0.plataforma,j1_0.preco from jogos j1_0
Hibernate: select j1_0.id,j1_0.categoria,j1_0.nome,j1_0.plataforma,j1_0.preco from jogos j1_0
2026-06-30T16:40:44.745-03:00 DEBUG 18924 --- [loja-jogos-api] [nio-8080-exec-6] o.s.w.s.m.m.a.HttpEntityMethodProcessor  : Using 'application/json', given [*/*] and supported [application/json, application/*+json]
2026-06-30T16:40:44.746-03:00 DEBUG 18924 --- [loja-jogos-api] [nio-8080-exec-6] o.s.w.s.m.m.a.HttpEntityMethodProcessor  : Writing [[JogoResponseDTO[id=1, nome=Halo Infinite, categoria=Acao, plataforma=Xbox Series, preco=199.90], Jo (truncated)...]
2026-06-30T16:40:44.748-03:00 DEBUG 18924 --- [loja-jogos-api] [nio-8080-exec-2] o.s.w.s.m.m.a.HttpEntityMethodProcessor  : Using 'application/json', given [*/*] and supported [application/json, application/*+json]
2026-06-30T16:40:44.749-03:00 DEBUG 18924 --- [loja-jogos-api] [nio-8080-exec-6] o.s.web.servlet.DispatcherServlet        : Completed 200 OK
2026-06-30T16:40:44.750-03:00 DEBUG 18924 --- [loja-jogos-api] [nio-8080-exec-2] o.s.w.s.m.m.a.HttpEntityMethodProcessor  : Writing [[JogoResponseDTO[id=1, nome=Halo Infinite, categoria=Acao, plataforma=Xbox Series, preco=199.90], Jo (truncated)...]
2026-06-30T16:40:44.751-03:00 DEBUG 18924 --- [loja-jogos-api] [nio-8080-exec-2] o.s.web.servlet.DispatcherServlet        : Completed 200 OK
2026-06-30T16:40:55.267-03:00 DEBUG 18924 --- [loja-jogos-api] [nio-8080-exec-4] o.s.web.servlet.DispatcherServlet        : POST "/clientes", parameters={}
2026-06-30T16:40:55.267-03:00 DEBUG 18924 --- [loja-jogos-api] [nio-8080-exec-4] s.w.s.m.m.a.RequestMappingHandlerMapping : Mapped to com.lojajogos.controller.ClienteController#salvar(ClienteRequestDTO)
2026-06-30T16:40:55.268-03:00 DEBUG 18924 --- [loja-jogos-api] [nio-8080-exec-4] m.m.a.RequestResponseBodyMethodProcessor : Read "application/json;charset=UTF-8" to [ClienteRequestDTO[nome=Teste Compra, email=teste.compra.1782848454@exemplo.com, senha=123456, telefo (truncated)...]
2026-06-30T16:40:55.269-03:00 DEBUG 18924 --- [loja-jogos-api] [nio-8080-exec-4] org.hibernate.SQL                        : insert into clientes (bairro,cep,cidade,email,nome,numero,pais,rua,senha,telefone,id) values (?,?,?,?,?,?,?,?,?,?,default)
Hibernate: insert into clientes (bairro,cep,cidade,email,nome,numero,pais,rua,senha,telefone,id) values (?,?,?,?,?,?,?,?,?,?,default)
2026-06-30T16:40:55.271-03:00 DEBUG 18924 --- [loja-jogos-api] [nio-8080-exec-4] o.s.w.s.m.m.a.HttpEntityMethodProcessor  : Using 'application/json', given [*/*] and supported [application/json, application/*+json]
2026-06-30T16:40:55.271-03:00 DEBUG 18924 --- [loja-jogos-api] [nio-8080-exec-4] o.s.w.s.m.m.a.HttpEntityMethodProcessor  : Writing [ClienteResponseDTO[id=3, nome=Teste Compra, email=teste.compra.1782848454@exemplo.com, telefone=2499 (truncated)...]
2026-06-30T16:40:55.273-03:00 DEBUG 18924 --- [loja-jogos-api] [nio-8080-exec-4] o.s.web.servlet.DispatcherServlet        : Completed 201 CREATED
2026-06-30T16:40:55.326-03:00 DEBUG 18924 --- [loja-jogos-api] [io-8080-exec-10] o.s.web.servlet.DispatcherServlet        : POST "/pedidos", parameters={}
2026-06-30T16:40:55.326-03:00 DEBUG 18924 --- [loja-jogos-api] [io-8080-exec-10] s.w.s.m.m.a.RequestMappingHandlerMapping : Mapped to com.lojajogos.controller.PedidoController#salvar(PedidoRequestDTO)
2026-06-30T16:40:55.328-03:00 DEBUG 18924 --- [loja-jogos-api] [io-8080-exec-10] m.m.a.RequestResponseBodyMethodProcessor : Read "application/json;charset=UTF-8" to [PedidoRequestDTO[clienteId=3, itens=[ItemPedidoRequestDTO[jogoId=1, quantidade=1]], statusPedido=PEN (truncated)...]
2026-06-30T16:40:55.330-03:00 DEBUG 18924 --- [loja-jogos-api] [io-8080-exec-10] org.hibernate.SQL                        : select c1_0.id,c1_0.bairro,c1_0.cep,c1_0.cidade,c1_0.email,c1_0.nome,c1_0.numero,c1_0.pais,c1_0.rua,c1_0.senha,c1_0.telefone from clientes c1_0 where c1_0.id=?
Hibernate: select c1_0.id,c1_0.bairro,c1_0.cep,c1_0.cidade,c1_0.email,c1_0.nome,c1_0.numero,c1_0.pais,c1_0.rua,c1_0.senha,c1_0.telefone from clientes c1_0 where c1_0.id=?
2026-06-30T16:40:55.331-03:00 DEBUG 18924 --- [loja-jogos-api] [io-8080-exec-10] org.hibernate.SQL                        : select j1_0.id,j1_0.categoria,j1_0.nome,j1_0.plataforma,j1_0.preco from jogos j1_0 where j1_0.id=?
Hibernate: select j1_0.id,j1_0.categoria,j1_0.nome,j1_0.plataforma,j1_0.preco from jogos j1_0 where j1_0.id=?
2026-06-30T16:40:55.332-03:00 DEBUG 18924 --- [loja-jogos-api] [io-8080-exec-10] org.hibernate.SQL                        : insert into pedidos (cliente_id,cupom_desconto,data_pedido,mensagemia,perfil_cliente,recomendacoes,status_pedido,valor_total,id) values (?,?,?,?,?,?,?,?,default)
Hibernate: insert into pedidos (cliente_id,cupom_desconto,data_pedido,mensagemia,perfil_cliente,recomendacoes,status_pedido,valor_total,id) values (?,?,?,?,?,?,?,?,default)
2026-06-30T16:40:55.333-03:00 DEBUG 18924 --- [loja-jogos-api] [io-8080-exec-10] org.hibernate.SQL                        : insert into itens_pedido (jogo_id,pedido_id,quantidade,id) values (?,?,?,default)
Hibernate: insert into itens_pedido (jogo_id,pedido_id,quantidade,id) values (?,?,?,default)
2026-06-30T16:40:55.335-03:00 DEBUG 18924 --- [loja-jogos-api] [io-8080-exec-10] o.s.web.client.RestTemplate              : HTTP POST http://localhost:5678/webhook-test/pedidos
2026-06-30T16:40:55.335-03:00 DEBUG 18924 --- [loja-jogos-api] [io-8080-exec-10] o.s.web.client.RestTemplate              : Accept=[application/json, application/*+json]
2026-06-30T16:40:55.336-03:00 DEBUG 18924 --- [loja-jogos-api] [io-8080-exec-10] o.s.web.client.RestTemplate              : Writing [{cliente=Teste Compra, cidade=Petrópolis, produtos=[Halo Infinite], valorTotal=199.90, id=3}] with org.springframework.http.converter.json.MappingJackson2HttpMessageConverter
2026-06-30T16:40:55.337-03:00 ERROR 18924 --- [loja-jogos-api] [io-8080-exec-10] com.lojajogos.service.PedidoService      : Erro ao enviar pedido 3 para automação n8n: I/O error on POST request for "http://localhost:5678/webhook-test/pedidos": Connection refused: no further information

org.springframework.web.client.ResourceAccessException: I/O error on POST request for "http://localhost:5678/webhook-test/pedidos": Connection refused: no further information
	at org.springframework.web.client.RestTemplate.createResourceAccessException(RestTemplate.java:915) ~[spring-web-6.1.14.jar:6.1.14]
	at org.springframework.web.client.RestTemplate.doExecute(RestTemplate.java:895) ~[spring-web-6.1.14.jar:6.1.14]
	at org.springframework.web.client.RestTemplate.execute(RestTemplate.java:790) ~[spring-web-6.1.14.jar:6.1.14]
	at org.springframework.web.client.RestTemplate.postForEntity(RestTemplate.java:538) ~[spring-web-6.1.14.jar:6.1.14]
	at com.lojajogos.service.PedidoService.enviarPedidoParaAutomacao(PedidoService.java:199) ~[classes/:na]
	at com.lojajogos.service.PedidoService.salvar(PedidoService.java:54) ~[classes/:na]
	at java.base/jdk.internal.reflect.NativeMethodAccessorImpl.invoke0(Native Method) ~[na:na]
	at java.base/jdk.internal.reflect.NativeMethodAccessorImpl.invoke(NativeMethodAccessorImpl.java:77) ~[na:na]
	at java.base/jdk.internal.reflect.DelegatingMethodAccessorImpl.invoke(DelegatingMethodAccessorImpl.java:43) ~[na:na]
	at java.base/java.lang.reflect.Method.invoke(Method.java:568) ~[na:na]
	at org.springframework.aop.support.AopUtils.invokeJoinpointUsingReflection(AopUtils.java:355) ~[spring-aop-6.1.14.jar:6.1.14]
	at org.springframework.aop.framework.ReflectiveMethodInvocation.invokeJoinpoint(ReflectiveMethodInvocation.java:196) ~[spring-aop-6.1.14.jar:6.1.14]
	at org.springframework.aop.framework.ReflectiveMethodInvocation.proceed(ReflectiveMethodInvocation.java:163) ~[spring-aop-6.1.14.jar:6.1.14]
	at org.springframework.aop.framework.CglibAopProxy$CglibMethodInvocation.proceed(CglibAopProxy.java:768) ~[spring-aop-6.1.14.jar:6.1.14]
	at org.springframework.transaction.interceptor.TransactionAspectSupport.invokeWithinTransaction(TransactionAspectSupport.java:379) ~[spring-tx-6.1.14.jar:6.1.14]
	at org.springframework.transaction.interceptor.TransactionInterceptor.invoke(TransactionInterceptor.java:119) ~[spring-tx-6.1.14.jar:6.1.14]
	at org.springframework.aop.framework.ReflectiveMethodInvocation.proceed(ReflectiveMethodInvocation.java:184) ~[spring-aop-6.1.14.jar:6.1.14]
	at org.springframework.aop.framework.CglibAopProxy$CglibMethodInvocation.proceed(CglibAopProxy.java:768) ~[spring-aop-6.1.14.jar:6.1.14]
	at org.springframework.aop.framework.CglibAopProxy$DynamicAdvisedInterceptor.intercept(CglibAopProxy.java:720) ~[spring-aop-6.1.14.jar:6.1.14]
	at com.lojajogos.service.PedidoService$$SpringCGLIB$$0.salvar(<generated>) ~[classes/:na]
	at com.lojajogos.controller.PedidoController.salvar(PedidoController.java:32) ~[classes/:na]
	at java.base/jdk.internal.reflect.NativeMethodAccessorImpl.invoke0(Native Method) ~[na:na]
	at java.base/jdk.internal.reflect.NativeMethodAccessorImpl.invoke(NativeMethodAccessorImpl.java:77) ~[na:na]
	at java.base/jdk.internal.reflect.DelegatingMethodAccessorImpl.invoke(DelegatingMethodAccessorImpl.java:43) ~[na:na]
	at java.base/java.lang.reflect.Method.invoke(Method.java:568) ~[na:na]
	at org.springframework.web.method.support.InvocableHandlerMethod.doInvoke(InvocableHandlerMethod.java:255) ~[spring-web-6.1.14.jar:6.1.14]
	at org.springframework.web.method.support.InvocableHandlerMethod.invokeForRequest(InvocableHandlerMethod.java:188) ~[spring-web-6.1.14.jar:6.1.14]
	at org.springframework.web.servlet.mvc.method.annotation.ServletInvocableHandlerMethod.invokeAndHandle(ServletInvocableHandlerMethod.java:118) ~[spring-webmvc-6.1.14.jar:6.1.14]
	at org.springframework.web.servlet.mvc.method.annotation.RequestMappingHandlerAdapter.invokeHandlerMethod(RequestMappingHandlerAdapter.java:926) ~[spring-webmvc-6.1.14.jar:6.1.14]
	at org.springframework.web.servlet.mvc.method.annotation.RequestMappingHandlerAdapter.handleInternal(RequestMappingHandlerAdapter.java:831) ~[spring-webmvc-6.1.14.jar:6.1.14]
	at org.springframework.web.servlet.mvc.method.AbstractHandlerMethodAdapter.handle(AbstractHandlerMethodAdapter.java:87) ~[spring-webmvc-6.1.14.jar:6.1.14]
	at org.springframework.web.servlet.DispatcherServlet.doDispatch(DispatcherServlet.java:1089) ~[spring-webmvc-6.1.14.jar:6.1.14]
	at org.springframework.web.servlet.DispatcherServlet.doService(DispatcherServlet.java:979) ~[spring-webmvc-6.1.14.jar:6.1.14]
	at org.springframework.web.servlet.FrameworkServlet.processRequest(FrameworkServlet.java:1014) ~[spring-webmvc-6.1.14.jar:6.1.14]
	at org.springframework.web.servlet.FrameworkServlet.doPost(FrameworkServlet.java:914) ~[spring-webmvc-6.1.14.jar:6.1.14]
	at jakarta.servlet.http.HttpServlet.service(HttpServlet.java:590) ~[tomcat-embed-core-10.1.31.jar:6.0]
	at org.springframework.web.servlet.FrameworkServlet.service(FrameworkServlet.java:885) ~[spring-webmvc-6.1.14.jar:6.1.14]
	at jakarta.servlet.http.HttpServlet.service(HttpServlet.java:658) ~[tomcat-embed-core-10.1.31.jar:6.0]
	at org.apache.catalina.core.ApplicationFilterChain.internalDoFilter(ApplicationFilterChain.java:195) ~[tomcat-embed-core-10.1.31.jar:10.1.31]
	at org.apache.catalina.core.ApplicationFilterChain.doFilter(ApplicationFilterChain.java:140) ~[tomcat-embed-core-10.1.31.jar:10.1.31]
	at org.apache.tomcat.websocket.server.WsFilter.doFilter(WsFilter.java:51) ~[tomcat-embed-websocket-10.1.31.jar:10.1.31]
	at org.apache.catalina.core.ApplicationFilterChain.internalDoFilter(ApplicationFilterChain.java:164) ~[tomcat-embed-core-10.1.31.jar:10.1.31]
	at org.apache.catalina.core.ApplicationFilterChain.doFilter(ApplicationFilterChain.java:140) ~[tomcat-embed-core-10.1.31.jar:10.1.31]
	at org.springframework.web.filter.RequestContextFilter.doFilterInternal(RequestContextFilter.java:100) ~[spring-web-6.1.14.jar:6.1.14]
	at org.springframework.web.filter.OncePerRequestFilter.doFilter(OncePerRequestFilter.java:116) ~[spring-web-6.1.14.jar:6.1.14]
	at org.apache.catalina.core.ApplicationFilterChain.internalDoFilter(ApplicationFilterChain.java:164) ~[tomcat-embed-core-10.1.31.jar:10.1.31]
	at org.apache.catalina.core.ApplicationFilterChain.doFilter(ApplicationFilterChain.java:140) ~[tomcat-embed-core-10.1.31.jar:10.1.31]
	at org.springframework.web.filter.FormContentFilter.doFilterInternal(FormContentFilter.java:93) ~[spring-web-6.1.14.jar:6.1.14]
	at org.springframework.web.filter.OncePerRequestFilter.doFilter(OncePerRequestFilter.java:116) ~[spring-web-6.1.14.jar:6.1.14]
	at org.apache.catalina.core.ApplicationFilterChain.internalDoFilter(ApplicationFilterChain.java:164) ~[tomcat-embed-core-10.1.31.jar:10.1.31]
	at org.apache.catalina.core.ApplicationFilterChain.doFilter(ApplicationFilterChain.java:140) ~[tomcat-embed-core-10.1.31.jar:10.1.31]
	at org.springframework.web.filter.CharacterEncodingFilter.doFilterInternal(CharacterEncodingFilter.java:201) ~[spring-web-6.1.14.jar:6.1.14]
	at org.springframework.web.filter.OncePerRequestFilter.doFilter(OncePerRequestFilter.java:116) ~[spring-web-6.1.14.jar:6.1.14]
	at org.apache.catalina.core.ApplicationFilterChain.internalDoFilter(ApplicationFilterChain.java:164) ~[tomcat-embed-core-10.1.31.jar:10.1.31]
	at org.apache.catalina.core.ApplicationFilterChain.doFilter(ApplicationFilterChain.java:140) ~[tomcat-embed-core-10.1.31.jar:10.1.31]
	at org.apache.catalina.core.StandardWrapperValve.invoke(StandardWrapperValve.java:167) ~[tomcat-embed-core-10.1.31.jar:10.1.31]
	at org.apache.catalina.core.StandardContextValve.invoke(StandardContextValve.java:90) ~[tomcat-embed-core-10.1.31.jar:10.1.31]
	at org.apache.catalina.authenticator.AuthenticatorBase.invoke(AuthenticatorBase.java:483) ~[tomcat-embed-core-10.1.31.jar:10.1.31]
	at org.apache.catalina.core.StandardHostValve.invoke(StandardHostValve.java:115) ~[tomcat-embed-core-10.1.31.jar:10.1.31]
	at org.apache.catalina.valves.ErrorReportValve.invoke(ErrorReportValve.java:93) ~[tomcat-embed-core-10.1.31.jar:10.1.31]
	at org.apache.catalina.core.StandardEngineValve.invoke(StandardEngineValve.java:74) ~[tomcat-embed-core-10.1.31.jar:10.1.31]
	at org.apache.catalina.connector.CoyoteAdapter.service(CoyoteAdapter.java:344) ~[tomcat-embed-core-10.1.31.jar:10.1.31]
	at org.apache.coyote.http11.Http11Processor.service(Http11Processor.java:384) ~[tomcat-embed-core-10.1.31.jar:10.1.31]
	at org.apache.coyote.AbstractProcessorLight.process(AbstractProcessorLight.java:63) ~[tomcat-embed-core-10.1.31.jar:10.1.31]
	at org.apache.coyote.AbstractProtocol$ConnectionHandler.process(AbstractProtocol.java:905) ~[tomcat-embed-core-10.1.31.jar:10.1.31]
	at org.apache.tomcat.util.net.NioEndpoint$SocketProcessor.doRun(NioEndpoint.java:1741) ~[tomcat-embed-core-10.1.31.jar:10.1.31]
	at org.apache.tomcat.util.net.SocketProcessorBase.run(SocketProcessorBase.java:52) ~[tomcat-embed-core-10.1.31.jar:10.1.31]
	at org.apache.tomcat.util.threads.ThreadPoolExecutor.runWorker(ThreadPoolExecutor.java:1190) ~[tomcat-embed-core-10.1.31.jar:10.1.31]
	at org.apache.tomcat.util.threads.ThreadPoolExecutor$Worker.run(ThreadPoolExecutor.java:659) ~[tomcat-embed-core-10.1.31.jar:10.1.31]
	at org.apache.tomcat.util.threads.TaskThread$WrappingRunnable.run(TaskThread.java:63) ~[tomcat-embed-core-10.1.31.jar:10.1.31]
	at java.base/java.lang.Thread.run(Thread.java:842) ~[na:na]
Caused by: java.net.ConnectException: Connection refused: no further information
	at java.base/sun.nio.ch.Net.pollConnect(Native Method) ~[na:na]
	at java.base/sun.nio.ch.Net.pollConnectNow(Net.java:672) ~[na:na]
	at java.base/sun.nio.ch.NioSocketImpl.timedFinishConnect(NioSocketImpl.java:547) ~[na:na]
	at java.base/sun.nio.ch.NioSocketImpl.connect(NioSocketImpl.java:602) ~[na:na]
	at java.base/java.net.Socket.connect(Socket.java:633) ~[na:na]
	at java.base/sun.net.NetworkClient.doConnect(NetworkClient.java:178) ~[na:na]
	at java.base/sun.net.www.http.HttpClient.openServer(HttpClient.java:534) ~[na:na]
	at java.base/sun.net.www.http.HttpClient.openServer(HttpClient.java:639) ~[na:na]
	at java.base/sun.net.www.http.HttpClient.<init>(HttpClient.java:282) ~[na:na]
	at java.base/sun.net.www.http.HttpClient.New(HttpClient.java:387) ~[na:na]
	at java.base/sun.net.www.http.HttpClient.New(HttpClient.java:409) ~[na:na]
	at java.base/sun.net.www.protocol.http.HttpURLConnection.getNewHttpClient(HttpURLConnection.java:1308) ~[na:na]
	at java.base/sun.net.www.protocol.http.HttpURLConnection.plainConnect0(HttpURLConnection.java:1241) ~[na:na]
	at java.base/sun.net.www.protocol.http.HttpURLConnection.plainConnect(HttpURLConnection.java:1127) ~[na:na]
	at java.base/sun.net.www.protocol.http.HttpURLConnection.connect(HttpURLConnection.java:1056) ~[na:na]
	at org.springframework.http.client.SimpleClientHttpRequest.executeInternal(SimpleClientHttpRequest.java:79) ~[spring-web-6.1.14.jar:6.1.14]
	at org.springframework.http.client.AbstractStreamingClientHttpRequest.executeInternal(AbstractStreamingClientHttpRequest.java:70) ~[spring-web-6.1.14.jar:6.1.14]
	at org.springframework.http.client.AbstractClientHttpRequest.execute(AbstractClientHttpRequest.java:66) ~[spring-web-6.1.14.jar:6.1.14]
	at org.springframework.web.client.RestTemplate.doExecute(RestTemplate.java:889) ~[spring-web-6.1.14.jar:6.1.14]
	... 69 common frames omitted

2026-06-30T16:40:55.340-03:00 DEBUG 18924 --- [loja-jogos-api] [io-8080-exec-10] o.s.w.s.m.m.a.HttpEntityMethodProcessor  : Using 'application/json', given [*/*] and supported [application/json, application/*+json]
2026-06-30T16:40:55.340-03:00 DEBUG 18924 --- [loja-jogos-api] [io-8080-exec-10] o.s.w.s.m.m.a.HttpEntityMethodProcessor  : Writing [PedidoResponseDTO[id=3, cliente=ClienteResponseDTO[id=3, nome=Teste Compra, email=teste.compra.17828 (truncated)...]
2026-06-30T16:40:55.341-03:00 DEBUG 18924 --- [loja-jogos-api] [io-8080-exec-10] o.s.web.servlet.DispatcherServlet        : Completed 201 CREATED
2026-06-30T16:43:30.837-03:00 DEBUG 18924 --- [loja-jogos-api] [nio-8080-exec-1] o.s.web.servlet.DispatcherServlet        : GET "/pedidos", parameters={}
2026-06-30T16:43:30.838-03:00 DEBUG 18924 --- [loja-jogos-api] [nio-8080-exec-1] s.w.s.m.m.a.RequestMappingHandlerMapping : Mapped to com.lojajogos.controller.PedidoController#listarTodos()
2026-06-30T16:43:30.841-03:00 DEBUG 18924 --- [loja-jogos-api] [nio-8080-exec-1] org.hibernate.SQL                        : select p1_0.id,p1_0.cliente_id,p1_0.cupom_desconto,p1_0.data_pedido,p1_0.mensagemia,p1_0.perfil_cliente,p1_0.recomendacoes,p1_0.status_pedido,p1_0.valor_total from pedidos p1_0
Hibernate: select p1_0.id,p1_0.cliente_id,p1_0.cupom_desconto,p1_0.data_pedido,p1_0.mensagemia,p1_0.perfil_cliente,p1_0.recomendacoes,p1_0.status_pedido,p1_0.valor_total from pedidos p1_0
2026-06-30T16:43:30.848-03:00 DEBUG 18924 --- [loja-jogos-api] [nio-8080-exec-1] org.hibernate.SQL                        : select c1_0.id,c1_0.bairro,c1_0.cep,c1_0.cidade,c1_0.email,c1_0.nome,c1_0.numero,c1_0.pais,c1_0.rua,c1_0.senha,c1_0.telefone from clientes c1_0 where c1_0.id=?
Hibernate: select c1_0.id,c1_0.bairro,c1_0.cep,c1_0.cidade,c1_0.email,c1_0.nome,c1_0.numero,c1_0.pais,c1_0.rua,c1_0.senha,c1_0.telefone from clientes c1_0 where c1_0.id=?
2026-06-30T16:43:30.850-03:00 DEBUG 18924 --- [loja-jogos-api] [nio-8080-exec-1] org.hibernate.SQL                        : select c1_0.id,c1_0.bairro,c1_0.cep,c1_0.cidade,c1_0.email,c1_0.nome,c1_0.numero,c1_0.pais,c1_0.rua,c1_0.senha,c1_0.telefone from clientes c1_0 where c1_0.id=?
Hibernate: select c1_0.id,c1_0.bairro,c1_0.cep,c1_0.cidade,c1_0.email,c1_0.nome,c1_0.numero,c1_0.pais,c1_0.rua,c1_0.senha,c1_0.telefone from clientes c1_0 where c1_0.id=?
2026-06-30T16:43:30.852-03:00 DEBUG 18924 --- [loja-jogos-api] [nio-8080-exec-1] org.hibernate.SQL                        : select c1_0.id,c1_0.bairro,c1_0.cep,c1_0.cidade,c1_0.email,c1_0.nome,c1_0.numero,c1_0.pais,c1_0.rua,c1_0.senha,c1_0.telefone from clientes c1_0 where c1_0.id=?
Hibernate: select c1_0.id,c1_0.bairro,c1_0.cep,c1_0.cidade,c1_0.email,c1_0.nome,c1_0.numero,c1_0.pais,c1_0.rua,c1_0.senha,c1_0.telefone from clientes c1_0 where c1_0.id=?
2026-06-30T16:43:30.853-03:00 DEBUG 18924 --- [loja-jogos-api] [nio-8080-exec-1] org.hibernate.SQL                        : select i1_0.pedido_id,i1_0.id,i1_0.jogo_id,j1_0.id,j1_0.categoria,j1_0.nome,j1_0.plataforma,j1_0.preco,i1_0.quantidade from itens_pedido i1_0 left join jogos j1_0 on j1_0.id=i1_0.jogo_id where i1_0.pedido_id=?
Hibernate: select i1_0.pedido_id,i1_0.id,i1_0.jogo_id,j1_0.id,j1_0.categoria,j1_0.nome,j1_0.plataforma,j1_0.preco,i1_0.quantidade from itens_pedido i1_0 left join jogos j1_0 on j1_0.id=i1_0.jogo_id where i1_0.pedido_id=?
2026-06-30T16:43:30.854-03:00 DEBUG 18924 --- [loja-jogos-api] [nio-8080-exec-1] org.hibernate.SQL                        : select i1_0.pedido_id,i1_0.id,i1_0.jogo_id,j1_0.id,j1_0.categoria,j1_0.nome,j1_0.plataforma,j1_0.preco,i1_0.quantidade from itens_pedido i1_0 left join jogos j1_0 on j1_0.id=i1_0.jogo_id where i1_0.pedido_id=?
Hibernate: select i1_0.pedido_id,i1_0.id,i1_0.jogo_id,j1_0.id,j1_0.categoria,j1_0.nome,j1_0.plataforma,j1_0.preco,i1_0.quantidade from itens_pedido i1_0 left join jogos j1_0 on j1_0.id=i1_0.jogo_id where i1_0.pedido_id=?
2026-06-30T16:43:30.856-03:00 DEBUG 18924 --- [loja-jogos-api] [nio-8080-exec-1] org.hibernate.SQL                        : select i1_0.pedido_id,i1_0.id,i1_0.jogo_id,j1_0.id,j1_0.categoria,j1_0.nome,j1_0.plataforma,j1_0.preco,i1_0.quantidade from itens_pedido i1_0 left join jogos j1_0 on j1_0.id=i1_0.jogo_id where i1_0.pedido_id=?
Hibernate: select i1_0.pedido_id,i1_0.id,i1_0.jogo_id,j1_0.id,j1_0.categoria,j1_0.nome,j1_0.plataforma,j1_0.preco,i1_0.quantidade from itens_pedido i1_0 left join jogos j1_0 on j1_0.id=i1_0.jogo_id where i1_0.pedido_id=?
2026-06-30T16:43:30.860-03:00 DEBUG 18924 --- [loja-jogos-api] [nio-8080-exec-1] o.s.w.s.m.m.a.HttpEntityMethodProcessor  : Using 'application/json', given [application/json, text/plain, */*] and supported [application/json, application/*+json]
2026-06-30T16:43:30.861-03:00 DEBUG 18924 --- [loja-jogos-api] [nio-8080-exec-1] o.s.w.s.m.m.a.HttpEntityMethodProcessor  : Writing [[PedidoResponseDTO[id=1, cliente=ClienteResponseDTO[id=1, nome=Teste CORS, email=teste.cors.17828478 (truncated)...]
2026-06-30T16:43:30.862-03:00 DEBUG 18924 --- [loja-jogos-api] [nio-8080-exec-1] o.s.web.servlet.DispatcherServlet        : Completed 200 OK
2026-06-30T16:43:30.868-03:00 DEBUG 18924 --- [loja-jogos-api] [nio-8080-exec-3] o.s.web.servlet.DispatcherServlet        : GET "/pedidos", parameters={}
2026-06-30T16:43:30.868-03:00 DEBUG 18924 --- [loja-jogos-api] [nio-8080-exec-3] s.w.s.m.m.a.RequestMappingHandlerMapping : Mapped to com.lojajogos.controller.PedidoController#listarTodos()
2026-06-30T16:43:30.870-03:00 DEBUG 18924 --- [loja-jogos-api] [nio-8080-exec-3] org.hibernate.SQL                        : select p1_0.id,p1_0.cliente_id,p1_0.cupom_desconto,p1_0.data_pedido,p1_0.mensagemia,p1_0.perfil_cliente,p1_0.recomendacoes,p1_0.status_pedido,p1_0.valor_total from pedidos p1_0
Hibernate: select p1_0.id,p1_0.cliente_id,p1_0.cupom_desconto,p1_0.data_pedido,p1_0.mensagemia,p1_0.perfil_cliente,p1_0.recomendacoes,p1_0.status_pedido,p1_0.valor_total from pedidos p1_0
2026-06-30T16:43:30.870-03:00 DEBUG 18924 --- [loja-jogos-api] [nio-8080-exec-3] org.hibernate.SQL                        : select c1_0.id,c1_0.bairro,c1_0.cep,c1_0.cidade,c1_0.email,c1_0.nome,c1_0.numero,c1_0.pais,c1_0.rua,c1_0.senha,c1_0.telefone from clientes c1_0 where c1_0.id=?
Hibernate: select c1_0.id,c1_0.bairro,c1_0.cep,c1_0.cidade,c1_0.email,c1_0.nome,c1_0.numero,c1_0.pais,c1_0.rua,c1_0.senha,c1_0.telefone from clientes c1_0 where c1_0.id=?
2026-06-30T16:43:30.872-03:00 DEBUG 18924 --- [loja-jogos-api] [nio-8080-exec-3] org.hibernate.SQL                        : select c1_0.id,c1_0.bairro,c1_0.cep,c1_0.cidade,c1_0.email,c1_0.nome,c1_0.numero,c1_0.pais,c1_0.rua,c1_0.senha,c1_0.telefone from clientes c1_0 where c1_0.id=?
Hibernate: select c1_0.id,c1_0.bairro,c1_0.cep,c1_0.cidade,c1_0.email,c1_0.nome,c1_0.numero,c1_0.pais,c1_0.rua,c1_0.senha,c1_0.telefone from clientes c1_0 where c1_0.id=?
2026-06-30T16:43:30.873-03:00 DEBUG 18924 --- [loja-jogos-api] [nio-8080-exec-3] org.hibernate.SQL                        : select c1_0.id,c1_0.bairro,c1_0.cep,c1_0.cidade,c1_0.email,c1_0.nome,c1_0.numero,c1_0.pais,c1_0.rua,c1_0.senha,c1_0.telefone from clientes c1_0 where c1_0.id=?
Hibernate: select c1_0.id,c1_0.bairro,c1_0.cep,c1_0.cidade,c1_0.email,c1_0.nome,c1_0.numero,c1_0.pais,c1_0.rua,c1_0.senha,c1_0.telefone from clientes c1_0 where c1_0.id=?
2026-06-30T16:43:30.876-03:00 DEBUG 18924 --- [loja-jogos-api] [nio-8080-exec-3] org.hibernate.SQL                        : select i1_0.pedido_id,i1_0.id,i1_0.jogo_id,j1_0.id,j1_0.categoria,j1_0.nome,j1_0.plataforma,j1_0.preco,i1_0.quantidade from itens_pedido i1_0 left join jogos j1_0 on j1_0.id=i1_0.jogo_id where i1_0.pedido_id=?
Hibernate: select i1_0.pedido_id,i1_0.id,i1_0.jogo_id,j1_0.id,j1_0.categoria,j1_0.nome,j1_0.plataforma,j1_0.preco,i1_0.quantidade from itens_pedido i1_0 left join jogos j1_0 on j1_0.id=i1_0.jogo_id where i1_0.pedido_id=?
2026-06-30T16:43:30.878-03:00 DEBUG 18924 --- [loja-jogos-api] [nio-8080-exec-3] org.hibernate.SQL                        : select i1_0.pedido_id,i1_0.id,i1_0.jogo_id,j1_0.id,j1_0.categoria,j1_0.nome,j1_0.plataforma,j1_0.preco,i1_0.quantidade from itens_pedido i1_0 left join jogos j1_0 on j1_0.id=i1_0.jogo_id where i1_0.pedido_id=?
Hibernate: select i1_0.pedido_id,i1_0.id,i1_0.jogo_id,j1_0.id,j1_0.categoria,j1_0.nome,j1_0.plataforma,j1_0.preco,i1_0.quantidade from itens_pedido i1_0 left join jogos j1_0 on j1_0.id=i1_0.jogo_id where i1_0.pedido_id=?
2026-06-30T16:43:30.879-03:00 DEBUG 18924 --- [loja-jogos-api] [nio-8080-exec-3] org.hibernate.SQL                        : select i1_0.pedido_id,i1_0.id,i1_0.jogo_id,j1_0.id,j1_0.categoria,j1_0.nome,j1_0.plataforma,j1_0.preco,i1_0.quantidade from itens_pedido i1_0 left join jogos j1_0 on j1_0.id=i1_0.jogo_id where i1_0.pedido_id=?
Hibernate: select i1_0.pedido_id,i1_0.id,i1_0.jogo_id,j1_0.id,j1_0.categoria,j1_0.nome,j1_0.plataforma,j1_0.preco,i1_0.quantidade from itens_pedido i1_0 left join jogos j1_0 on j1_0.id=i1_0.jogo_id where i1_0.pedido_id=?
2026-06-30T16:43:30.881-03:00 DEBUG 18924 --- [loja-jogos-api] [nio-8080-exec-3] o.s.w.s.m.m.a.HttpEntityMethodProcessor  : Using 'application/json', given [application/json, text/plain, */*] and supported [application/json, application/*+json]
2026-06-30T16:43:30.882-03:00 DEBUG 18924 --- [loja-jogos-api] [nio-8080-exec-3] o.s.w.s.m.m.a.HttpEntityMethodProcessor  : Writing [[PedidoResponseDTO[id=1, cliente=ClienteResponseDTO[id=1, nome=Teste CORS, email=teste.cors.17828478 (truncated)...]
2026-06-30T16:43:30.882-03:00 DEBUG 18924 --- [loja-jogos-api] [nio-8080-exec-3] o.s.web.servlet.DispatcherServlet        : Completed 200 OK
2026-06-30T16:43:33.797-03:00 DEBUG 18924 --- [loja-jogos-api] [nio-8080-exec-9] o.s.web.servlet.DispatcherServlet        : GET "/jogos", parameters={}
2026-06-30T16:43:33.799-03:00 DEBUG 18924 --- [loja-jogos-api] [nio-8080-exec-9] s.w.s.m.m.a.RequestMappingHandlerMapping : Mapped to com.lojajogos.controller.JogoController#listarTodos()
2026-06-30T16:43:33.800-03:00 DEBUG 18924 --- [loja-jogos-api] [nio-8080-exec-9] org.hibernate.SQL                        : select j1_0.id,j1_0.categoria,j1_0.nome,j1_0.plataforma,j1_0.preco from jogos j1_0
Hibernate: select j1_0.id,j1_0.categoria,j1_0.nome,j1_0.plataforma,j1_0.preco from jogos j1_0
2026-06-30T16:43:33.803-03:00 DEBUG 18924 --- [loja-jogos-api] [nio-8080-exec-9] o.s.w.s.m.m.a.HttpEntityMethodProcessor  : Using 'application/json', given [application/json, text/plain, */*] and supported [application/json, application/*+json]
2026-06-30T16:43:33.804-03:00 DEBUG 18924 --- [loja-jogos-api] [nio-8080-exec-9] o.s.w.s.m.m.a.HttpEntityMethodProcessor  : Writing [[JogoResponseDTO[id=1, nome=Halo Infinite, categoria=Acao, plataforma=Xbox Series, preco=199.90], Jo (truncated)...]
2026-06-30T16:43:33.805-03:00 DEBUG 18924 --- [loja-jogos-api] [nio-8080-exec-9] o.s.web.servlet.DispatcherServlet        : Completed 200 OK
2026-06-30T16:43:33.811-03:00 DEBUG 18924 --- [loja-jogos-api] [nio-8080-exec-7] o.s.web.servlet.DispatcherServlet        : GET "/jogos", parameters={}
2026-06-30T16:43:33.812-03:00 DEBUG 18924 --- [loja-jogos-api] [nio-8080-exec-7] s.w.s.m.m.a.RequestMappingHandlerMapping : Mapped to com.lojajogos.controller.JogoController#listarTodos()
2026-06-30T16:43:33.814-03:00 DEBUG 18924 --- [loja-jogos-api] [nio-8080-exec-7] org.hibernate.SQL                        : select j1_0.id,j1_0.categoria,j1_0.nome,j1_0.plataforma,j1_0.preco from jogos j1_0
Hibernate: select j1_0.id,j1_0.categoria,j1_0.nome,j1_0.plataforma,j1_0.preco from jogos j1_0
2026-06-30T16:43:33.816-03:00 DEBUG 18924 --- [loja-jogos-api] [nio-8080-exec-7] o.s.w.s.m.m.a.HttpEntityMethodProcessor  : Using 'application/json', given [application/json, text/plain, */*] and supported [application/json, application/*+json]
2026-06-30T16:43:33.817-03:00 DEBUG 18924 --- [loja-jogos-api] [nio-8080-exec-7] o.s.w.s.m.m.a.HttpEntityMethodProcessor  : Writing [[JogoResponseDTO[id=1, nome=Halo Infinite, categoria=Acao, plataforma=Xbox Series, preco=199.90], Jo (truncated)...]
2026-06-30T16:43:33.820-03:00 DEBUG 18924 --- [loja-jogos-api] [nio-8080-exec-7] o.s.web.servlet.DispatcherServlet        : Completed 200 OK
2026-06-30T16:43:34.675-03:00 DEBUG 18924 --- [loja-jogos-api] [nio-8080-exec-5] o.s.web.servlet.DispatcherServlet        : GET "/jogos", parameters={}
2026-06-30T16:43:34.676-03:00 DEBUG 18924 --- [loja-jogos-api] [nio-8080-exec-5] s.w.s.m.m.a.RequestMappingHandlerMapping : Mapped to com.lojajogos.controller.JogoController#listarTodos()
2026-06-30T16:43:34.679-03:00 DEBUG 18924 --- [loja-jogos-api] [nio-8080-exec-5] org.hibernate.SQL                        : select j1_0.id,j1_0.categoria,j1_0.nome,j1_0.plataforma,j1_0.preco from jogos j1_0
Hibernate: select j1_0.id,j1_0.categoria,j1_0.nome,j1_0.plataforma,j1_0.preco from jogos j1_0
2026-06-30T16:43:34.682-03:00 DEBUG 18924 --- [loja-jogos-api] [nio-8080-exec-5] o.s.w.s.m.m.a.HttpEntityMethodProcessor  : Using 'application/json', given [application/json, text/plain, */*] and supported [application/json, application/*+json]
2026-06-30T16:43:34.683-03:00 DEBUG 18924 --- [loja-jogos-api] [nio-8080-exec-5] o.s.w.s.m.m.a.HttpEntityMethodProcessor  : Writing [[JogoResponseDTO[id=1, nome=Halo Infinite, categoria=Acao, plataforma=Xbox Series, preco=199.90], Jo (truncated)...]
2026-06-30T16:43:34.683-03:00 DEBUG 18924 --- [loja-jogos-api] [nio-8080-exec-5] o.s.web.servlet.DispatcherServlet        : Completed 200 OK
2026-06-30T16:43:34.689-03:00 DEBUG 18924 --- [loja-jogos-api] [nio-8080-exec-6] o.s.web.servlet.DispatcherServlet        : GET "/jogos", parameters={}
2026-06-30T16:43:34.691-03:00 DEBUG 18924 --- [loja-jogos-api] [nio-8080-exec-6] s.w.s.m.m.a.RequestMappingHandlerMapping : Mapped to com.lojajogos.controller.JogoController#listarTodos()
2026-06-30T16:43:34.693-03:00 DEBUG 18924 --- [loja-jogos-api] [nio-8080-exec-6] org.hibernate.SQL                        : select j1_0.id,j1_0.categoria,j1_0.nome,j1_0.plataforma,j1_0.preco from jogos j1_0
Hibernate: select j1_0.id,j1_0.categoria,j1_0.nome,j1_0.plataforma,j1_0.preco from jogos j1_0
2026-06-30T16:43:34.696-03:00 DEBUG 18924 --- [loja-jogos-api] [nio-8080-exec-6] o.s.w.s.m.m.a.HttpEntityMethodProcessor  : Using 'application/json', given [application/json, text/plain, */*] and supported [application/json, application/*+json]
2026-06-30T16:43:34.697-03:00 DEBUG 18924 --- [loja-jogos-api] [nio-8080-exec-6] o.s.w.s.m.m.a.HttpEntityMethodProcessor  : Writing [[JogoResponseDTO[id=1, nome=Halo Infinite, categoria=Acao, plataforma=Xbox Series, preco=199.90], Jo (truncated)...]
2026-06-30T16:43:34.699-03:00 DEBUG 18924 --- [loja-jogos-api] [nio-8080-exec-6] o.s.web.servlet.DispatcherServlet        : Completed 200 OK
2026-06-30T16:43:49.245-03:00 DEBUG 18924 --- [loja-jogos-api] [nio-8080-exec-2] o.s.web.servlet.DispatcherServlet        : GET "/jogos", parameters={}
2026-06-30T16:43:49.246-03:00 DEBUG 18924 --- [loja-jogos-api] [nio-8080-exec-2] s.w.s.m.m.a.RequestMappingHandlerMapping : Mapped to com.lojajogos.controller.JogoController#listarTodos()
2026-06-30T16:43:49.248-03:00 DEBUG 18924 --- [loja-jogos-api] [nio-8080-exec-2] org.hibernate.SQL                        : select j1_0.id,j1_0.categoria,j1_0.nome,j1_0.plataforma,j1_0.preco from jogos j1_0
Hibernate: select j1_0.id,j1_0.categoria,j1_0.nome,j1_0.plataforma,j1_0.preco from jogos j1_0
2026-06-30T16:43:49.250-03:00 DEBUG 18924 --- [loja-jogos-api] [nio-8080-exec-2] o.s.w.s.m.m.a.HttpEntityMethodProcessor  : Using 'application/json', given [application/json, text/plain, */*] and supported [application/json, application/*+json]
2026-06-30T16:43:49.251-03:00 DEBUG 18924 --- [loja-jogos-api] [nio-8080-exec-2] o.s.w.s.m.m.a.HttpEntityMethodProcessor  : Writing [[JogoResponseDTO[id=1, nome=Halo Infinite, categoria=Acao, plataforma=Xbox Series, preco=199.90], Jo (truncated)...]
2026-06-30T16:43:49.252-03:00 DEBUG 18924 --- [loja-jogos-api] [nio-8080-exec-2] o.s.web.servlet.DispatcherServlet        : Completed 200 OK
2026-06-30T16:43:49.258-03:00 DEBUG 18924 --- [loja-jogos-api] [nio-8080-exec-8] o.s.web.servlet.DispatcherServlet        : GET "/jogos", parameters={}
2026-06-30T16:43:49.259-03:00 DEBUG 18924 --- [loja-jogos-api] [nio-8080-exec-8] s.w.s.m.m.a.RequestMappingHandlerMapping : Mapped to com.lojajogos.controller.JogoController#listarTodos()
2026-06-30T16:43:49.260-03:00 DEBUG 18924 --- [loja-jogos-api] [nio-8080-exec-8] org.hibernate.SQL                        : select j1_0.id,j1_0.categoria,j1_0.nome,j1_0.plataforma,j1_0.preco from jogos j1_0
Hibernate: select j1_0.id,j1_0.categoria,j1_0.nome,j1_0.plataforma,j1_0.preco from jogos j1_0
2026-06-30T16:43:49.264-03:00 DEBUG 18924 --- [loja-jogos-api] [nio-8080-exec-8] o.s.w.s.m.m.a.HttpEntityMethodProcessor  : Using 'application/json', given [application/json, text/plain, */*] and supported [application/json, application/*+json]
2026-06-30T16:43:49.265-03:00 DEBUG 18924 --- [loja-jogos-api] [nio-8080-exec-8] o.s.w.s.m.m.a.HttpEntityMethodProcessor  : Writing [[JogoResponseDTO[id=1, nome=Halo Infinite, categoria=Acao, plataforma=Xbox Series, preco=199.90], Jo (truncated)...]
2026-06-30T16:43:49.266-03:00 DEBUG 18924 --- [loja-jogos-api] [nio-8080-exec-8] o.s.web.servlet.DispatcherServlet        : Completed 200 OK
2026-06-30T16:43:56.118-03:00 DEBUG 18924 --- [loja-jogos-api] [nio-8080-exec-4] o.s.web.servlet.DispatcherServlet        : POST "/pedidos", parameters={}
2026-06-30T16:43:56.118-03:00 DEBUG 18924 --- [loja-jogos-api] [nio-8080-exec-4] s.w.s.m.m.a.RequestMappingHandlerMapping : Mapped to com.lojajogos.controller.PedidoController#salvar(PedidoRequestDTO)
2026-06-30T16:43:56.126-03:00 DEBUG 18924 --- [loja-jogos-api] [nio-8080-exec-4] m.m.a.RequestResponseBodyMethodProcessor : Read "application/json;charset=UTF-8" to [PedidoRequestDTO[clienteId=2, itens=[ItemPedidoRequestDTO[jogoId=1, quantidade=1]], statusPedido=PEN (truncated)...]
2026-06-30T16:43:56.127-03:00 DEBUG 18924 --- [loja-jogos-api] [nio-8080-exec-4] org.hibernate.SQL                        : select c1_0.id,c1_0.bairro,c1_0.cep,c1_0.cidade,c1_0.email,c1_0.nome,c1_0.numero,c1_0.pais,c1_0.rua,c1_0.senha,c1_0.telefone from clientes c1_0 where c1_0.id=?
Hibernate: select c1_0.id,c1_0.bairro,c1_0.cep,c1_0.cidade,c1_0.email,c1_0.nome,c1_0.numero,c1_0.pais,c1_0.rua,c1_0.senha,c1_0.telefone from clientes c1_0 where c1_0.id=?
2026-06-30T16:43:56.129-03:00 DEBUG 18924 --- [loja-jogos-api] [nio-8080-exec-4] org.hibernate.SQL                        : select j1_0.id,j1_0.categoria,j1_0.nome,j1_0.plataforma,j1_0.preco from jogos j1_0 where j1_0.id=?
Hibernate: select j1_0.id,j1_0.categoria,j1_0.nome,j1_0.plataforma,j1_0.preco from jogos j1_0 where j1_0.id=?
2026-06-30T16:43:56.131-03:00 DEBUG 18924 --- [loja-jogos-api] [nio-8080-exec-4] org.hibernate.SQL                        : insert into pedidos (cliente_id,cupom_desconto,data_pedido,mensagemia,perfil_cliente,recomendacoes,status_pedido,valor_total,id) values (?,?,?,?,?,?,?,?,default)
Hibernate: insert into pedidos (cliente_id,cupom_desconto,data_pedido,mensagemia,perfil_cliente,recomendacoes,status_pedido,valor_total,id) values (?,?,?,?,?,?,?,?,default)
2026-06-30T16:43:56.132-03:00 DEBUG 18924 --- [loja-jogos-api] [nio-8080-exec-4] org.hibernate.SQL                        : insert into itens_pedido (jogo_id,pedido_id,quantidade,id) values (?,?,?,default)
Hibernate: insert into itens_pedido (jogo_id,pedido_id,quantidade,id) values (?,?,?,default)
2026-06-30T16:43:56.134-03:00 DEBUG 18924 --- [loja-jogos-api] [nio-8080-exec-4] o.s.web.client.RestTemplate              : HTTP POST http://localhost:5678/webhook-test/pedidos
2026-06-30T16:43:56.134-03:00 DEBUG 18924 --- [loja-jogos-api] [nio-8080-exec-4] o.s.web.client.RestTemplate              : Accept=[application/json, application/*+json]
2026-06-30T16:43:56.135-03:00 DEBUG 18924 --- [loja-jogos-api] [nio-8080-exec-4] o.s.web.client.RestTemplate              : Writing [{cliente=kaguya , cidade=Petrópolis, produtos=[Halo Infinite], valorTotal=199.90, id=4}] with org.springframework.http.converter.json.MappingJackson2HttpMessageConverter
2026-06-30T16:43:56.156-03:00 ERROR 18924 --- [loja-jogos-api] [nio-8080-exec-4] com.lojajogos.service.PedidoService      : Erro ao enviar pedido 4 para automação n8n: I/O error on POST request for "http://localhost:5678/webhook-test/pedidos": Connection refused: no further information

org.springframework.web.client.ResourceAccessException: I/O error on POST request for "http://localhost:5678/webhook-test/pedidos": Connection refused: no further information
	at org.springframework.web.client.RestTemplate.createResourceAccessException(RestTemplate.java:915) ~[spring-web-6.1.14.jar:6.1.14]
	at org.springframework.web.client.RestTemplate.doExecute(RestTemplate.java:895) ~[spring-web-6.1.14.jar:6.1.14]
	at org.springframework.web.client.RestTemplate.execute(RestTemplate.java:790) ~[spring-web-6.1.14.jar:6.1.14]
	at org.springframework.web.client.RestTemplate.postForEntity(RestTemplate.java:538) ~[spring-web-6.1.14.jar:6.1.14]
	at com.lojajogos.service.PedidoService.enviarPedidoParaAutomacao(PedidoService.java:199) ~[classes/:na]
	at com.lojajogos.service.PedidoService.salvar(PedidoService.java:54) ~[classes/:na]
	at java.base/jdk.internal.reflect.NativeMethodAccessorImpl.invoke0(Native Method) ~[na:na]
	at java.base/jdk.internal.reflect.NativeMethodAccessorImpl.invoke(NativeMethodAccessorImpl.java:77) ~[na:na]
	at java.base/jdk.internal.reflect.DelegatingMethodAccessorImpl.invoke(DelegatingMethodAccessorImpl.java:43) ~[na:na]
	at java.base/java.lang.reflect.Method.invoke(Method.java:568) ~[na:na]
	at org.springframework.aop.support.AopUtils.invokeJoinpointUsingReflection(AopUtils.java:355) ~[spring-aop-6.1.14.jar:6.1.14]
	at org.springframework.aop.framework.ReflectiveMethodInvocation.invokeJoinpoint(ReflectiveMethodInvocation.java:196) ~[spring-aop-6.1.14.jar:6.1.14]
	at org.springframework.aop.framework.ReflectiveMethodInvocation.proceed(ReflectiveMethodInvocation.java:163) ~[spring-aop-6.1.14.jar:6.1.14]
	at org.springframework.aop.framework.CglibAopProxy$CglibMethodInvocation.proceed(CglibAopProxy.java:768) ~[spring-aop-6.1.14.jar:6.1.14]
	at org.springframework.transaction.interceptor.TransactionAspectSupport.invokeWithinTransaction(TransactionAspectSupport.java:379) ~[spring-tx-6.1.14.jar:6.1.14]
	at org.springframework.transaction.interceptor.TransactionInterceptor.invoke(TransactionInterceptor.java:119) ~[spring-tx-6.1.14.jar:6.1.14]
	at org.springframework.aop.framework.ReflectiveMethodInvocation.proceed(ReflectiveMethodInvocation.java:184) ~[spring-aop-6.1.14.jar:6.1.14]
	at org.springframework.aop.framework.CglibAopProxy$CglibMethodInvocation.proceed(CglibAopProxy.java:768) ~[spring-aop-6.1.14.jar:6.1.14]
	at org.springframework.aop.framework.CglibAopProxy$DynamicAdvisedInterceptor.intercept(CglibAopProxy.java:720) ~[spring-aop-6.1.14.jar:6.1.14]
	at com.lojajogos.service.PedidoService$$SpringCGLIB$$0.salvar(<generated>) ~[classes/:na]
	at com.lojajogos.controller.PedidoController.salvar(PedidoController.java:32) ~[classes/:na]
	at java.base/jdk.internal.reflect.NativeMethodAccessorImpl.invoke0(Native Method) ~[na:na]
	at java.base/jdk.internal.reflect.NativeMethodAccessorImpl.invoke(NativeMethodAccessorImpl.java:77) ~[na:na]
	at java.base/jdk.internal.reflect.DelegatingMethodAccessorImpl.invoke(DelegatingMethodAccessorImpl.java:43) ~[na:na]
	at java.base/java.lang.reflect.Method.invoke(Method.java:568) ~[na:na]
	at org.springframework.web.method.support.InvocableHandlerMethod.doInvoke(InvocableHandlerMethod.java:255) ~[spring-web-6.1.14.jar:6.1.14]
	at org.springframework.web.method.support.InvocableHandlerMethod.invokeForRequest(InvocableHandlerMethod.java:188) ~[spring-web-6.1.14.jar:6.1.14]
	at org.springframework.web.servlet.mvc.method.annotation.ServletInvocableHandlerMethod.invokeAndHandle(ServletInvocableHandlerMethod.java:118) ~[spring-webmvc-6.1.14.jar:6.1.14]
	at org.springframework.web.servlet.mvc.method.annotation.RequestMappingHandlerAdapter.invokeHandlerMethod(RequestMappingHandlerAdapter.java:926) ~[spring-webmvc-6.1.14.jar:6.1.14]
	at org.springframework.web.servlet.mvc.method.annotation.RequestMappingHandlerAdapter.handleInternal(RequestMappingHandlerAdapter.java:831) ~[spring-webmvc-6.1.14.jar:6.1.14]
	at org.springframework.web.servlet.mvc.method.AbstractHandlerMethodAdapter.handle(AbstractHandlerMethodAdapter.java:87) ~[spring-webmvc-6.1.14.jar:6.1.14]
	at org.springframework.web.servlet.DispatcherServlet.doDispatch(DispatcherServlet.java:1089) ~[spring-webmvc-6.1.14.jar:6.1.14]
	at org.springframework.web.servlet.DispatcherServlet.doService(DispatcherServlet.java:979) ~[spring-webmvc-6.1.14.jar:6.1.14]
	at org.springframework.web.servlet.FrameworkServlet.processRequest(FrameworkServlet.java:1014) ~[spring-webmvc-6.1.14.jar:6.1.14]
	at org.springframework.web.servlet.FrameworkServlet.doPost(FrameworkServlet.java:914) ~[spring-webmvc-6.1.14.jar:6.1.14]
	at jakarta.servlet.http.HttpServlet.service(HttpServlet.java:590) ~[tomcat-embed-core-10.1.31.jar:6.0]
	at org.springframework.web.servlet.FrameworkServlet.service(FrameworkServlet.java:885) ~[spring-webmvc-6.1.14.jar:6.1.14]
	at jakarta.servlet.http.HttpServlet.service(HttpServlet.java:658) ~[tomcat-embed-core-10.1.31.jar:6.0]
	at org.apache.catalina.core.ApplicationFilterChain.internalDoFilter(ApplicationFilterChain.java:195) ~[tomcat-embed-core-10.1.31.jar:10.1.31]
	at org.apache.catalina.core.ApplicationFilterChain.doFilter(ApplicationFilterChain.java:140) ~[tomcat-embed-core-10.1.31.jar:10.1.31]
	at org.apache.tomcat.websocket.server.WsFilter.doFilter(WsFilter.java:51) ~[tomcat-embed-websocket-10.1.31.jar:10.1.31]
	at org.apache.catalina.core.ApplicationFilterChain.internalDoFilter(ApplicationFilterChain.java:164) ~[tomcat-embed-core-10.1.31.jar:10.1.31]
	at org.apache.catalina.core.ApplicationFilterChain.doFilter(ApplicationFilterChain.java:140) ~[tomcat-embed-core-10.1.31.jar:10.1.31]
	at org.springframework.web.filter.RequestContextFilter.doFilterInternal(RequestContextFilter.java:100) ~[spring-web-6.1.14.jar:6.1.14]
	at org.springframework.web.filter.OncePerRequestFilter.doFilter(OncePerRequestFilter.java:116) ~[spring-web-6.1.14.jar:6.1.14]
	at org.apache.catalina.core.ApplicationFilterChain.internalDoFilter(ApplicationFilterChain.java:164) ~[tomcat-embed-core-10.1.31.jar:10.1.31]
	at org.apache.catalina.core.ApplicationFilterChain.doFilter(ApplicationFilterChain.java:140) ~[tomcat-embed-core-10.1.31.jar:10.1.31]
	at org.springframework.web.filter.FormContentFilter.doFilterInternal(FormContentFilter.java:93) ~[spring-web-6.1.14.jar:6.1.14]
	at org.springframework.web.filter.OncePerRequestFilter.doFilter(OncePerRequestFilter.java:116) ~[spring-web-6.1.14.jar:6.1.14]
	at org.apache.catalina.core.ApplicationFilterChain.internalDoFilter(ApplicationFilterChain.java:164) ~[tomcat-embed-core-10.1.31.jar:10.1.31]
	at org.apache.catalina.core.ApplicationFilterChain.doFilter(ApplicationFilterChain.java:140) ~[tomcat-embed-core-10.1.31.jar:10.1.31]
	at org.springframework.web.filter.CharacterEncodingFilter.doFilterInternal(CharacterEncodingFilter.java:201) ~[spring-web-6.1.14.jar:6.1.14]
	at org.springframework.web.filter.OncePerRequestFilter.doFilter(OncePerRequestFilter.java:116) ~[spring-web-6.1.14.jar:6.1.14]
	at org.apache.catalina.core.ApplicationFilterChain.internalDoFilter(ApplicationFilterChain.java:164) ~[tomcat-embed-core-10.1.31.jar:10.1.31]
	at org.apache.catalina.core.ApplicationFilterChain.doFilter(ApplicationFilterChain.java:140) ~[tomcat-embed-core-10.1.31.jar:10.1.31]
	at org.apache.catalina.core.StandardWrapperValve.invoke(StandardWrapperValve.java:167) ~[tomcat-embed-core-10.1.31.jar:10.1.31]
	at org.apache.catalina.core.StandardContextValve.invoke(StandardContextValve.java:90) ~[tomcat-embed-core-10.1.31.jar:10.1.31]
	at org.apache.catalina.authenticator.AuthenticatorBase.invoke(AuthenticatorBase.java:483) ~[tomcat-embed-core-10.1.31.jar:10.1.31]
	at org.apache.catalina.core.StandardHostValve.invoke(StandardHostValve.java:115) ~[tomcat-embed-core-10.1.31.jar:10.1.31]
	at org.apache.catalina.valves.ErrorReportValve.invoke(ErrorReportValve.java:93) ~[tomcat-embed-core-10.1.31.jar:10.1.31]
	at org.apache.catalina.core.StandardEngineValve.invoke(StandardEngineValve.java:74) ~[tomcat-embed-core-10.1.31.jar:10.1.31]
	at org.apache.catalina.connector.CoyoteAdapter.service(CoyoteAdapter.java:344) ~[tomcat-embed-core-10.1.31.jar:10.1.31]
	at org.apache.coyote.http11.Http11Processor.service(Http11Processor.java:384) ~[tomcat-embed-core-10.1.31.jar:10.1.31]
	at org.apache.coyote.AbstractProcessorLight.process(AbstractProcessorLight.java:63) ~[tomcat-embed-core-10.1.31.jar:10.1.31]
	at org.apache.coyote.AbstractProtocol$ConnectionHandler.process(AbstractProtocol.java:905) ~[tomcat-embed-core-10.1.31.jar:10.1.31]
	at org.apache.tomcat.util.net.NioEndpoint$SocketProcessor.doRun(NioEndpoint.java:1741) ~[tomcat-embed-core-10.1.31.jar:10.1.31]
	at org.apache.tomcat.util.net.SocketProcessorBase.run(SocketProcessorBase.java:52) ~[tomcat-embed-core-10.1.31.jar:10.1.31]
	at org.apache.tomcat.util.threads.ThreadPoolExecutor.runWorker(ThreadPoolExecutor.java:1190) ~[tomcat-embed-core-10.1.31.jar:10.1.31]
	at org.apache.tomcat.util.threads.ThreadPoolExecutor$Worker.run(ThreadPoolExecutor.java:659) ~[tomcat-embed-core-10.1.31.jar:10.1.31]
	at org.apache.tomcat.util.threads.TaskThread$WrappingRunnable.run(TaskThread.java:63) ~[tomcat-embed-core-10.1.31.jar:10.1.31]
	at java.base/java.lang.Thread.run(Thread.java:842) ~[na:na]
Caused by: java.net.ConnectException: Connection refused: no further information
	at java.base/sun.nio.ch.Net.pollConnect(Native Method) ~[na:na]
	at java.base/sun.nio.ch.Net.pollConnectNow(Net.java:672) ~[na:na]
	at java.base/sun.nio.ch.NioSocketImpl.timedFinishConnect(NioSocketImpl.java:547) ~[na:na]
	at java.base/sun.nio.ch.NioSocketImpl.connect(NioSocketImpl.java:602) ~[na:na]
	at java.base/java.net.Socket.connect(Socket.java:633) ~[na:na]
	at java.base/sun.net.NetworkClient.doConnect(NetworkClient.java:178) ~[na:na]
	at java.base/sun.net.www.http.HttpClient.openServer(HttpClient.java:534) ~[na:na]
	at java.base/sun.net.www.http.HttpClient.openServer(HttpClient.java:639) ~[na:na]
	at java.base/sun.net.www.http.HttpClient.<init>(HttpClient.java:282) ~[na:na]
	at java.base/sun.net.www.http.HttpClient.New(HttpClient.java:387) ~[na:na]
	at java.base/sun.net.www.http.HttpClient.New(HttpClient.java:409) ~[na:na]
	at java.base/sun.net.www.protocol.http.HttpURLConnection.getNewHttpClient(HttpURLConnection.java:1308) ~[na:na]
	at java.base/sun.net.www.protocol.http.HttpURLConnection.plainConnect0(HttpURLConnection.java:1241) ~[na:na]
	at java.base/sun.net.www.protocol.http.HttpURLConnection.plainConnect(HttpURLConnection.java:1127) ~[na:na]
	at java.base/sun.net.www.protocol.http.HttpURLConnection.connect(HttpURLConnection.java:1056) ~[na:na]
	at org.springframework.http.client.SimpleClientHttpRequest.executeInternal(SimpleClientHttpRequest.java:79) ~[spring-web-6.1.14.jar:6.1.14]
	at org.springframework.http.client.AbstractStreamingClientHttpRequest.executeInternal(AbstractStreamingClientHttpRequest.java:70) ~[spring-web-6.1.14.jar:6.1.14]
	at org.springframework.http.client.AbstractClientHttpRequest.execute(AbstractClientHttpRequest.java:66) ~[spring-web-6.1.14.jar:6.1.14]
	at org.springframework.web.client.RestTemplate.doExecute(RestTemplate.java:889) ~[spring-web-6.1.14.jar:6.1.14]
	... 69 common frames omitted

2026-06-30T16:43:56.160-03:00 DEBUG 18924 --- [loja-jogos-api] [nio-8080-exec-4] o.s.w.s.m.m.a.HttpEntityMethodProcessor  : Using 'application/json', given [application/json, text/plain, */*] and supported [application/json, application/*+json]
2026-06-30T16:43:56.160-03:00 DEBUG 18924 --- [loja-jogos-api] [nio-8080-exec-4] o.s.w.s.m.m.a.HttpEntityMethodProcessor  : Writing [PedidoResponseDTO[id=4, cliente=ClienteResponseDTO[id=2, nome=kaguya , email=pedropositivoone@gmail. (truncated)...]
2026-06-30T16:43:56.162-03:00 DEBUG 18924 --- [loja-jogos-api] [nio-8080-exec-4] o.s.web.servlet.DispatcherServlet        : Completed 201 CREATED
2026-06-30T16:43:56.173-03:00 DEBUG 18924 --- [loja-jogos-api] [io-8080-exec-10] o.s.web.servlet.DispatcherServlet        : GET "/pedidos", parameters={}
2026-06-30T16:43:56.175-03:00 DEBUG 18924 --- [loja-jogos-api] [io-8080-exec-10] s.w.s.m.m.a.RequestMappingHandlerMapping : Mapped to com.lojajogos.controller.PedidoController#listarTodos()
2026-06-30T16:43:56.176-03:00 DEBUG 18924 --- [loja-jogos-api] [io-8080-exec-10] org.hibernate.SQL                        : select p1_0.id,p1_0.cliente_id,p1_0.cupom_desconto,p1_0.data_pedido,p1_0.mensagemia,p1_0.perfil_cliente,p1_0.recomendacoes,p1_0.status_pedido,p1_0.valor_total from pedidos p1_0
Hibernate: select p1_0.id,p1_0.cliente_id,p1_0.cupom_desconto,p1_0.data_pedido,p1_0.mensagemia,p1_0.perfil_cliente,p1_0.recomendacoes,p1_0.status_pedido,p1_0.valor_total from pedidos p1_0
2026-06-30T16:43:56.178-03:00 DEBUG 18924 --- [loja-jogos-api] [io-8080-exec-10] org.hibernate.SQL                        : select c1_0.id,c1_0.bairro,c1_0.cep,c1_0.cidade,c1_0.email,c1_0.nome,c1_0.numero,c1_0.pais,c1_0.rua,c1_0.senha,c1_0.telefone from clientes c1_0 where c1_0.id=?
Hibernate: select c1_0.id,c1_0.bairro,c1_0.cep,c1_0.cidade,c1_0.email,c1_0.nome,c1_0.numero,c1_0.pais,c1_0.rua,c1_0.senha,c1_0.telefone from clientes c1_0 where c1_0.id=?
2026-06-30T16:43:56.180-03:00 DEBUG 18924 --- [loja-jogos-api] [io-8080-exec-10] org.hibernate.SQL                        : select c1_0.id,c1_0.bairro,c1_0.cep,c1_0.cidade,c1_0.email,c1_0.nome,c1_0.numero,c1_0.pais,c1_0.rua,c1_0.senha,c1_0.telefone from clientes c1_0 where c1_0.id=?
Hibernate: select c1_0.id,c1_0.bairro,c1_0.cep,c1_0.cidade,c1_0.email,c1_0.nome,c1_0.numero,c1_0.pais,c1_0.rua,c1_0.senha,c1_0.telefone from clientes c1_0 where c1_0.id=?
2026-06-30T16:43:56.181-03:00 DEBUG 18924 --- [loja-jogos-api] [io-8080-exec-10] org.hibernate.SQL                        : select c1_0.id,c1_0.bairro,c1_0.cep,c1_0.cidade,c1_0.email,c1_0.nome,c1_0.numero,c1_0.pais,c1_0.rua,c1_0.senha,c1_0.telefone from clientes c1_0 where c1_0.id=?
Hibernate: select c1_0.id,c1_0.bairro,c1_0.cep,c1_0.cidade,c1_0.email,c1_0.nome,c1_0.numero,c1_0.pais,c1_0.rua,c1_0.senha,c1_0.telefone from clientes c1_0 where c1_0.id=?
2026-06-30T16:43:56.182-03:00 DEBUG 18924 --- [loja-jogos-api] [io-8080-exec-10] org.hibernate.SQL                        : select i1_0.pedido_id,i1_0.id,i1_0.jogo_id,j1_0.id,j1_0.categoria,j1_0.nome,j1_0.plataforma,j1_0.preco,i1_0.quantidade from itens_pedido i1_0 left join jogos j1_0 on j1_0.id=i1_0.jogo_id where i1_0.pedido_id=?
Hibernate: select i1_0.pedido_id,i1_0.id,i1_0.jogo_id,j1_0.id,j1_0.categoria,j1_0.nome,j1_0.plataforma,j1_0.preco,i1_0.quantidade from itens_pedido i1_0 left join jogos j1_0 on j1_0.id=i1_0.jogo_id where i1_0.pedido_id=?
2026-06-30T16:43:56.183-03:00 DEBUG 18924 --- [loja-jogos-api] [io-8080-exec-10] org.hibernate.SQL                        : select i1_0.pedido_id,i1_0.id,i1_0.jogo_id,j1_0.id,j1_0.categoria,j1_0.nome,j1_0.plataforma,j1_0.preco,i1_0.quantidade from itens_pedido i1_0 left join jogos j1_0 on j1_0.id=i1_0.jogo_id where i1_0.pedido_id=?
Hibernate: select i1_0.pedido_id,i1_0.id,i1_0.jogo_id,j1_0.id,j1_0.categoria,j1_0.nome,j1_0.plataforma,j1_0.preco,i1_0.quantidade from itens_pedido i1_0 left join jogos j1_0 on j1_0.id=i1_0.jogo_id where i1_0.pedido_id=?
2026-06-30T16:43:56.184-03:00 DEBUG 18924 --- [loja-jogos-api] [io-8080-exec-10] org.hibernate.SQL                        : select i1_0.pedido_id,i1_0.id,i1_0.jogo_id,j1_0.id,j1_0.categoria,j1_0.nome,j1_0.plataforma,j1_0.preco,i1_0.quantidade from itens_pedido i1_0 left join jogos j1_0 on j1_0.id=i1_0.jogo_id where i1_0.pedido_id=?
Hibernate: select i1_0.pedido_id,i1_0.id,i1_0.jogo_id,j1_0.id,j1_0.categoria,j1_0.nome,j1_0.plataforma,j1_0.preco,i1_0.quantidade from itens_pedido i1_0 left join jogos j1_0 on j1_0.id=i1_0.jogo_id where i1_0.pedido_id=?
2026-06-30T16:43:56.185-03:00 DEBUG 18924 --- [loja-jogos-api] [io-8080-exec-10] org.hibernate.SQL                        : select i1_0.pedido_id,i1_0.id,i1_0.jogo_id,j1_0.id,j1_0.categoria,j1_0.nome,j1_0.plataforma,j1_0.preco,i1_0.quantidade from itens_pedido i1_0 left join jogos j1_0 on j1_0.id=i1_0.jogo_id where i1_0.pedido_id=?
Hibernate: select i1_0.pedido_id,i1_0.id,i1_0.jogo_id,j1_0.id,j1_0.categoria,j1_0.nome,j1_0.plataforma,j1_0.preco,i1_0.quantidade from itens_pedido i1_0 left join jogos j1_0 on j1_0.id=i1_0.jogo_id where i1_0.pedido_id=?
2026-06-30T16:43:56.187-03:00 DEBUG 18924 --- [loja-jogos-api] [io-8080-exec-10] o.s.w.s.m.m.a.HttpEntityMethodProcessor  : Using 'application/json', given [application/json, text/plain, */*] and supported [application/json, application/*+json]
2026-06-30T16:43:56.188-03:00 DEBUG 18924 --- [loja-jogos-api] [io-8080-exec-10] o.s.w.s.m.m.a.HttpEntityMethodProcessor  : Writing [[PedidoResponseDTO[id=1, cliente=ClienteResponseDTO[id=1, nome=Teste CORS, email=teste.cors.17828478 (truncated)...]
2026-06-30T16:43:56.191-03:00 DEBUG 18924 --- [loja-jogos-api] [io-8080-exec-10] o.s.web.servlet.DispatcherServlet        : Completed 200 OK
2026-06-30T16:43:56.195-03:00 DEBUG 18924 --- [loja-jogos-api] [nio-8080-exec-1] o.s.web.servlet.DispatcherServlet        : GET "/pedidos", parameters={}
2026-06-30T16:43:56.196-03:00 DEBUG 18924 --- [loja-jogos-api] [nio-8080-exec-1] s.w.s.m.m.a.RequestMappingHandlerMapping : Mapped to com.lojajogos.controller.PedidoController#listarTodos()
2026-06-30T16:43:56.198-03:00 DEBUG 18924 --- [loja-jogos-api] [nio-8080-exec-1] org.hibernate.SQL                        : select p1_0.id,p1_0.cliente_id,p1_0.cupom_desconto,p1_0.data_pedido,p1_0.mensagemia,p1_0.perfil_cliente,p1_0.recomendacoes,p1_0.status_pedido,p1_0.valor_total from pedidos p1_0
Hibernate: select p1_0.id,p1_0.cliente_id,p1_0.cupom_desconto,p1_0.data_pedido,p1_0.mensagemia,p1_0.perfil_cliente,p1_0.recomendacoes,p1_0.status_pedido,p1_0.valor_total from pedidos p1_0
2026-06-30T16:43:56.201-03:00 DEBUG 18924 --- [loja-jogos-api] [nio-8080-exec-1] org.hibernate.SQL                        : select c1_0.id,c1_0.bairro,c1_0.cep,c1_0.cidade,c1_0.email,c1_0.nome,c1_0.numero,c1_0.pais,c1_0.rua,c1_0.senha,c1_0.telefone from clientes c1_0 where c1_0.id=?
Hibernate: select c1_0.id,c1_0.bairro,c1_0.cep,c1_0.cidade,c1_0.email,c1_0.nome,c1_0.numero,c1_0.pais,c1_0.rua,c1_0.senha,c1_0.telefone from clientes c1_0 where c1_0.id=?
2026-06-30T16:43:56.202-03:00 DEBUG 18924 --- [loja-jogos-api] [nio-8080-exec-1] org.hibernate.SQL                        : select c1_0.id,c1_0.bairro,c1_0.cep,c1_0.cidade,c1_0.email,c1_0.nome,c1_0.numero,c1_0.pais,c1_0.rua,c1_0.senha,c1_0.telefone from clientes c1_0 where c1_0.id=?
Hibernate: select c1_0.id,c1_0.bairro,c1_0.cep,c1_0.cidade,c1_0.email,c1_0.nome,c1_0.numero,c1_0.pais,c1_0.rua,c1_0.senha,c1_0.telefone from clientes c1_0 where c1_0.id=?
2026-06-30T16:43:56.204-03:00 DEBUG 18924 --- [loja-jogos-api] [nio-8080-exec-1] org.hibernate.SQL                        : select c1_0.id,c1_0.bairro,c1_0.cep,c1_0.cidade,c1_0.email,c1_0.nome,c1_0.numero,c1_0.pais,c1_0.rua,c1_0.senha,c1_0.telefone from clientes c1_0 where c1_0.id=?
Hibernate: select c1_0.id,c1_0.bairro,c1_0.cep,c1_0.cidade,c1_0.email,c1_0.nome,c1_0.numero,c1_0.pais,c1_0.rua,c1_0.senha,c1_0.telefone from clientes c1_0 where c1_0.id=?
2026-06-30T16:43:56.206-03:00 DEBUG 18924 --- [loja-jogos-api] [nio-8080-exec-1] org.hibernate.SQL                        : select i1_0.pedido_id,i1_0.id,i1_0.jogo_id,j1_0.id,j1_0.categoria,j1_0.nome,j1_0.plataforma,j1_0.preco,i1_0.quantidade from itens_pedido i1_0 left join jogos j1_0 on j1_0.id=i1_0.jogo_id where i1_0.pedido_id=?
Hibernate: select i1_0.pedido_id,i1_0.id,i1_0.jogo_id,j1_0.id,j1_0.categoria,j1_0.nome,j1_0.plataforma,j1_0.preco,i1_0.quantidade from itens_pedido i1_0 left join jogos j1_0 on j1_0.id=i1_0.jogo_id where i1_0.pedido_id=?
2026-06-30T16:43:56.207-03:00 DEBUG 18924 --- [loja-jogos-api] [nio-8080-exec-1] org.hibernate.SQL                        : select i1_0.pedido_id,i1_0.id,i1_0.jogo_id,j1_0.id,j1_0.categoria,j1_0.nome,j1_0.plataforma,j1_0.preco,i1_0.quantidade from itens_pedido i1_0 left join jogos j1_0 on j1_0.id=i1_0.jogo_id where i1_0.pedido_id=?
Hibernate: select i1_0.pedido_id,i1_0.id,i1_0.jogo_id,j1_0.id,j1_0.categoria,j1_0.nome,j1_0.plataforma,j1_0.preco,i1_0.quantidade from itens_pedido i1_0 left join jogos j1_0 on j1_0.id=i1_0.jogo_id where i1_0.pedido_id=?
2026-06-30T16:43:56.208-03:00 DEBUG 18924 --- [loja-jogos-api] [nio-8080-exec-1] org.hibernate.SQL                        : select i1_0.pedido_id,i1_0.id,i1_0.jogo_id,j1_0.id,j1_0.categoria,j1_0.nome,j1_0.plataforma,j1_0.preco,i1_0.quantidade from itens_pedido i1_0 left join jogos j1_0 on j1_0.id=i1_0.jogo_id where i1_0.pedido_id=?
Hibernate: select i1_0.pedido_id,i1_0.id,i1_0.jogo_id,j1_0.id,j1_0.categoria,j1_0.nome,j1_0.plataforma,j1_0.preco,i1_0.quantidade from itens_pedido i1_0 left join jogos j1_0 on j1_0.id=i1_0.jogo_id where i1_0.pedido_id=?
2026-06-30T16:43:56.210-03:00 DEBUG 18924 --- [loja-jogos-api] [nio-8080-exec-1] org.hibernate.SQL                        : select i1_0.pedido_id,i1_0.id,i1_0.jogo_id,j1_0.id,j1_0.categoria,j1_0.nome,j1_0.plataforma,j1_0.preco,i1_0.quantidade from itens_pedido i1_0 left join jogos j1_0 on j1_0.id=i1_0.jogo_id where i1_0.pedido_id=?
Hibernate: select i1_0.pedido_id,i1_0.id,i1_0.jogo_id,j1_0.id,j1_0.categoria,j1_0.nome,j1_0.plataforma,j1_0.preco,i1_0.quantidade from itens_pedido i1_0 left join jogos j1_0 on j1_0.id=i1_0.jogo_id where i1_0.pedido_id=?
2026-06-30T16:43:56.211-03:00 DEBUG 18924 --- [loja-jogos-api] [nio-8080-exec-1] o.s.w.s.m.m.a.HttpEntityMethodProcessor  : Using 'application/json', given [application/json, text/plain, */*] and supported [application/json, application/*+json]
2026-06-30T16:43:56.212-03:00 DEBUG 18924 --- [loja-jogos-api] [nio-8080-exec-1] o.s.w.s.m.m.a.HttpEntityMethodProcessor  : Writing [[PedidoResponseDTO[id=1, cliente=ClienteResponseDTO[id=1, nome=Teste CORS, email=teste.cors.17828478 (truncated)...]
2026-06-30T16:43:56.213-03:00 DEBUG 18924 --- [loja-jogos-api] [nio-8080-exec-1] o.s.web.servlet.DispatcherServlet        : Completed 200 OK
2026-06-30T16:44:03.354-03:00 DEBUG 18924 --- [loja-jogos-api] [nio-8080-exec-3] o.s.web.servlet.DispatcherServlet        : GET "/pedidos", parameters={}
2026-06-30T16:44:03.355-03:00 DEBUG 18924 --- [loja-jogos-api] [nio-8080-exec-3] s.w.s.m.m.a.RequestMappingHandlerMapping : Mapped to com.lojajogos.controller.PedidoController#listarTodos()
2026-06-30T16:44:03.357-03:00 DEBUG 18924 --- [loja-jogos-api] [nio-8080-exec-3] org.hibernate.SQL                        : select p1_0.id,p1_0.cliente_id,p1_0.cupom_desconto,p1_0.data_pedido,p1_0.mensagemia,p1_0.perfil_cliente,p1_0.recomendacoes,p1_0.status_pedido,p1_0.valor_total from pedidos p1_0
Hibernate: select p1_0.id,p1_0.cliente_id,p1_0.cupom_desconto,p1_0.data_pedido,p1_0.mensagemia,p1_0.perfil_cliente,p1_0.recomendacoes,p1_0.status_pedido,p1_0.valor_total from pedidos p1_0
2026-06-30T16:44:03.359-03:00 DEBUG 18924 --- [loja-jogos-api] [nio-8080-exec-3] org.hibernate.SQL                        : select c1_0.id,c1_0.bairro,c1_0.cep,c1_0.cidade,c1_0.email,c1_0.nome,c1_0.numero,c1_0.pais,c1_0.rua,c1_0.senha,c1_0.telefone from clientes c1_0 where c1_0.id=?
Hibernate: select c1_0.id,c1_0.bairro,c1_0.cep,c1_0.cidade,c1_0.email,c1_0.nome,c1_0.numero,c1_0.pais,c1_0.rua,c1_0.senha,c1_0.telefone from clientes c1_0 where c1_0.id=?
2026-06-30T16:44:03.360-03:00 DEBUG 18924 --- [loja-jogos-api] [nio-8080-exec-3] org.hibernate.SQL                        : select c1_0.id,c1_0.bairro,c1_0.cep,c1_0.cidade,c1_0.email,c1_0.nome,c1_0.numero,c1_0.pais,c1_0.rua,c1_0.senha,c1_0.telefone from clientes c1_0 where c1_0.id=?
Hibernate: select c1_0.id,c1_0.bairro,c1_0.cep,c1_0.cidade,c1_0.email,c1_0.nome,c1_0.numero,c1_0.pais,c1_0.rua,c1_0.senha,c1_0.telefone from clientes c1_0 where c1_0.id=?
2026-06-30T16:44:03.361-03:00 DEBUG 18924 --- [loja-jogos-api] [nio-8080-exec-3] org.hibernate.SQL                        : select c1_0.id,c1_0.bairro,c1_0.cep,c1_0.cidade,c1_0.email,c1_0.nome,c1_0.numero,c1_0.pais,c1_0.rua,c1_0.senha,c1_0.telefone from clientes c1_0 where c1_0.id=?
Hibernate: select c1_0.id,c1_0.bairro,c1_0.cep,c1_0.cidade,c1_0.email,c1_0.nome,c1_0.numero,c1_0.pais,c1_0.rua,c1_0.senha,c1_0.telefone from clientes c1_0 where c1_0.id=?
2026-06-30T16:44:03.363-03:00 DEBUG 18924 --- [loja-jogos-api] [nio-8080-exec-3] org.hibernate.SQL                        : select i1_0.pedido_id,i1_0.id,i1_0.jogo_id,j1_0.id,j1_0.categoria,j1_0.nome,j1_0.plataforma,j1_0.preco,i1_0.quantidade from itens_pedido i1_0 left join jogos j1_0 on j1_0.id=i1_0.jogo_id where i1_0.pedido_id=?
Hibernate: select i1_0.pedido_id,i1_0.id,i1_0.jogo_id,j1_0.id,j1_0.categoria,j1_0.nome,j1_0.plataforma,j1_0.preco,i1_0.quantidade from itens_pedido i1_0 left join jogos j1_0 on j1_0.id=i1_0.jogo_id where i1_0.pedido_id=?
2026-06-30T16:44:03.365-03:00 DEBUG 18924 --- [loja-jogos-api] [nio-8080-exec-3] org.hibernate.SQL                        : select i1_0.pedido_id,i1_0.id,i1_0.jogo_id,j1_0.id,j1_0.categoria,j1_0.nome,j1_0.plataforma,j1_0.preco,i1_0.quantidade from itens_pedido i1_0 left join jogos j1_0 on j1_0.id=i1_0.jogo_id where i1_0.pedido_id=?
Hibernate: select i1_0.pedido_id,i1_0.id,i1_0.jogo_id,j1_0.id,j1_0.categoria,j1_0.nome,j1_0.plataforma,j1_0.preco,i1_0.quantidade from itens_pedido i1_0 left join jogos j1_0 on j1_0.id=i1_0.jogo_id where i1_0.pedido_id=?
2026-06-30T16:44:03.367-03:00 DEBUG 18924 --- [loja-jogos-api] [nio-8080-exec-3] org.hibernate.SQL                        : select i1_0.pedido_id,i1_0.id,i1_0.jogo_id,j1_0.id,j1_0.categoria,j1_0.nome,j1_0.plataforma,j1_0.preco,i1_0.quantidade from itens_pedido i1_0 left join jogos j1_0 on j1_0.id=i1_0.jogo_id where i1_0.pedido_id=?
Hibernate: select i1_0.pedido_id,i1_0.id,i1_0.jogo_id,j1_0.id,j1_0.categoria,j1_0.nome,j1_0.plataforma,j1_0.preco,i1_0.quantidade from itens_pedido i1_0 left join jogos j1_0 on j1_0.id=i1_0.jogo_id where i1_0.pedido_id=?
2026-06-30T16:44:03.368-03:00 DEBUG 18924 --- [loja-jogos-api] [nio-8080-exec-3] org.hibernate.SQL                        : select i1_0.pedido_id,i1_0.id,i1_0.jogo_id,j1_0.id,j1_0.categoria,j1_0.nome,j1_0.plataforma,j1_0.preco,i1_0.quantidade from itens_pedido i1_0 left join jogos j1_0 on j1_0.id=i1_0.jogo_id where i1_0.pedido_id=?
Hibernate: select i1_0.pedido_id,i1_0.id,i1_0.jogo_id,j1_0.id,j1_0.categoria,j1_0.nome,j1_0.plataforma,j1_0.preco,i1_0.quantidade from itens_pedido i1_0 left join jogos j1_0 on j1_0.id=i1_0.jogo_id where i1_0.pedido_id=?
2026-06-30T16:44:03.371-03:00 DEBUG 18924 --- [loja-jogos-api] [nio-8080-exec-3] o.s.w.s.m.m.a.HttpEntityMethodProcessor  : Using 'application/json', given [application/json, text/plain, */*] and supported [application/json, application/*+json]
2026-06-30T16:44:03.372-03:00 DEBUG 18924 --- [loja-jogos-api] [nio-8080-exec-3] o.s.w.s.m.m.a.HttpEntityMethodProcessor  : Writing [[PedidoResponseDTO[id=1, cliente=ClienteResponseDTO[id=1, nome=Teste CORS, email=teste.cors.17828478 (truncated)...]
2026-06-30T16:44:03.374-03:00 DEBUG 18924 --- [loja-jogos-api] [nio-8080-exec-3] o.s.web.servlet.DispatcherServlet        : Completed 200 OK
2026-06-30T16:44:03.379-03:00 DEBUG 18924 --- [loja-jogos-api] [nio-8080-exec-9] o.s.web.servlet.DispatcherServlet        : GET "/pedidos", parameters={}
2026-06-30T16:44:03.380-03:00 DEBUG 18924 --- [loja-jogos-api] [nio-8080-exec-9] s.w.s.m.m.a.RequestMappingHandlerMapping : Mapped to com.lojajogos.controller.PedidoController#listarTodos()
2026-06-30T16:44:03.383-03:00 DEBUG 18924 --- [loja-jogos-api] [nio-8080-exec-9] org.hibernate.SQL                        : select p1_0.id,p1_0.cliente_id,p1_0.cupom_desconto,p1_0.data_pedido,p1_0.mensagemia,p1_0.perfil_cliente,p1_0.recomendacoes,p1_0.status_pedido,p1_0.valor_total from pedidos p1_0
Hibernate: select p1_0.id,p1_0.cliente_id,p1_0.cupom_desconto,p1_0.data_pedido,p1_0.mensagemia,p1_0.perfil_cliente,p1_0.recomendacoes,p1_0.status_pedido,p1_0.valor_total from pedidos p1_0
2026-06-30T16:44:03.385-03:00 DEBUG 18924 --- [loja-jogos-api] [nio-8080-exec-9] org.hibernate.SQL                        : select c1_0.id,c1_0.bairro,c1_0.cep,c1_0.cidade,c1_0.email,c1_0.nome,c1_0.numero,c1_0.pais,c1_0.rua,c1_0.senha,c1_0.telefone from clientes c1_0 where c1_0.id=?
Hibernate: select c1_0.id,c1_0.bairro,c1_0.cep,c1_0.cidade,c1_0.email,c1_0.nome,c1_0.numero,c1_0.pais,c1_0.rua,c1_0.senha,c1_0.telefone from clientes c1_0 where c1_0.id=?
2026-06-30T16:44:03.386-03:00 DEBUG 18924 --- [loja-jogos-api] [nio-8080-exec-9] org.hibernate.SQL                        : select c1_0.id,c1_0.bairro,c1_0.cep,c1_0.cidade,c1_0.email,c1_0.nome,c1_0.numero,c1_0.pais,c1_0.rua,c1_0.senha,c1_0.telefone from clientes c1_0 where c1_0.id=?
Hibernate: select c1_0.id,c1_0.bairro,c1_0.cep,c1_0.cidade,c1_0.email,c1_0.nome,c1_0.numero,c1_0.pais,c1_0.rua,c1_0.senha,c1_0.telefone from clientes c1_0 where c1_0.id=?
2026-06-30T16:44:03.386-03:00 DEBUG 18924 --- [loja-jogos-api] [nio-8080-exec-9] org.hibernate.SQL                        : select c1_0.id,c1_0.bairro,c1_0.cep,c1_0.cidade,c1_0.email,c1_0.nome,c1_0.numero,c1_0.pais,c1_0.rua,c1_0.senha,c1_0.telefone from clientes c1_0 where c1_0.id=?
Hibernate: select c1_0.id,c1_0.bairro,c1_0.cep,c1_0.cidade,c1_0.email,c1_0.nome,c1_0.numero,c1_0.pais,c1_0.rua,c1_0.senha,c1_0.telefone from clientes c1_0 where c1_0.id=?
2026-06-30T16:44:03.389-03:00 DEBUG 18924 --- [loja-jogos-api] [nio-8080-exec-9] org.hibernate.SQL                        : select i1_0.pedido_id,i1_0.id,i1_0.jogo_id,j1_0.id,j1_0.categoria,j1_0.nome,j1_0.plataforma,j1_0.preco,i1_0.quantidade from itens_pedido i1_0 left join jogos j1_0 on j1_0.id=i1_0.jogo_id where i1_0.pedido_id=?
Hibernate: select i1_0.pedido_id,i1_0.id,i1_0.jogo_id,j1_0.id,j1_0.categoria,j1_0.nome,j1_0.plataforma,j1_0.preco,i1_0.quantidade from itens_pedido i1_0 left join jogos j1_0 on j1_0.id=i1_0.jogo_id where i1_0.pedido_id=?
2026-06-30T16:44:03.390-03:00 DEBUG 18924 --- [loja-jogos-api] [nio-8080-exec-9] org.hibernate.SQL                        : select i1_0.pedido_id,i1_0.id,i1_0.jogo_id,j1_0.id,j1_0.categoria,j1_0.nome,j1_0.plataforma,j1_0.preco,i1_0.quantidade from itens_pedido i1_0 left join jogos j1_0 on j1_0.id=i1_0.jogo_id where i1_0.pedido_id=?
Hibernate: select i1_0.pedido_id,i1_0.id,i1_0.jogo_id,j1_0.id,j1_0.categoria,j1_0.nome,j1_0.plataforma,j1_0.preco,i1_0.quantidade from itens_pedido i1_0 left join jogos j1_0 on j1_0.id=i1_0.jogo_id where i1_0.pedido_id=?
2026-06-30T16:44:03.392-03:00 DEBUG 18924 --- [loja-jogos-api] [nio-8080-exec-9] org.hibernate.SQL                        : select i1_0.pedido_id,i1_0.id,i1_0.jogo_id,j1_0.id,j1_0.categoria,j1_0.nome,j1_0.plataforma,j1_0.preco,i1_0.quantidade from itens_pedido i1_0 left join jogos j1_0 on j1_0.id=i1_0.jogo_id where i1_0.pedido_id=?
Hibernate: select i1_0.pedido_id,i1_0.id,i1_0.jogo_id,j1_0.id,j1_0.categoria,j1_0.nome,j1_0.plataforma,j1_0.preco,i1_0.quantidade from itens_pedido i1_0 left join jogos j1_0 on j1_0.id=i1_0.jogo_id where i1_0.pedido_id=?
2026-06-30T16:44:03.393-03:00 DEBUG 18924 --- [loja-jogos-api] [nio-8080-exec-9] org.hibernate.SQL                        : select i1_0.pedido_id,i1_0.id,i1_0.jogo_id,j1_0.id,j1_0.categoria,j1_0.nome,j1_0.plataforma,j1_0.preco,i1_0.quantidade from itens_pedido i1_0 left join jogos j1_0 on j1_0.id=i1_0.jogo_id where i1_0.pedido_id=?
Hibernate: select i1_0.pedido_id,i1_0.id,i1_0.jogo_id,j1_0.id,j1_0.categoria,j1_0.nome,j1_0.plataforma,j1_0.preco,i1_0.quantidade from itens_pedido i1_0 left join jogos j1_0 on j1_0.id=i1_0.jogo_id where i1_0.pedido_id=?
2026-06-30T16:44:03.394-03:00 DEBUG 18924 --- [loja-jogos-api] [nio-8080-exec-9] o.s.w.s.m.m.a.HttpEntityMethodProcessor  : Using 'application/json', given [application/json, text/plain, */*] and supported [application/json, application/*+json]
2026-06-30T16:44:03.395-03:00 DEBUG 18924 --- [loja-jogos-api] [nio-8080-exec-9] o.s.w.s.m.m.a.HttpEntityMethodProcessor  : Writing [[PedidoResponseDTO[id=1, cliente=ClienteResponseDTO[id=1, nome=Teste CORS, email=teste.cors.17828478 (truncated)...]
2026-06-30T16:44:03.396-03:00 DEBUG 18924 --- [loja-jogos-api] [nio-8080-exec-9] o.s.web.servlet.DispatcherServlet        : Completed 200 OK
2026-06-30T16:47:00.294-03:00 DEBUG 18924 --- [loja-jogos-api] [nio-8080-exec-7] o.s.web.servlet.DispatcherServlet        : POST "/clientes/login", parameters={}
2026-06-30T16:47:00.296-03:00 DEBUG 18924 --- [loja-jogos-api] [nio-8080-exec-7] s.w.s.m.m.a.RequestMappingHandlerMapping : Mapped to com.lojajogos.controller.ClienteController#login(LoginRequestDTO)
2026-06-30T16:47:00.299-03:00 DEBUG 18924 --- [loja-jogos-api] [nio-8080-exec-7] m.m.a.RequestResponseBodyMethodProcessor : Read "application/json;charset=UTF-8" to [LoginRequestDTO[email=pedropositivoone@gmail.com, senha=123456]]
2026-06-30T16:47:00.301-03:00 DEBUG 18924 --- [loja-jogos-api] [nio-8080-exec-7] org.hibernate.SQL                        : select c1_0.id,c1_0.bairro,c1_0.cep,c1_0.cidade,c1_0.email,c1_0.nome,c1_0.numero,c1_0.pais,c1_0.rua,c1_0.senha,c1_0.telefone from clientes c1_0 where upper(c1_0.email)=upper(?)
Hibernate: select c1_0.id,c1_0.bairro,c1_0.cep,c1_0.cidade,c1_0.email,c1_0.nome,c1_0.numero,c1_0.pais,c1_0.rua,c1_0.senha,c1_0.telefone from clientes c1_0 where upper(c1_0.email)=upper(?)
2026-06-30T16:47:00.303-03:00 DEBUG 18924 --- [loja-jogos-api] [nio-8080-exec-7] o.s.w.s.m.m.a.HttpEntityMethodProcessor  : Using 'application/json', given [application/json, text/plain, */*] and supported [application/json, application/*+json]
2026-06-30T16:47:00.304-03:00 DEBUG 18924 --- [loja-jogos-api] [nio-8080-exec-7] o.s.w.s.m.m.a.HttpEntityMethodProcessor  : Writing [ClienteResponseDTO[id=2, nome=kaguya , email=pedropositivoone@gmail.com, telefone=24992987857, cep=2 (truncated)...]
2026-06-30T16:47:00.305-03:00 DEBUG 18924 --- [loja-jogos-api] [nio-8080-exec-7] o.s.web.servlet.DispatcherServlet        : Completed 200 OK
2026-06-30T16:47:00.320-03:00 DEBUG 18924 --- [loja-jogos-api] [nio-8080-exec-6] o.s.web.servlet.DispatcherServlet        : GET "/jogos", parameters={}
2026-06-30T16:47:00.320-03:00 DEBUG 18924 --- [loja-jogos-api] [nio-8080-exec-5] o.s.web.servlet.DispatcherServlet        : GET "/clientes/2", parameters={}
2026-06-30T16:47:00.321-03:00 DEBUG 18924 --- [loja-jogos-api] [nio-8080-exec-6] s.w.s.m.m.a.RequestMappingHandlerMapping : Mapped to com.lojajogos.controller.JogoController#listarTodos()
2026-06-30T16:47:00.322-03:00 DEBUG 18924 --- [loja-jogos-api] [nio-8080-exec-5] s.w.s.m.m.a.RequestMappingHandlerMapping : Mapped to com.lojajogos.controller.ClienteController#buscarPorId(Long)
2026-06-30T16:47:00.323-03:00 DEBUG 18924 --- [loja-jogos-api] [nio-8080-exec-5] org.hibernate.SQL                        : select c1_0.id,c1_0.bairro,c1_0.cep,c1_0.cidade,c1_0.email,c1_0.nome,c1_0.numero,c1_0.pais,c1_0.rua,c1_0.senha,c1_0.telefone from clientes c1_0 where c1_0.id=?
Hibernate: select c1_0.id,c1_0.bairro,c1_0.cep,c1_0.cidade,c1_0.email,c1_0.nome,c1_0.numero,c1_0.pais,c1_0.rua,c1_0.senha,c1_0.telefone from clientes c1_0 where c1_0.id=?
2026-06-30T16:47:00.323-03:00 DEBUG 18924 --- [loja-jogos-api] [nio-8080-exec-6] org.hibernate.SQL                        : select j1_0.id,j1_0.categoria,j1_0.nome,j1_0.plataforma,j1_0.preco from jogos j1_0
Hibernate: select j1_0.id,j1_0.categoria,j1_0.nome,j1_0.plataforma,j1_0.preco from jogos j1_0
2026-06-30T16:47:00.325-03:00 DEBUG 18924 --- [loja-jogos-api] [nio-8080-exec-5] o.s.w.s.m.m.a.HttpEntityMethodProcessor  : Using 'application/json', given [application/json, text/plain, */*] and supported [application/json, application/*+json]
2026-06-30T16:47:00.325-03:00 DEBUG 18924 --- [loja-jogos-api] [nio-8080-exec-5] o.s.w.s.m.m.a.HttpEntityMethodProcessor  : Writing [ClienteResponseDTO[id=2, nome=kaguya , email=pedropositivoone@gmail.com, telefone=24992987857, cep=2 (truncated)...]
2026-06-30T16:47:00.325-03:00 DEBUG 18924 --- [loja-jogos-api] [nio-8080-exec-6] o.s.w.s.m.m.a.HttpEntityMethodProcessor  : Using 'application/json', given [application/json, text/plain, */*] and supported [application/json, application/*+json]
2026-06-30T16:47:00.326-03:00 DEBUG 18924 --- [loja-jogos-api] [nio-8080-exec-5] o.s.web.servlet.DispatcherServlet        : Completed 200 OK
2026-06-30T16:47:00.326-03:00 DEBUG 18924 --- [loja-jogos-api] [nio-8080-exec-6] o.s.w.s.m.m.a.HttpEntityMethodProcessor  : Writing [[JogoResponseDTO[id=1, nome=Halo Infinite, categoria=Acao, plataforma=Xbox Series, preco=199.90], Jo (truncated)...]
2026-06-30T16:47:00.328-03:00 DEBUG 18924 --- [loja-jogos-api] [nio-8080-exec-6] o.s.web.servlet.DispatcherServlet        : Completed 200 OK
2026-06-30T16:47:00.335-03:00 DEBUG 18924 --- [loja-jogos-api] [nio-8080-exec-2] o.s.web.servlet.DispatcherServlet        : GET "/jogos", parameters={}
2026-06-30T16:47:00.337-03:00 DEBUG 18924 --- [loja-jogos-api] [nio-8080-exec-2] s.w.s.m.m.a.RequestMappingHandlerMapping : Mapped to com.lojajogos.controller.JogoController#listarTodos()
2026-06-30T16:47:00.338-03:00 DEBUG 18924 --- [loja-jogos-api] [nio-8080-exec-2] org.hibernate.SQL                        : select j1_0.id,j1_0.categoria,j1_0.nome,j1_0.plataforma,j1_0.preco from jogos j1_0
Hibernate: select j1_0.id,j1_0.categoria,j1_0.nome,j1_0.plataforma,j1_0.preco from jogos j1_0
2026-06-30T16:47:00.340-03:00 DEBUG 18924 --- [loja-jogos-api] [nio-8080-exec-2] o.s.w.s.m.m.a.HttpEntityMethodProcessor  : Using 'application/json', given [application/json, text/plain, */*] and supported [application/json, application/*+json]
2026-06-30T16:47:00.340-03:00 DEBUG 18924 --- [loja-jogos-api] [nio-8080-exec-2] o.s.w.s.m.m.a.HttpEntityMethodProcessor  : Writing [[JogoResponseDTO[id=1, nome=Halo Infinite, categoria=Acao, plataforma=Xbox Series, preco=199.90], Jo (truncated)...]
2026-06-30T16:47:00.341-03:00 DEBUG 18924 --- [loja-jogos-api] [nio-8080-exec-2] o.s.web.servlet.DispatcherServlet        : Completed 200 OK
2026-06-30T16:47:16.156-03:00 DEBUG 18924 --- [loja-jogos-api] [nio-8080-exec-8] o.s.web.servlet.DispatcherServlet        : POST "/pedidos", parameters={}
2026-06-30T16:47:16.186-03:00 DEBUG 18924 --- [loja-jogos-api] [nio-8080-exec-8] s.w.s.m.m.a.RequestMappingHandlerMapping : Mapped to com.lojajogos.controller.PedidoController#salvar(PedidoRequestDTO)
2026-06-30T16:47:16.188-03:00 DEBUG 18924 --- [loja-jogos-api] [nio-8080-exec-8] m.m.a.RequestResponseBodyMethodProcessor : Read "application/json;charset=UTF-8" to [PedidoRequestDTO[clienteId=2, itens=[ItemPedidoRequestDTO[jogoId=11, quantidade=1]], statusPedido=PE (truncated)...]
2026-06-30T16:47:16.190-03:00 DEBUG 18924 --- [loja-jogos-api] [nio-8080-exec-8] org.hibernate.SQL                        : select c1_0.id,c1_0.bairro,c1_0.cep,c1_0.cidade,c1_0.email,c1_0.nome,c1_0.numero,c1_0.pais,c1_0.rua,c1_0.senha,c1_0.telefone from clientes c1_0 where c1_0.id=?
Hibernate: select c1_0.id,c1_0.bairro,c1_0.cep,c1_0.cidade,c1_0.email,c1_0.nome,c1_0.numero,c1_0.pais,c1_0.rua,c1_0.senha,c1_0.telefone from clientes c1_0 where c1_0.id=?
2026-06-30T16:47:16.194-03:00 DEBUG 18924 --- [loja-jogos-api] [nio-8080-exec-8] org.hibernate.SQL                        : select j1_0.id,j1_0.categoria,j1_0.nome,j1_0.plataforma,j1_0.preco from jogos j1_0 where j1_0.id=?
Hibernate: select j1_0.id,j1_0.categoria,j1_0.nome,j1_0.plataforma,j1_0.preco from jogos j1_0 where j1_0.id=?
2026-06-30T16:47:16.198-03:00 DEBUG 18924 --- [loja-jogos-api] [nio-8080-exec-8] org.hibernate.SQL                        : insert into pedidos (cliente_id,cupom_desconto,data_pedido,mensagemia,perfil_cliente,recomendacoes,status_pedido,valor_total,id) values (?,?,?,?,?,?,?,?,default)
Hibernate: insert into pedidos (cliente_id,cupom_desconto,data_pedido,mensagemia,perfil_cliente,recomendacoes,status_pedido,valor_total,id) values (?,?,?,?,?,?,?,?,default)
2026-06-30T16:47:16.200-03:00 DEBUG 18924 --- [loja-jogos-api] [nio-8080-exec-8] org.hibernate.SQL                        : insert into itens_pedido (jogo_id,pedido_id,quantidade,id) values (?,?,?,default)
Hibernate: insert into itens_pedido (jogo_id,pedido_id,quantidade,id) values (?,?,?,default)
2026-06-30T16:47:16.201-03:00 DEBUG 18924 --- [loja-jogos-api] [nio-8080-exec-8] o.s.web.client.RestTemplate              : HTTP POST http://localhost:5678/webhook-test/pedidos
2026-06-30T16:47:16.202-03:00 DEBUG 18924 --- [loja-jogos-api] [nio-8080-exec-8] o.s.web.client.RestTemplate              : Accept=[application/json, application/*+json]
2026-06-30T16:47:16.203-03:00 DEBUG 18924 --- [loja-jogos-api] [nio-8080-exec-8] o.s.web.client.RestTemplate              : Writing [{cliente=kaguya , cidade=Petrópolis, produtos=[State of Decay 2], valorTotal=99.90, id=5}] with org.springframework.http.converter.json.MappingJackson2HttpMessageConverter
2026-06-30T16:47:16.211-03:00 ERROR 18924 --- [loja-jogos-api] [nio-8080-exec-8] com.lojajogos.service.PedidoService      : Erro ao enviar pedido 5 para automação n8n: I/O error on POST request for "http://localhost:5678/webhook-test/pedidos": Connection refused: no further information

org.springframework.web.client.ResourceAccessException: I/O error on POST request for "http://localhost:5678/webhook-test/pedidos": Connection refused: no further information
	at org.springframework.web.client.RestTemplate.createResourceAccessException(RestTemplate.java:915) ~[spring-web-6.1.14.jar:6.1.14]
	at org.springframework.web.client.RestTemplate.doExecute(RestTemplate.java:895) ~[spring-web-6.1.14.jar:6.1.14]
	at org.springframework.web.client.RestTemplate.execute(RestTemplate.java:790) ~[spring-web-6.1.14.jar:6.1.14]
	at org.springframework.web.client.RestTemplate.postForEntity(RestTemplate.java:538) ~[spring-web-6.1.14.jar:6.1.14]
	at com.lojajogos.service.PedidoService.enviarPedidoParaAutomacao(PedidoService.java:199) ~[classes/:na]
	at com.lojajogos.service.PedidoService.salvar(PedidoService.java:54) ~[classes/:na]
	at java.base/jdk.internal.reflect.NativeMethodAccessorImpl.invoke0(Native Method) ~[na:na]
	at java.base/jdk.internal.reflect.NativeMethodAccessorImpl.invoke(NativeMethodAccessorImpl.java:77) ~[na:na]
	at java.base/jdk.internal.reflect.DelegatingMethodAccessorImpl.invoke(DelegatingMethodAccessorImpl.java:43) ~[na:na]
	at java.base/java.lang.reflect.Method.invoke(Method.java:568) ~[na:na]
	at org.springframework.aop.support.AopUtils.invokeJoinpointUsingReflection(AopUtils.java:355) ~[spring-aop-6.1.14.jar:6.1.14]
	at org.springframework.aop.framework.ReflectiveMethodInvocation.invokeJoinpoint(ReflectiveMethodInvocation.java:196) ~[spring-aop-6.1.14.jar:6.1.14]
	at org.springframework.aop.framework.ReflectiveMethodInvocation.proceed(ReflectiveMethodInvocation.java:163) ~[spring-aop-6.1.14.jar:6.1.14]
	at org.springframework.aop.framework.CglibAopProxy$CglibMethodInvocation.proceed(CglibAopProxy.java:768) ~[spring-aop-6.1.14.jar:6.1.14]
	at org.springframework.transaction.interceptor.TransactionAspectSupport.invokeWithinTransaction(TransactionAspectSupport.java:379) ~[spring-tx-6.1.14.jar:6.1.14]
	at org.springframework.transaction.interceptor.TransactionInterceptor.invoke(TransactionInterceptor.java:119) ~[spring-tx-6.1.14.jar:6.1.14]
	at org.springframework.aop.framework.ReflectiveMethodInvocation.proceed(ReflectiveMethodInvocation.java:184) ~[spring-aop-6.1.14.jar:6.1.14]
	at org.springframework.aop.framework.CglibAopProxy$CglibMethodInvocation.proceed(CglibAopProxy.java:768) ~[spring-aop-6.1.14.jar:6.1.14]
	at org.springframework.aop.framework.CglibAopProxy$DynamicAdvisedInterceptor.intercept(CglibAopProxy.java:720) ~[spring-aop-6.1.14.jar:6.1.14]
	at com.lojajogos.service.PedidoService$$SpringCGLIB$$0.salvar(<generated>) ~[classes/:na]
	at com.lojajogos.controller.PedidoController.salvar(PedidoController.java:32) ~[classes/:na]
	at java.base/jdk.internal.reflect.NativeMethodAccessorImpl.invoke0(Native Method) ~[na:na]
	at java.base/jdk.internal.reflect.NativeMethodAccessorImpl.invoke(NativeMethodAccessorImpl.java:77) ~[na:na]
	at java.base/jdk.internal.reflect.DelegatingMethodAccessorImpl.invoke(DelegatingMethodAccessorImpl.java:43) ~[na:na]
	at java.base/java.lang.reflect.Method.invoke(Method.java:568) ~[na:na]
	at org.springframework.web.method.support.InvocableHandlerMethod.doInvoke(InvocableHandlerMethod.java:255) ~[spring-web-6.1.14.jar:6.1.14]
	at org.springframework.web.method.support.InvocableHandlerMethod.invokeForRequest(InvocableHandlerMethod.java:188) ~[spring-web-6.1.14.jar:6.1.14]
	at org.springframework.web.servlet.mvc.method.annotation.ServletInvocableHandlerMethod.invokeAndHandle(ServletInvocableHandlerMethod.java:118) ~[spring-webmvc-6.1.14.jar:6.1.14]
	at org.springframework.web.servlet.mvc.method.annotation.RequestMappingHandlerAdapter.invokeHandlerMethod(RequestMappingHandlerAdapter.java:926) ~[spring-webmvc-6.1.14.jar:6.1.14]
	at org.springframework.web.servlet.mvc.method.annotation.RequestMappingHandlerAdapter.handleInternal(RequestMappingHandlerAdapter.java:831) ~[spring-webmvc-6.1.14.jar:6.1.14]
	at org.springframework.web.servlet.mvc.method.AbstractHandlerMethodAdapter.handle(AbstractHandlerMethodAdapter.java:87) ~[spring-webmvc-6.1.14.jar:6.1.14]
	at org.springframework.web.servlet.DispatcherServlet.doDispatch(DispatcherServlet.java:1089) ~[spring-webmvc-6.1.14.jar:6.1.14]
	at org.springframework.web.servlet.DispatcherServlet.doService(DispatcherServlet.java:979) ~[spring-webmvc-6.1.14.jar:6.1.14]
	at org.springframework.web.servlet.FrameworkServlet.processRequest(FrameworkServlet.java:1014) ~[spring-webmvc-6.1.14.jar:6.1.14]
	at org.springframework.web.servlet.FrameworkServlet.doPost(FrameworkServlet.java:914) ~[spring-webmvc-6.1.14.jar:6.1.14]
	at jakarta.servlet.http.HttpServlet.service(HttpServlet.java:590) ~[tomcat-embed-core-10.1.31.jar:6.0]
	at org.springframework.web.servlet.FrameworkServlet.service(FrameworkServlet.java:885) ~[spring-webmvc-6.1.14.jar:6.1.14]
	at jakarta.servlet.http.HttpServlet.service(HttpServlet.java:658) ~[tomcat-embed-core-10.1.31.jar:6.0]
	at org.apache.catalina.core.ApplicationFilterChain.internalDoFilter(ApplicationFilterChain.java:195) ~[tomcat-embed-core-10.1.31.jar:10.1.31]
	at org.apache.catalina.core.ApplicationFilterChain.doFilter(ApplicationFilterChain.java:140) ~[tomcat-embed-core-10.1.31.jar:10.1.31]
	at org.apache.tomcat.websocket.server.WsFilter.doFilter(WsFilter.java:51) ~[tomcat-embed-websocket-10.1.31.jar:10.1.31]
	at org.apache.catalina.core.ApplicationFilterChain.internalDoFilter(ApplicationFilterChain.java:164) ~[tomcat-embed-core-10.1.31.jar:10.1.31]
	at org.apache.catalina.core.ApplicationFilterChain.doFilter(ApplicationFilterChain.java:140) ~[tomcat-embed-core-10.1.31.jar:10.1.31]
	at org.springframework.web.filter.RequestContextFilter.doFilterInternal(RequestContextFilter.java:100) ~[spring-web-6.1.14.jar:6.1.14]
	at org.springframework.web.filter.OncePerRequestFilter.doFilter(OncePerRequestFilter.java:116) ~[spring-web-6.1.14.jar:6.1.14]
	at org.apache.catalina.core.ApplicationFilterChain.internalDoFilter(ApplicationFilterChain.java:164) ~[tomcat-embed-core-10.1.31.jar:10.1.31]
	at org.apache.catalina.core.ApplicationFilterChain.doFilter(ApplicationFilterChain.java:140) ~[tomcat-embed-core-10.1.31.jar:10.1.31]
	at org.springframework.web.filter.FormContentFilter.doFilterInternal(FormContentFilter.java:93) ~[spring-web-6.1.14.jar:6.1.14]
	at org.springframework.web.filter.OncePerRequestFilter.doFilter(OncePerRequestFilter.java:116) ~[spring-web-6.1.14.jar:6.1.14]
	at org.apache.catalina.core.ApplicationFilterChain.internalDoFilter(ApplicationFilterChain.java:164) ~[tomcat-embed-core-10.1.31.jar:10.1.31]
	at org.apache.catalina.core.ApplicationFilterChain.doFilter(ApplicationFilterChain.java:140) ~[tomcat-embed-core-10.1.31.jar:10.1.31]
	at org.springframework.web.filter.CharacterEncodingFilter.doFilterInternal(CharacterEncodingFilter.java:201) ~[spring-web-6.1.14.jar:6.1.14]
	at org.springframework.web.filter.OncePerRequestFilter.doFilter(OncePerRequestFilter.java:116) ~[spring-web-6.1.14.jar:6.1.14]
	at org.apache.catalina.core.ApplicationFilterChain.internalDoFilter(ApplicationFilterChain.java:164) ~[tomcat-embed-core-10.1.31.jar:10.1.31]
	at org.apache.catalina.core.ApplicationFilterChain.doFilter(ApplicationFilterChain.java:140) ~[tomcat-embed-core-10.1.31.jar:10.1.31]
	at org.apache.catalina.core.StandardWrapperValve.invoke(StandardWrapperValve.java:167) ~[tomcat-embed-core-10.1.31.jar:10.1.31]
	at org.apache.catalina.core.StandardContextValve.invoke(StandardContextValve.java:90) ~[tomcat-embed-core-10.1.31.jar:10.1.31]
	at org.apache.catalina.authenticator.AuthenticatorBase.invoke(AuthenticatorBase.java:483) ~[tomcat-embed-core-10.1.31.jar:10.1.31]
	at org.apache.catalina.core.StandardHostValve.invoke(StandardHostValve.java:115) ~[tomcat-embed-core-10.1.31.jar:10.1.31]
	at org.apache.catalina.valves.ErrorReportValve.invoke(ErrorReportValve.java:93) ~[tomcat-embed-core-10.1.31.jar:10.1.31]
	at org.apache.catalina.core.StandardEngineValve.invoke(StandardEngineValve.java:74) ~[tomcat-embed-core-10.1.31.jar:10.1.31]
	at org.apache.catalina.connector.CoyoteAdapter.service(CoyoteAdapter.java:344) ~[tomcat-embed-core-10.1.31.jar:10.1.31]
	at org.apache.coyote.http11.Http11Processor.service(Http11Processor.java:384) ~[tomcat-embed-core-10.1.31.jar:10.1.31]
	at org.apache.coyote.AbstractProcessorLight.process(AbstractProcessorLight.java:63) ~[tomcat-embed-core-10.1.31.jar:10.1.31]
	at org.apache.coyote.AbstractProtocol$ConnectionHandler.process(AbstractProtocol.java:905) ~[tomcat-embed-core-10.1.31.jar:10.1.31]
	at org.apache.tomcat.util.net.NioEndpoint$SocketProcessor.doRun(NioEndpoint.java:1741) ~[tomcat-embed-core-10.1.31.jar:10.1.31]
	at org.apache.tomcat.util.net.SocketProcessorBase.run(SocketProcessorBase.java:52) ~[tomcat-embed-core-10.1.31.jar:10.1.31]
	at org.apache.tomcat.util.threads.ThreadPoolExecutor.runWorker(ThreadPoolExecutor.java:1190) ~[tomcat-embed-core-10.1.31.jar:10.1.31]
	at org.apache.tomcat.util.threads.ThreadPoolExecutor$Worker.run(ThreadPoolExecutor.java:659) ~[tomcat-embed-core-10.1.31.jar:10.1.31]
	at org.apache.tomcat.util.threads.TaskThread$WrappingRunnable.run(TaskThread.java:63) ~[tomcat-embed-core-10.1.31.jar:10.1.31]
	at java.base/java.lang.Thread.run(Thread.java:842) ~[na:na]
Caused by: java.net.ConnectException: Connection refused: no further information
	at java.base/sun.nio.ch.Net.pollConnect(Native Method) ~[na:na]
	at java.base/sun.nio.ch.Net.pollConnectNow(Net.java:672) ~[na:na]
	at java.base/sun.nio.ch.NioSocketImpl.timedFinishConnect(NioSocketImpl.java:547) ~[na:na]
	at java.base/sun.nio.ch.NioSocketImpl.connect(NioSocketImpl.java:602) ~[na:na]
	at java.base/java.net.Socket.connect(Socket.java:633) ~[na:na]
	at java.base/sun.net.NetworkClient.doConnect(NetworkClient.java:178) ~[na:na]
	at java.base/sun.net.www.http.HttpClient.openServer(HttpClient.java:534) ~[na:na]
	at java.base/sun.net.www.http.HttpClient.openServer(HttpClient.java:639) ~[na:na]
	at java.base/sun.net.www.http.HttpClient.<init>(HttpClient.java:282) ~[na:na]
	at java.base/sun.net.www.http.HttpClient.New(HttpClient.java:387) ~[na:na]
	at java.base/sun.net.www.http.HttpClient.New(HttpClient.java:409) ~[na:na]
	at java.base/sun.net.www.protocol.http.HttpURLConnection.getNewHttpClient(HttpURLConnection.java:1308) ~[na:na]
	at java.base/sun.net.www.protocol.http.HttpURLConnection.plainConnect0(HttpURLConnection.java:1241) ~[na:na]
	at java.base/sun.net.www.protocol.http.HttpURLConnection.plainConnect(HttpURLConnection.java:1127) ~[na:na]
	at java.base/sun.net.www.protocol.http.HttpURLConnection.connect(HttpURLConnection.java:1056) ~[na:na]
	at org.springframework.http.client.SimpleClientHttpRequest.executeInternal(SimpleClientHttpRequest.java:79) ~[spring-web-6.1.14.jar:6.1.14]
	at org.springframework.http.client.AbstractStreamingClientHttpRequest.executeInternal(AbstractStreamingClientHttpRequest.java:70) ~[spring-web-6.1.14.jar:6.1.14]
	at org.springframework.http.client.AbstractClientHttpRequest.execute(AbstractClientHttpRequest.java:66) ~[spring-web-6.1.14.jar:6.1.14]
	at org.springframework.web.client.RestTemplate.doExecute(RestTemplate.java:889) ~[spring-web-6.1.14.jar:6.1.14]
	... 69 common frames omitted

2026-06-30T16:47:16.216-03:00 DEBUG 18924 --- [loja-jogos-api] [nio-8080-exec-8] o.s.w.s.m.m.a.HttpEntityMethodProcessor  : Using 'application/json', given [application/json, text/plain, */*] and supported [application/json, application/*+json]
2026-06-30T16:47:16.216-03:00 DEBUG 18924 --- [loja-jogos-api] [nio-8080-exec-8] o.s.w.s.m.m.a.HttpEntityMethodProcessor  : Writing [PedidoResponseDTO[id=5, cliente=ClienteResponseDTO[id=2, nome=kaguya , email=pedropositivoone@gmail. (truncated)...]
2026-06-30T16:47:16.218-03:00 DEBUG 18924 --- [loja-jogos-api] [nio-8080-exec-8] o.s.web.servlet.DispatcherServlet        : Completed 201 CREATED
2026-06-30T16:47:16.227-03:00 DEBUG 18924 --- [loja-jogos-api] [nio-8080-exec-4] o.s.web.servlet.DispatcherServlet        : GET "/pedidos", parameters={}
2026-06-30T16:47:16.228-03:00 DEBUG 18924 --- [loja-jogos-api] [nio-8080-exec-4] s.w.s.m.m.a.RequestMappingHandlerMapping : Mapped to com.lojajogos.controller.PedidoController#listarTodos()
2026-06-30T16:47:16.230-03:00 DEBUG 18924 --- [loja-jogos-api] [nio-8080-exec-4] org.hibernate.SQL                        : select p1_0.id,p1_0.cliente_id,p1_0.cupom_desconto,p1_0.data_pedido,p1_0.mensagemia,p1_0.perfil_cliente,p1_0.recomendacoes,p1_0.status_pedido,p1_0.valor_total from pedidos p1_0
Hibernate: select p1_0.id,p1_0.cliente_id,p1_0.cupom_desconto,p1_0.data_pedido,p1_0.mensagemia,p1_0.perfil_cliente,p1_0.recomendacoes,p1_0.status_pedido,p1_0.valor_total from pedidos p1_0
2026-06-30T16:47:16.233-03:00 DEBUG 18924 --- [loja-jogos-api] [nio-8080-exec-4] org.hibernate.SQL                        : select c1_0.id,c1_0.bairro,c1_0.cep,c1_0.cidade,c1_0.email,c1_0.nome,c1_0.numero,c1_0.pais,c1_0.rua,c1_0.senha,c1_0.telefone from clientes c1_0 where c1_0.id=?
Hibernate: select c1_0.id,c1_0.bairro,c1_0.cep,c1_0.cidade,c1_0.email,c1_0.nome,c1_0.numero,c1_0.pais,c1_0.rua,c1_0.senha,c1_0.telefone from clientes c1_0 where c1_0.id=?
2026-06-30T16:47:16.234-03:00 DEBUG 18924 --- [loja-jogos-api] [nio-8080-exec-4] org.hibernate.SQL                        : select c1_0.id,c1_0.bairro,c1_0.cep,c1_0.cidade,c1_0.email,c1_0.nome,c1_0.numero,c1_0.pais,c1_0.rua,c1_0.senha,c1_0.telefone from clientes c1_0 where c1_0.id=?
Hibernate: select c1_0.id,c1_0.bairro,c1_0.cep,c1_0.cidade,c1_0.email,c1_0.nome,c1_0.numero,c1_0.pais,c1_0.rua,c1_0.senha,c1_0.telefone from clientes c1_0 where c1_0.id=?
2026-06-30T16:47:16.235-03:00 DEBUG 18924 --- [loja-jogos-api] [nio-8080-exec-4] org.hibernate.SQL                        : select c1_0.id,c1_0.bairro,c1_0.cep,c1_0.cidade,c1_0.email,c1_0.nome,c1_0.numero,c1_0.pais,c1_0.rua,c1_0.senha,c1_0.telefone from clientes c1_0 where c1_0.id=?
Hibernate: select c1_0.id,c1_0.bairro,c1_0.cep,c1_0.cidade,c1_0.email,c1_0.nome,c1_0.numero,c1_0.pais,c1_0.rua,c1_0.senha,c1_0.telefone from clientes c1_0 where c1_0.id=?
2026-06-30T16:47:16.236-03:00 DEBUG 18924 --- [loja-jogos-api] [nio-8080-exec-4] org.hibernate.SQL                        : select i1_0.pedido_id,i1_0.id,i1_0.jogo_id,j1_0.id,j1_0.categoria,j1_0.nome,j1_0.plataforma,j1_0.preco,i1_0.quantidade from itens_pedido i1_0 left join jogos j1_0 on j1_0.id=i1_0.jogo_id where i1_0.pedido_id=?
Hibernate: select i1_0.pedido_id,i1_0.id,i1_0.jogo_id,j1_0.id,j1_0.categoria,j1_0.nome,j1_0.plataforma,j1_0.preco,i1_0.quantidade from itens_pedido i1_0 left join jogos j1_0 on j1_0.id=i1_0.jogo_id where i1_0.pedido_id=?
2026-06-30T16:47:16.237-03:00 DEBUG 18924 --- [loja-jogos-api] [nio-8080-exec-4] org.hibernate.SQL                        : select i1_0.pedido_id,i1_0.id,i1_0.jogo_id,j1_0.id,j1_0.categoria,j1_0.nome,j1_0.plataforma,j1_0.preco,i1_0.quantidade from itens_pedido i1_0 left join jogos j1_0 on j1_0.id=i1_0.jogo_id where i1_0.pedido_id=?
Hibernate: select i1_0.pedido_id,i1_0.id,i1_0.jogo_id,j1_0.id,j1_0.categoria,j1_0.nome,j1_0.plataforma,j1_0.preco,i1_0.quantidade from itens_pedido i1_0 left join jogos j1_0 on j1_0.id=i1_0.jogo_id where i1_0.pedido_id=?
2026-06-30T16:47:16.238-03:00 DEBUG 18924 --- [loja-jogos-api] [nio-8080-exec-4] org.hibernate.SQL                        : select i1_0.pedido_id,i1_0.id,i1_0.jogo_id,j1_0.id,j1_0.categoria,j1_0.nome,j1_0.plataforma,j1_0.preco,i1_0.quantidade from itens_pedido i1_0 left join jogos j1_0 on j1_0.id=i1_0.jogo_id where i1_0.pedido_id=?
Hibernate: select i1_0.pedido_id,i1_0.id,i1_0.jogo_id,j1_0.id,j1_0.categoria,j1_0.nome,j1_0.plataforma,j1_0.preco,i1_0.quantidade from itens_pedido i1_0 left join jogos j1_0 on j1_0.id=i1_0.jogo_id where i1_0.pedido_id=?
2026-06-30T16:47:16.239-03:00 DEBUG 18924 --- [loja-jogos-api] [nio-8080-exec-4] org.hibernate.SQL                        : select i1_0.pedido_id,i1_0.id,i1_0.jogo_id,j1_0.id,j1_0.categoria,j1_0.nome,j1_0.plataforma,j1_0.preco,i1_0.quantidade from itens_pedido i1_0 left join jogos j1_0 on j1_0.id=i1_0.jogo_id where i1_0.pedido_id=?
Hibernate: select i1_0.pedido_id,i1_0.id,i1_0.jogo_id,j1_0.id,j1_0.categoria,j1_0.nome,j1_0.plataforma,j1_0.preco,i1_0.quantidade from itens_pedido i1_0 left join jogos j1_0 on j1_0.id=i1_0.jogo_id where i1_0.pedido_id=?
2026-06-30T16:47:16.240-03:00 DEBUG 18924 --- [loja-jogos-api] [nio-8080-exec-4] org.hibernate.SQL                        : select i1_0.pedido_id,i1_0.id,i1_0.jogo_id,j1_0.id,j1_0.categoria,j1_0.nome,j1_0.plataforma,j1_0.preco,i1_0.quantidade from itens_pedido i1_0 left join jogos j1_0 on j1_0.id=i1_0.jogo_id where i1_0.pedido_id=?
Hibernate: select i1_0.pedido_id,i1_0.id,i1_0.jogo_id,j1_0.id,j1_0.categoria,j1_0.nome,j1_0.plataforma,j1_0.preco,i1_0.quantidade from itens_pedido i1_0 left join jogos j1_0 on j1_0.id=i1_0.jogo_id where i1_0.pedido_id=?
2026-06-30T16:47:16.241-03:00 DEBUG 18924 --- [loja-jogos-api] [nio-8080-exec-4] o.s.w.s.m.m.a.HttpEntityMethodProcessor  : Using 'application/json', given [application/json, text/plain, */*] and supported [application/json, application/*+json]
2026-06-30T16:47:16.242-03:00 DEBUG 18924 --- [loja-jogos-api] [nio-8080-exec-4] o.s.w.s.m.m.a.HttpEntityMethodProcessor  : Writing [[PedidoResponseDTO[id=1, cliente=ClienteResponseDTO[id=1, nome=Teste CORS, email=teste.cors.17828478 (truncated)...]
2026-06-30T16:47:16.243-03:00 DEBUG 18924 --- [loja-jogos-api] [nio-8080-exec-4] o.s.web.servlet.DispatcherServlet        : Completed 200 OK
2026-06-30T16:47:16.248-03:00 DEBUG 18924 --- [loja-jogos-api] [io-8080-exec-10] o.s.web.servlet.DispatcherServlet        : GET "/pedidos", parameters={}
2026-06-30T16:47:16.250-03:00 DEBUG 18924 --- [loja-jogos-api] [io-8080-exec-10] s.w.s.m.m.a.RequestMappingHandlerMapping : Mapped to com.lojajogos.controller.PedidoController#listarTodos()
2026-06-30T16:47:16.252-03:00 DEBUG 18924 --- [loja-jogos-api] [io-8080-exec-10] org.hibernate.SQL                        : select p1_0.id,p1_0.cliente_id,p1_0.cupom_desconto,p1_0.data_pedido,p1_0.mensagemia,p1_0.perfil_cliente,p1_0.recomendacoes,p1_0.status_pedido,p1_0.valor_total from pedidos p1_0
Hibernate: select p1_0.id,p1_0.cliente_id,p1_0.cupom_desconto,p1_0.data_pedido,p1_0.mensagemia,p1_0.perfil_cliente,p1_0.recomendacoes,p1_0.status_pedido,p1_0.valor_total from pedidos p1_0
2026-06-30T16:47:16.255-03:00 DEBUG 18924 --- [loja-jogos-api] [io-8080-exec-10] org.hibernate.SQL                        : select c1_0.id,c1_0.bairro,c1_0.cep,c1_0.cidade,c1_0.email,c1_0.nome,c1_0.numero,c1_0.pais,c1_0.rua,c1_0.senha,c1_0.telefone from clientes c1_0 where c1_0.id=?
Hibernate: select c1_0.id,c1_0.bairro,c1_0.cep,c1_0.cidade,c1_0.email,c1_0.nome,c1_0.numero,c1_0.pais,c1_0.rua,c1_0.senha,c1_0.telefone from clientes c1_0 where c1_0.id=?
2026-06-30T16:47:16.256-03:00 DEBUG 18924 --- [loja-jogos-api] [io-8080-exec-10] org.hibernate.SQL                        : select c1_0.id,c1_0.bairro,c1_0.cep,c1_0.cidade,c1_0.email,c1_0.nome,c1_0.numero,c1_0.pais,c1_0.rua,c1_0.senha,c1_0.telefone from clientes c1_0 where c1_0.id=?
Hibernate: select c1_0.id,c1_0.bairro,c1_0.cep,c1_0.cidade,c1_0.email,c1_0.nome,c1_0.numero,c1_0.pais,c1_0.rua,c1_0.senha,c1_0.telefone from clientes c1_0 where c1_0.id=?
2026-06-30T16:47:16.257-03:00 DEBUG 18924 --- [loja-jogos-api] [io-8080-exec-10] org.hibernate.SQL                        : select c1_0.id,c1_0.bairro,c1_0.cep,c1_0.cidade,c1_0.email,c1_0.nome,c1_0.numero,c1_0.pais,c1_0.rua,c1_0.senha,c1_0.telefone from clientes c1_0 where c1_0.id=?
Hibernate: select c1_0.id,c1_0.bairro,c1_0.cep,c1_0.cidade,c1_0.email,c1_0.nome,c1_0.numero,c1_0.pais,c1_0.rua,c1_0.senha,c1_0.telefone from clientes c1_0 where c1_0.id=?
2026-06-30T16:47:16.259-03:00 DEBUG 18924 --- [loja-jogos-api] [io-8080-exec-10] org.hibernate.SQL                        : select i1_0.pedido_id,i1_0.id,i1_0.jogo_id,j1_0.id,j1_0.categoria,j1_0.nome,j1_0.plataforma,j1_0.preco,i1_0.quantidade from itens_pedido i1_0 left join jogos j1_0 on j1_0.id=i1_0.jogo_id where i1_0.pedido_id=?
Hibernate: select i1_0.pedido_id,i1_0.id,i1_0.jogo_id,j1_0.id,j1_0.categoria,j1_0.nome,j1_0.plataforma,j1_0.preco,i1_0.quantidade from itens_pedido i1_0 left join jogos j1_0 on j1_0.id=i1_0.jogo_id where i1_0.pedido_id=?
2026-06-30T16:47:16.260-03:00 DEBUG 18924 --- [loja-jogos-api] [io-8080-exec-10] org.hibernate.SQL                        : select i1_0.pedido_id,i1_0.id,i1_0.jogo_id,j1_0.id,j1_0.categoria,j1_0.nome,j1_0.plataforma,j1_0.preco,i1_0.quantidade from itens_pedido i1_0 left join jogos j1_0 on j1_0.id=i1_0.jogo_id where i1_0.pedido_id=?
Hibernate: select i1_0.pedido_id,i1_0.id,i1_0.jogo_id,j1_0.id,j1_0.categoria,j1_0.nome,j1_0.plataforma,j1_0.preco,i1_0.quantidade from itens_pedido i1_0 left join jogos j1_0 on j1_0.id=i1_0.jogo_id where i1_0.pedido_id=?
2026-06-30T16:47:16.262-03:00 DEBUG 18924 --- [loja-jogos-api] [io-8080-exec-10] org.hibernate.SQL                        : select i1_0.pedido_id,i1_0.id,i1_0.jogo_id,j1_0.id,j1_0.categoria,j1_0.nome,j1_0.plataforma,j1_0.preco,i1_0.quantidade from itens_pedido i1_0 left join jogos j1_0 on j1_0.id=i1_0.jogo_id where i1_0.pedido_id=?
Hibernate: select i1_0.pedido_id,i1_0.id,i1_0.jogo_id,j1_0.id,j1_0.categoria,j1_0.nome,j1_0.plataforma,j1_0.preco,i1_0.quantidade from itens_pedido i1_0 left join jogos j1_0 on j1_0.id=i1_0.jogo_id where i1_0.pedido_id=?
2026-06-30T16:47:16.264-03:00 DEBUG 18924 --- [loja-jogos-api] [io-8080-exec-10] org.hibernate.SQL                        : select i1_0.pedido_id,i1_0.id,i1_0.jogo_id,j1_0.id,j1_0.categoria,j1_0.nome,j1_0.plataforma,j1_0.preco,i1_0.quantidade from itens_pedido i1_0 left join jogos j1_0 on j1_0.id=i1_0.jogo_id where i1_0.pedido_id=?
Hibernate: select i1_0.pedido_id,i1_0.id,i1_0.jogo_id,j1_0.id,j1_0.categoria,j1_0.nome,j1_0.plataforma,j1_0.preco,i1_0.quantidade from itens_pedido i1_0 left join jogos j1_0 on j1_0.id=i1_0.jogo_id where i1_0.pedido_id=?
2026-06-30T16:47:16.265-03:00 DEBUG 18924 --- [loja-jogos-api] [io-8080-exec-10] org.hibernate.SQL                        : select i1_0.pedido_id,i1_0.id,i1_0.jogo_id,j1_0.id,j1_0.categoria,j1_0.nome,j1_0.plataforma,j1_0.preco,i1_0.quantidade from itens_pedido i1_0 left join jogos j1_0 on j1_0.id=i1_0.jogo_id where i1_0.pedido_id=?
Hibernate: select i1_0.pedido_id,i1_0.id,i1_0.jogo_id,j1_0.id,j1_0.categoria,j1_0.nome,j1_0.plataforma,j1_0.preco,i1_0.quantidade from itens_pedido i1_0 left join jogos j1_0 on j1_0.id=i1_0.jogo_id where i1_0.pedido_id=?
2026-06-30T16:47:16.266-03:00 DEBUG 18924 --- [loja-jogos-api] [io-8080-exec-10] o.s.w.s.m.m.a.HttpEntityMethodProcessor  : Using 'application/json', given [application/json, text/plain, */*] and supported [application/json, application/*+json]
2026-06-30T16:47:16.267-03:00 DEBUG 18924 --- [loja-jogos-api] [io-8080-exec-10] o.s.w.s.m.m.a.HttpEntityMethodProcessor  : Writing [[PedidoResponseDTO[id=1, cliente=ClienteResponseDTO[id=1, nome=Teste CORS, email=teste.cors.17828478 (truncated)...]
2026-06-30T16:47:16.268-03:00 DEBUG 18924 --- [loja-jogos-api] [io-8080-exec-10] o.s.web.servlet.DispatcherServlet        : Completed 200 OK
2026-06-30T16:47:24.392-03:00 DEBUG 18924 --- [loja-jogos-api] [nio-8080-exec-1] o.s.web.servlet.DispatcherServlet        : GET "/pedidos", parameters={}
2026-06-30T16:47:24.400-03:00 DEBUG 18924 --- [loja-jogos-api] [nio-8080-exec-1] s.w.s.m.m.a.RequestMappingHandlerMapping : Mapped to com.lojajogos.controller.PedidoController#listarTodos()
2026-06-30T16:47:24.402-03:00 DEBUG 18924 --- [loja-jogos-api] [nio-8080-exec-1] org.hibernate.SQL                        : select p1_0.id,p1_0.cliente_id,p1_0.cupom_desconto,p1_0.data_pedido,p1_0.mensagemia,p1_0.perfil_cliente,p1_0.recomendacoes,p1_0.status_pedido,p1_0.valor_total from pedidos p1_0
Hibernate: select p1_0.id,p1_0.cliente_id,p1_0.cupom_desconto,p1_0.data_pedido,p1_0.mensagemia,p1_0.perfil_cliente,p1_0.recomendacoes,p1_0.status_pedido,p1_0.valor_total from pedidos p1_0
2026-06-30T16:47:24.403-03:00 DEBUG 18924 --- [loja-jogos-api] [nio-8080-exec-1] org.hibernate.SQL                        : select c1_0.id,c1_0.bairro,c1_0.cep,c1_0.cidade,c1_0.email,c1_0.nome,c1_0.numero,c1_0.pais,c1_0.rua,c1_0.senha,c1_0.telefone from clientes c1_0 where c1_0.id=?
Hibernate: select c1_0.id,c1_0.bairro,c1_0.cep,c1_0.cidade,c1_0.email,c1_0.nome,c1_0.numero,c1_0.pais,c1_0.rua,c1_0.senha,c1_0.telefone from clientes c1_0 where c1_0.id=?
2026-06-30T16:47:24.404-03:00 DEBUG 18924 --- [loja-jogos-api] [nio-8080-exec-1] org.hibernate.SQL                        : select c1_0.id,c1_0.bairro,c1_0.cep,c1_0.cidade,c1_0.email,c1_0.nome,c1_0.numero,c1_0.pais,c1_0.rua,c1_0.senha,c1_0.telefone from clientes c1_0 where c1_0.id=?
Hibernate: select c1_0.id,c1_0.bairro,c1_0.cep,c1_0.cidade,c1_0.email,c1_0.nome,c1_0.numero,c1_0.pais,c1_0.rua,c1_0.senha,c1_0.telefone from clientes c1_0 where c1_0.id=?
2026-06-30T16:47:24.405-03:00 DEBUG 18924 --- [loja-jogos-api] [nio-8080-exec-1] org.hibernate.SQL                        : select c1_0.id,c1_0.bairro,c1_0.cep,c1_0.cidade,c1_0.email,c1_0.nome,c1_0.numero,c1_0.pais,c1_0.rua,c1_0.senha,c1_0.telefone from clientes c1_0 where c1_0.id=?
Hibernate: select c1_0.id,c1_0.bairro,c1_0.cep,c1_0.cidade,c1_0.email,c1_0.nome,c1_0.numero,c1_0.pais,c1_0.rua,c1_0.senha,c1_0.telefone from clientes c1_0 where c1_0.id=?
2026-06-30T16:47:24.406-03:00 DEBUG 18924 --- [loja-jogos-api] [nio-8080-exec-1] org.hibernate.SQL                        : select i1_0.pedido_id,i1_0.id,i1_0.jogo_id,j1_0.id,j1_0.categoria,j1_0.nome,j1_0.plataforma,j1_0.preco,i1_0.quantidade from itens_pedido i1_0 left join jogos j1_0 on j1_0.id=i1_0.jogo_id where i1_0.pedido_id=?
Hibernate: select i1_0.pedido_id,i1_0.id,i1_0.jogo_id,j1_0.id,j1_0.categoria,j1_0.nome,j1_0.plataforma,j1_0.preco,i1_0.quantidade from itens_pedido i1_0 left join jogos j1_0 on j1_0.id=i1_0.jogo_id where i1_0.pedido_id=?
2026-06-30T16:47:24.407-03:00 DEBUG 18924 --- [loja-jogos-api] [nio-8080-exec-1] org.hibernate.SQL                        : select i1_0.pedido_id,i1_0.id,i1_0.jogo_id,j1_0.id,j1_0.categoria,j1_0.nome,j1_0.plataforma,j1_0.preco,i1_0.quantidade from itens_pedido i1_0 left join jogos j1_0 on j1_0.id=i1_0.jogo_id where i1_0.pedido_id=?
Hibernate: select i1_0.pedido_id,i1_0.id,i1_0.jogo_id,j1_0.id,j1_0.categoria,j1_0.nome,j1_0.plataforma,j1_0.preco,i1_0.quantidade from itens_pedido i1_0 left join jogos j1_0 on j1_0.id=i1_0.jogo_id where i1_0.pedido_id=?
2026-06-30T16:47:24.408-03:00 DEBUG 18924 --- [loja-jogos-api] [nio-8080-exec-1] org.hibernate.SQL                        : select i1_0.pedido_id,i1_0.id,i1_0.jogo_id,j1_0.id,j1_0.categoria,j1_0.nome,j1_0.plataforma,j1_0.preco,i1_0.quantidade from itens_pedido i1_0 left join jogos j1_0 on j1_0.id=i1_0.jogo_id where i1_0.pedido_id=?
Hibernate: select i1_0.pedido_id,i1_0.id,i1_0.jogo_id,j1_0.id,j1_0.categoria,j1_0.nome,j1_0.plataforma,j1_0.preco,i1_0.quantidade from itens_pedido i1_0 left join jogos j1_0 on j1_0.id=i1_0.jogo_id where i1_0.pedido_id=?
2026-06-30T16:47:24.410-03:00 DEBUG 18924 --- [loja-jogos-api] [nio-8080-exec-1] org.hibernate.SQL                        : select i1_0.pedido_id,i1_0.id,i1_0.jogo_id,j1_0.id,j1_0.categoria,j1_0.nome,j1_0.plataforma,j1_0.preco,i1_0.quantidade from itens_pedido i1_0 left join jogos j1_0 on j1_0.id=i1_0.jogo_id where i1_0.pedido_id=?
Hibernate: select i1_0.pedido_id,i1_0.id,i1_0.jogo_id,j1_0.id,j1_0.categoria,j1_0.nome,j1_0.plataforma,j1_0.preco,i1_0.quantidade from itens_pedido i1_0 left join jogos j1_0 on j1_0.id=i1_0.jogo_id where i1_0.pedido_id=?
2026-06-30T16:47:24.412-03:00 DEBUG 18924 --- [loja-jogos-api] [nio-8080-exec-1] org.hibernate.SQL                        : select i1_0.pedido_id,i1_0.id,i1_0.jogo_id,j1_0.id,j1_0.categoria,j1_0.nome,j1_0.plataforma,j1_0.preco,i1_0.quantidade from itens_pedido i1_0 left join jogos j1_0 on j1_0.id=i1_0.jogo_id where i1_0.pedido_id=?
Hibernate: select i1_0.pedido_id,i1_0.id,i1_0.jogo_id,j1_0.id,j1_0.categoria,j1_0.nome,j1_0.plataforma,j1_0.preco,i1_0.quantidade from itens_pedido i1_0 left join jogos j1_0 on j1_0.id=i1_0.jogo_id where i1_0.pedido_id=?
2026-06-30T16:47:24.413-03:00 DEBUG 18924 --- [loja-jogos-api] [nio-8080-exec-1] o.s.w.s.m.m.a.HttpEntityMethodProcessor  : Using 'application/json', given [application/json, text/plain, */*] and supported [application/json, application/*+json]
2026-06-30T16:47:24.414-03:00 DEBUG 18924 --- [loja-jogos-api] [nio-8080-exec-1] o.s.w.s.m.m.a.HttpEntityMethodProcessor  : Writing [[PedidoResponseDTO[id=1, cliente=ClienteResponseDTO[id=1, nome=Teste CORS, email=teste.cors.17828478 (truncated)...]
2026-06-30T16:47:24.415-03:00 DEBUG 18924 --- [loja-jogos-api] [nio-8080-exec-1] o.s.web.servlet.DispatcherServlet        : Completed 200 OK
2026-06-30T16:47:24.420-03:00 DEBUG 18924 --- [loja-jogos-api] [nio-8080-exec-3] o.s.web.servlet.DispatcherServlet        : GET "/pedidos", parameters={}
2026-06-30T16:47:24.420-03:00 DEBUG 18924 --- [loja-jogos-api] [nio-8080-exec-3] s.w.s.m.m.a.RequestMappingHandlerMapping : Mapped to com.lojajogos.controller.PedidoController#listarTodos()
2026-06-30T16:47:24.423-03:00 DEBUG 18924 --- [loja-jogos-api] [nio-8080-exec-3] org.hibernate.SQL                        : select p1_0.id,p1_0.cliente_id,p1_0.cupom_desconto,p1_0.data_pedido,p1_0.mensagemia,p1_0.perfil_cliente,p1_0.recomendacoes,p1_0.status_pedido,p1_0.valor_total from pedidos p1_0
Hibernate: select p1_0.id,p1_0.cliente_id,p1_0.cupom_desconto,p1_0.data_pedido,p1_0.mensagemia,p1_0.perfil_cliente,p1_0.recomendacoes,p1_0.status_pedido,p1_0.valor_total from pedidos p1_0
2026-06-30T16:47:24.425-03:00 DEBUG 18924 --- [loja-jogos-api] [nio-8080-exec-3] org.hibernate.SQL                        : select c1_0.id,c1_0.bairro,c1_0.cep,c1_0.cidade,c1_0.email,c1_0.nome,c1_0.numero,c1_0.pais,c1_0.rua,c1_0.senha,c1_0.telefone from clientes c1_0 where c1_0.id=?
Hibernate: select c1_0.id,c1_0.bairro,c1_0.cep,c1_0.cidade,c1_0.email,c1_0.nome,c1_0.numero,c1_0.pais,c1_0.rua,c1_0.senha,c1_0.telefone from clientes c1_0 where c1_0.id=?
2026-06-30T16:47:24.426-03:00 DEBUG 18924 --- [loja-jogos-api] [nio-8080-exec-3] org.hibernate.SQL                        : select c1_0.id,c1_0.bairro,c1_0.cep,c1_0.cidade,c1_0.email,c1_0.nome,c1_0.numero,c1_0.pais,c1_0.rua,c1_0.senha,c1_0.telefone from clientes c1_0 where c1_0.id=?
Hibernate: select c1_0.id,c1_0.bairro,c1_0.cep,c1_0.cidade,c1_0.email,c1_0.nome,c1_0.numero,c1_0.pais,c1_0.rua,c1_0.senha,c1_0.telefone from clientes c1_0 where c1_0.id=?
2026-06-30T16:47:24.428-03:00 DEBUG 18924 --- [loja-jogos-api] [nio-8080-exec-3] org.hibernate.SQL                        : select c1_0.id,c1_0.bairro,c1_0.cep,c1_0.cidade,c1_0.email,c1_0.nome,c1_0.numero,c1_0.pais,c1_0.rua,c1_0.senha,c1_0.telefone from clientes c1_0 where c1_0.id=?
Hibernate: select c1_0.id,c1_0.bairro,c1_0.cep,c1_0.cidade,c1_0.email,c1_0.nome,c1_0.numero,c1_0.pais,c1_0.rua,c1_0.senha,c1_0.telefone from clientes c1_0 where c1_0.id=?
2026-06-30T16:47:24.430-03:00 DEBUG 18924 --- [loja-jogos-api] [nio-8080-exec-3] org.hibernate.SQL                        : select i1_0.pedido_id,i1_0.id,i1_0.jogo_id,j1_0.id,j1_0.categoria,j1_0.nome,j1_0.plataforma,j1_0.preco,i1_0.quantidade from itens_pedido i1_0 left join jogos j1_0 on j1_0.id=i1_0.jogo_id where i1_0.pedido_id=?
Hibernate: select i1_0.pedido_id,i1_0.id,i1_0.jogo_id,j1_0.id,j1_0.categoria,j1_0.nome,j1_0.plataforma,j1_0.preco,i1_0.quantidade from itens_pedido i1_0 left join jogos j1_0 on j1_0.id=i1_0.jogo_id where i1_0.pedido_id=?
2026-06-30T16:47:24.431-03:00 DEBUG 18924 --- [loja-jogos-api] [nio-8080-exec-3] org.hibernate.SQL                        : select i1_0.pedido_id,i1_0.id,i1_0.jogo_id,j1_0.id,j1_0.categoria,j1_0.nome,j1_0.plataforma,j1_0.preco,i1_0.quantidade from itens_pedido i1_0 left join jogos j1_0 on j1_0.id=i1_0.jogo_id where i1_0.pedido_id=?
Hibernate: select i1_0.pedido_id,i1_0.id,i1_0.jogo_id,j1_0.id,j1_0.categoria,j1_0.nome,j1_0.plataforma,j1_0.preco,i1_0.quantidade from itens_pedido i1_0 left join jogos j1_0 on j1_0.id=i1_0.jogo_id where i1_0.pedido_id=?
2026-06-30T16:47:24.432-03:00 DEBUG 18924 --- [loja-jogos-api] [nio-8080-exec-3] org.hibernate.SQL                        : select i1_0.pedido_id,i1_0.id,i1_0.jogo_id,j1_0.id,j1_0.categoria,j1_0.nome,j1_0.plataforma,j1_0.preco,i1_0.quantidade from itens_pedido i1_0 left join jogos j1_0 on j1_0.id=i1_0.jogo_id where i1_0.pedido_id=?
Hibernate: select i1_0.pedido_id,i1_0.id,i1_0.jogo_id,j1_0.id,j1_0.categoria,j1_0.nome,j1_0.plataforma,j1_0.preco,i1_0.quantidade from itens_pedido i1_0 left join jogos j1_0 on j1_0.id=i1_0.jogo_id where i1_0.pedido_id=?
2026-06-30T16:47:24.433-03:00 DEBUG 18924 --- [loja-jogos-api] [nio-8080-exec-3] org.hibernate.SQL                        : select i1_0.pedido_id,i1_0.id,i1_0.jogo_id,j1_0.id,j1_0.categoria,j1_0.nome,j1_0.plataforma,j1_0.preco,i1_0.quantidade from itens_pedido i1_0 left join jogos j1_0 on j1_0.id=i1_0.jogo_id where i1_0.pedido_id=?
Hibernate: select i1_0.pedido_id,i1_0.id,i1_0.jogo_id,j1_0.id,j1_0.categoria,j1_0.nome,j1_0.plataforma,j1_0.preco,i1_0.quantidade from itens_pedido i1_0 left join jogos j1_0 on j1_0.id=i1_0.jogo_id where i1_0.pedido_id=?
2026-06-30T16:47:24.434-03:00 DEBUG 18924 --- [loja-jogos-api] [nio-8080-exec-3] org.hibernate.SQL                        : select i1_0.pedido_id,i1_0.id,i1_0.jogo_id,j1_0.id,j1_0.categoria,j1_0.nome,j1_0.plataforma,j1_0.preco,i1_0.quantidade from itens_pedido i1_0 left join jogos j1_0 on j1_0.id=i1_0.jogo_id where i1_0.pedido_id=?
Hibernate: select i1_0.pedido_id,i1_0.id,i1_0.jogo_id,j1_0.id,j1_0.categoria,j1_0.nome,j1_0.plataforma,j1_0.preco,i1_0.quantidade from itens_pedido i1_0 left join jogos j1_0 on j1_0.id=i1_0.jogo_id where i1_0.pedido_id=?
2026-06-30T16:47:24.435-03:00 DEBUG 18924 --- [loja-jogos-api] [nio-8080-exec-3] o.s.w.s.m.m.a.HttpEntityMethodProcessor  : Using 'application/json', given [application/json, text/plain, */*] and supported [application/json, application/*+json]
2026-06-30T16:47:24.436-03:00 DEBUG 18924 --- [loja-jogos-api] [nio-8080-exec-3] o.s.w.s.m.m.a.HttpEntityMethodProcessor  : Writing [[PedidoResponseDTO[id=1, cliente=ClienteResponseDTO[id=1, nome=Teste CORS, email=teste.cors.17828478 (truncated)...]
2026-06-30T16:47:24.437-03:00 DEBUG 18924 --- [loja-jogos-api] [nio-8080-exec-3] o.s.web.servlet.DispatcherServlet        : Completed 200 OK
2026-06-30T16:47:34.821-03:00 DEBUG 18924 --- [loja-jogos-api] [nio-8080-exec-9] o.s.web.servlet.DispatcherServlet        : GET "/pedidos", parameters={}
2026-06-30T16:47:34.824-03:00 DEBUG 18924 --- [loja-jogos-api] [nio-8080-exec-9] s.w.s.m.m.a.RequestMappingHandlerMapping : Mapped to com.lojajogos.controller.PedidoController#listarTodos()
2026-06-30T16:47:34.827-03:00 DEBUG 18924 --- [loja-jogos-api] [nio-8080-exec-9] org.hibernate.SQL                        : select p1_0.id,p1_0.cliente_id,p1_0.cupom_desconto,p1_0.data_pedido,p1_0.mensagemia,p1_0.perfil_cliente,p1_0.recomendacoes,p1_0.status_pedido,p1_0.valor_total from pedidos p1_0
Hibernate: select p1_0.id,p1_0.cliente_id,p1_0.cupom_desconto,p1_0.data_pedido,p1_0.mensagemia,p1_0.perfil_cliente,p1_0.recomendacoes,p1_0.status_pedido,p1_0.valor_total from pedidos p1_0
2026-06-30T16:47:34.827-03:00 DEBUG 18924 --- [loja-jogos-api] [nio-8080-exec-9] org.hibernate.SQL                        : select c1_0.id,c1_0.bairro,c1_0.cep,c1_0.cidade,c1_0.email,c1_0.nome,c1_0.numero,c1_0.pais,c1_0.rua,c1_0.senha,c1_0.telefone from clientes c1_0 where c1_0.id=?
Hibernate: select c1_0.id,c1_0.bairro,c1_0.cep,c1_0.cidade,c1_0.email,c1_0.nome,c1_0.numero,c1_0.pais,c1_0.rua,c1_0.senha,c1_0.telefone from clientes c1_0 where c1_0.id=?
2026-06-30T16:47:34.830-03:00 DEBUG 18924 --- [loja-jogos-api] [nio-8080-exec-9] org.hibernate.SQL                        : select c1_0.id,c1_0.bairro,c1_0.cep,c1_0.cidade,c1_0.email,c1_0.nome,c1_0.numero,c1_0.pais,c1_0.rua,c1_0.senha,c1_0.telefone from clientes c1_0 where c1_0.id=?
Hibernate: select c1_0.id,c1_0.bairro,c1_0.cep,c1_0.cidade,c1_0.email,c1_0.nome,c1_0.numero,c1_0.pais,c1_0.rua,c1_0.senha,c1_0.telefone from clientes c1_0 where c1_0.id=?
2026-06-30T16:47:34.832-03:00 DEBUG 18924 --- [loja-jogos-api] [nio-8080-exec-9] org.hibernate.SQL                        : select c1_0.id,c1_0.bairro,c1_0.cep,c1_0.cidade,c1_0.email,c1_0.nome,c1_0.numero,c1_0.pais,c1_0.rua,c1_0.senha,c1_0.telefone from clientes c1_0 where c1_0.id=?
Hibernate: select c1_0.id,c1_0.bairro,c1_0.cep,c1_0.cidade,c1_0.email,c1_0.nome,c1_0.numero,c1_0.pais,c1_0.rua,c1_0.senha,c1_0.telefone from clientes c1_0 where c1_0.id=?
2026-06-30T16:47:34.833-03:00 DEBUG 18924 --- [loja-jogos-api] [nio-8080-exec-9] org.hibernate.SQL                        : select i1_0.pedido_id,i1_0.id,i1_0.jogo_id,j1_0.id,j1_0.categoria,j1_0.nome,j1_0.plataforma,j1_0.preco,i1_0.quantidade from itens_pedido i1_0 left join jogos j1_0 on j1_0.id=i1_0.jogo_id where i1_0.pedido_id=?
Hibernate: select i1_0.pedido_id,i1_0.id,i1_0.jogo_id,j1_0.id,j1_0.categoria,j1_0.nome,j1_0.plataforma,j1_0.preco,i1_0.quantidade from itens_pedido i1_0 left join jogos j1_0 on j1_0.id=i1_0.jogo_id where i1_0.pedido_id=?
2026-06-30T16:47:34.835-03:00 DEBUG 18924 --- [loja-jogos-api] [nio-8080-exec-9] org.hibernate.SQL                        : select i1_0.pedido_id,i1_0.id,i1_0.jogo_id,j1_0.id,j1_0.categoria,j1_0.nome,j1_0.plataforma,j1_0.preco,i1_0.quantidade from itens_pedido i1_0 left join jogos j1_0 on j1_0.id=i1_0.jogo_id where i1_0.pedido_id=?
Hibernate: select i1_0.pedido_id,i1_0.id,i1_0.jogo_id,j1_0.id,j1_0.categoria,j1_0.nome,j1_0.plataforma,j1_0.preco,i1_0.quantidade from itens_pedido i1_0 left join jogos j1_0 on j1_0.id=i1_0.jogo_id where i1_0.pedido_id=?
2026-06-30T16:47:34.836-03:00 DEBUG 18924 --- [loja-jogos-api] [nio-8080-exec-9] org.hibernate.SQL                        : select i1_0.pedido_id,i1_0.id,i1_0.jogo_id,j1_0.id,j1_0.categoria,j1_0.nome,j1_0.plataforma,j1_0.preco,i1_0.quantidade from itens_pedido i1_0 left join jogos j1_0 on j1_0.id=i1_0.jogo_id where i1_0.pedido_id=?
Hibernate: select i1_0.pedido_id,i1_0.id,i1_0.jogo_id,j1_0.id,j1_0.categoria,j1_0.nome,j1_0.plataforma,j1_0.preco,i1_0.quantidade from itens_pedido i1_0 left join jogos j1_0 on j1_0.id=i1_0.jogo_id where i1_0.pedido_id=?
2026-06-30T16:47:34.837-03:00 DEBUG 18924 --- [loja-jogos-api] [nio-8080-exec-9] org.hibernate.SQL                        : select i1_0.pedido_id,i1_0.id,i1_0.jogo_id,j1_0.id,j1_0.categoria,j1_0.nome,j1_0.plataforma,j1_0.preco,i1_0.quantidade from itens_pedido i1_0 left join jogos j1_0 on j1_0.id=i1_0.jogo_id where i1_0.pedido_id=?
Hibernate: select i1_0.pedido_id,i1_0.id,i1_0.jogo_id,j1_0.id,j1_0.categoria,j1_0.nome,j1_0.plataforma,j1_0.preco,i1_0.quantidade from itens_pedido i1_0 left join jogos j1_0 on j1_0.id=i1_0.jogo_id where i1_0.pedido_id=?
2026-06-30T16:47:34.838-03:00 DEBUG 18924 --- [loja-jogos-api] [nio-8080-exec-9] org.hibernate.SQL                        : select i1_0.pedido_id,i1_0.id,i1_0.jogo_id,j1_0.id,j1_0.categoria,j1_0.nome,j1_0.plataforma,j1_0.preco,i1_0.quantidade from itens_pedido i1_0 left join jogos j1_0 on j1_0.id=i1_0.jogo_id where i1_0.pedido_id=?
Hibernate: select i1_0.pedido_id,i1_0.id,i1_0.jogo_id,j1_0.id,j1_0.categoria,j1_0.nome,j1_0.plataforma,j1_0.preco,i1_0.quantidade from itens_pedido i1_0 left join jogos j1_0 on j1_0.id=i1_0.jogo_id where i1_0.pedido_id=?
2026-06-30T16:47:34.840-03:00 DEBUG 18924 --- [loja-jogos-api] [nio-8080-exec-9] o.s.w.s.m.m.a.HttpEntityMethodProcessor  : Using 'application/json', given [application/json, text/plain, */*] and supported [application/json, application/*+json]
2026-06-30T16:47:34.840-03:00 DEBUG 18924 --- [loja-jogos-api] [nio-8080-exec-9] o.s.w.s.m.m.a.HttpEntityMethodProcessor  : Writing [[PedidoResponseDTO[id=1, cliente=ClienteResponseDTO[id=1, nome=Teste CORS, email=teste.cors.17828478 (truncated)...]
2026-06-30T16:47:34.842-03:00 DEBUG 18924 --- [loja-jogos-api] [nio-8080-exec-9] o.s.web.servlet.DispatcherServlet        : Completed 200 OK
2026-06-30T16:47:34.847-03:00 DEBUG 18924 --- [loja-jogos-api] [nio-8080-exec-7] o.s.web.servlet.DispatcherServlet        : GET "/pedidos", parameters={}
2026-06-30T16:47:34.848-03:00 DEBUG 18924 --- [loja-jogos-api] [nio-8080-exec-7] s.w.s.m.m.a.RequestMappingHandlerMapping : Mapped to com.lojajogos.controller.PedidoController#listarTodos()
2026-06-30T16:47:34.850-03:00 DEBUG 18924 --- [loja-jogos-api] [nio-8080-exec-7] org.hibernate.SQL                        : select p1_0.id,p1_0.cliente_id,p1_0.cupom_desconto,p1_0.data_pedido,p1_0.mensagemia,p1_0.perfil_cliente,p1_0.recomendacoes,p1_0.status_pedido,p1_0.valor_total from pedidos p1_0
Hibernate: select p1_0.id,p1_0.cliente_id,p1_0.cupom_desconto,p1_0.data_pedido,p1_0.mensagemia,p1_0.perfil_cliente,p1_0.recomendacoes,p1_0.status_pedido,p1_0.valor_total from pedidos p1_0
2026-06-30T16:47:34.851-03:00 DEBUG 18924 --- [loja-jogos-api] [nio-8080-exec-7] org.hibernate.SQL                        : select c1_0.id,c1_0.bairro,c1_0.cep,c1_0.cidade,c1_0.email,c1_0.nome,c1_0.numero,c1_0.pais,c1_0.rua,c1_0.senha,c1_0.telefone from clientes c1_0 where c1_0.id=?
Hibernate: select c1_0.id,c1_0.bairro,c1_0.cep,c1_0.cidade,c1_0.email,c1_0.nome,c1_0.numero,c1_0.pais,c1_0.rua,c1_0.senha,c1_0.telefone from clientes c1_0 where c1_0.id=?
2026-06-30T16:47:34.854-03:00 DEBUG 18924 --- [loja-jogos-api] [nio-8080-exec-7] org.hibernate.SQL                        : select c1_0.id,c1_0.bairro,c1_0.cep,c1_0.cidade,c1_0.email,c1_0.nome,c1_0.numero,c1_0.pais,c1_0.rua,c1_0.senha,c1_0.telefone from clientes c1_0 where c1_0.id=?
Hibernate: select c1_0.id,c1_0.bairro,c1_0.cep,c1_0.cidade,c1_0.email,c1_0.nome,c1_0.numero,c1_0.pais,c1_0.rua,c1_0.senha,c1_0.telefone from clientes c1_0 where c1_0.id=?
2026-06-30T16:47:34.855-03:00 DEBUG 18924 --- [loja-jogos-api] [nio-8080-exec-7] org.hibernate.SQL                        : select c1_0.id,c1_0.bairro,c1_0.cep,c1_0.cidade,c1_0.email,c1_0.nome,c1_0.numero,c1_0.pais,c1_0.rua,c1_0.senha,c1_0.telefone from clientes c1_0 where c1_0.id=?
Hibernate: select c1_0.id,c1_0.bairro,c1_0.cep,c1_0.cidade,c1_0.email,c1_0.nome,c1_0.numero,c1_0.pais,c1_0.rua,c1_0.senha,c1_0.telefone from clientes c1_0 where c1_0.id=?
2026-06-30T16:47:34.857-03:00 DEBUG 18924 --- [loja-jogos-api] [nio-8080-exec-7] org.hibernate.SQL                        : select i1_0.pedido_id,i1_0.id,i1_0.jogo_id,j1_0.id,j1_0.categoria,j1_0.nome,j1_0.plataforma,j1_0.preco,i1_0.quantidade from itens_pedido i1_0 left join jogos j1_0 on j1_0.id=i1_0.jogo_id where i1_0.pedido_id=?
Hibernate: select i1_0.pedido_id,i1_0.id,i1_0.jogo_id,j1_0.id,j1_0.categoria,j1_0.nome,j1_0.plataforma,j1_0.preco,i1_0.quantidade from itens_pedido i1_0 left join jogos j1_0 on j1_0.id=i1_0.jogo_id where i1_0.pedido_id=?
2026-06-30T16:47:34.858-03:00 DEBUG 18924 --- [loja-jogos-api] [nio-8080-exec-7] org.hibernate.SQL                        : select i1_0.pedido_id,i1_0.id,i1_0.jogo_id,j1_0.id,j1_0.categoria,j1_0.nome,j1_0.plataforma,j1_0.preco,i1_0.quantidade from itens_pedido i1_0 left join jogos j1_0 on j1_0.id=i1_0.jogo_id where i1_0.pedido_id=?
Hibernate: select i1_0.pedido_id,i1_0.id,i1_0.jogo_id,j1_0.id,j1_0.categoria,j1_0.nome,j1_0.plataforma,j1_0.preco,i1_0.quantidade from itens_pedido i1_0 left join jogos j1_0 on j1_0.id=i1_0.jogo_id where i1_0.pedido_id=?
2026-06-30T16:47:34.860-03:00 DEBUG 18924 --- [loja-jogos-api] [nio-8080-exec-7] org.hibernate.SQL                        : select i1_0.pedido_id,i1_0.id,i1_0.jogo_id,j1_0.id,j1_0.categoria,j1_0.nome,j1_0.plataforma,j1_0.preco,i1_0.quantidade from itens_pedido i1_0 left join jogos j1_0 on j1_0.id=i1_0.jogo_id where i1_0.pedido_id=?
Hibernate: select i1_0.pedido_id,i1_0.id,i1_0.jogo_id,j1_0.id,j1_0.categoria,j1_0.nome,j1_0.plataforma,j1_0.preco,i1_0.quantidade from itens_pedido i1_0 left join jogos j1_0 on j1_0.id=i1_0.jogo_id where i1_0.pedido_id=?
2026-06-30T16:47:34.861-03:00 DEBUG 18924 --- [loja-jogos-api] [nio-8080-exec-7] org.hibernate.SQL                        : select i1_0.pedido_id,i1_0.id,i1_0.jogo_id,j1_0.id,j1_0.categoria,j1_0.nome,j1_0.plataforma,j1_0.preco,i1_0.quantidade from itens_pedido i1_0 left join jogos j1_0 on j1_0.id=i1_0.jogo_id where i1_0.pedido_id=?
Hibernate: select i1_0.pedido_id,i1_0.id,i1_0.jogo_id,j1_0.id,j1_0.categoria,j1_0.nome,j1_0.plataforma,j1_0.preco,i1_0.quantidade from itens_pedido i1_0 left join jogos j1_0 on j1_0.id=i1_0.jogo_id where i1_0.pedido_id=?
2026-06-30T16:47:34.863-03:00 DEBUG 18924 --- [loja-jogos-api] [nio-8080-exec-7] org.hibernate.SQL                        : select i1_0.pedido_id,i1_0.id,i1_0.jogo_id,j1_0.id,j1_0.categoria,j1_0.nome,j1_0.plataforma,j1_0.preco,i1_0.quantidade from itens_pedido i1_0 left join jogos j1_0 on j1_0.id=i1_0.jogo_id where i1_0.pedido_id=?
Hibernate: select i1_0.pedido_id,i1_0.id,i1_0.jogo_id,j1_0.id,j1_0.categoria,j1_0.nome,j1_0.plataforma,j1_0.preco,i1_0.quantidade from itens_pedido i1_0 left join jogos j1_0 on j1_0.id=i1_0.jogo_id where i1_0.pedido_id=?
2026-06-30T16:47:34.864-03:00 DEBUG 18924 --- [loja-jogos-api] [nio-8080-exec-7] o.s.w.s.m.m.a.HttpEntityMethodProcessor  : Using 'application/json', given [application/json, text/plain, */*] and supported [application/json, application/*+json]
2026-06-30T16:47:34.865-03:00 DEBUG 18924 --- [loja-jogos-api] [nio-8080-exec-7] o.s.w.s.m.m.a.HttpEntityMethodProcessor  : Writing [[PedidoResponseDTO[id=1, cliente=ClienteResponseDTO[id=1, nome=Teste CORS, email=teste.cors.17828478 (truncated)...]
2026-06-30T16:47:34.866-03:00 DEBUG 18924 --- [loja-jogos-api] [nio-8080-exec-7] o.s.web.servlet.DispatcherServlet        : Completed 200 OK
2026-06-30T16:51:58.517-03:00 DEBUG 18924 --- [loja-jogos-api] [nio-8080-exec-5] o.s.web.servlet.DispatcherServlet        : POST "/clientes/login", parameters={}
2026-06-30T16:51:58.561-03:00 DEBUG 18924 --- [loja-jogos-api] [nio-8080-exec-5] s.w.s.m.m.a.RequestMappingHandlerMapping : Mapped to com.lojajogos.controller.ClienteController#login(LoginRequestDTO)
2026-06-30T16:51:58.565-03:00 DEBUG 18924 --- [loja-jogos-api] [nio-8080-exec-5] m.m.a.RequestResponseBodyMethodProcessor : Read "application/json;charset=UTF-8" to [LoginRequestDTO[email=pedropositivoone@gmail.com, senha=123456]]
2026-06-30T16:51:58.567-03:00 DEBUG 18924 --- [loja-jogos-api] [nio-8080-exec-5] org.hibernate.SQL                        : select c1_0.id,c1_0.bairro,c1_0.cep,c1_0.cidade,c1_0.email,c1_0.nome,c1_0.numero,c1_0.pais,c1_0.rua,c1_0.senha,c1_0.telefone from clientes c1_0 where upper(c1_0.email)=upper(?)
Hibernate: select c1_0.id,c1_0.bairro,c1_0.cep,c1_0.cidade,c1_0.email,c1_0.nome,c1_0.numero,c1_0.pais,c1_0.rua,c1_0.senha,c1_0.telefone from clientes c1_0 where upper(c1_0.email)=upper(?)
2026-06-30T16:51:58.570-03:00 DEBUG 18924 --- [loja-jogos-api] [nio-8080-exec-5] o.s.w.s.m.m.a.HttpEntityMethodProcessor  : Using 'application/json', given [application/json, text/plain, */*] and supported [application/json, application/*+json]
2026-06-30T16:51:58.571-03:00 DEBUG 18924 --- [loja-jogos-api] [nio-8080-exec-5] o.s.w.s.m.m.a.HttpEntityMethodProcessor  : Writing [ClienteResponseDTO[id=2, nome=kaguya , email=pedropositivoone@gmail.com, telefone=24992987857, cep=2 (truncated)...]
2026-06-30T16:51:58.572-03:00 DEBUG 18924 --- [loja-jogos-api] [nio-8080-exec-5] o.s.web.servlet.DispatcherServlet        : Completed 200 OK
2026-06-30T16:51:58.586-03:00 DEBUG 18924 --- [loja-jogos-api] [nio-8080-exec-6] o.s.web.servlet.DispatcherServlet        : GET "/clientes/2", parameters={}
2026-06-30T16:51:58.586-03:00 DEBUG 18924 --- [loja-jogos-api] [nio-8080-exec-2] o.s.web.servlet.DispatcherServlet        : GET "/jogos", parameters={}
2026-06-30T16:51:58.588-03:00 DEBUG 18924 --- [loja-jogos-api] [nio-8080-exec-6] s.w.s.m.m.a.RequestMappingHandlerMapping : Mapped to com.lojajogos.controller.ClienteController#buscarPorId(Long)
2026-06-30T16:51:58.588-03:00 DEBUG 18924 --- [loja-jogos-api] [nio-8080-exec-2] s.w.s.m.m.a.RequestMappingHandlerMapping : Mapped to com.lojajogos.controller.JogoController#listarTodos()
2026-06-30T16:51:58.589-03:00 DEBUG 18924 --- [loja-jogos-api] [nio-8080-exec-6] org.hibernate.SQL                        : select c1_0.id,c1_0.bairro,c1_0.cep,c1_0.cidade,c1_0.email,c1_0.nome,c1_0.numero,c1_0.pais,c1_0.rua,c1_0.senha,c1_0.telefone from clientes c1_0 where c1_0.id=?
Hibernate: select c1_0.id,c1_0.bairro,c1_0.cep,c1_0.cidade,c1_0.email,c1_0.nome,c1_0.numero,c1_0.pais,c1_0.rua,c1_0.senha,c1_0.telefone from clientes c1_0 where c1_0.id=?
2026-06-30T16:51:58.590-03:00 DEBUG 18924 --- [loja-jogos-api] [nio-8080-exec-2] org.hibernate.SQL                        : select j1_0.id,j1_0.categoria,j1_0.nome,j1_0.plataforma,j1_0.preco from jogos j1_0
Hibernate: select j1_0.id,j1_0.categoria,j1_0.nome,j1_0.plataforma,j1_0.preco from jogos j1_0
2026-06-30T16:51:58.591-03:00 DEBUG 18924 --- [loja-jogos-api] [nio-8080-exec-6] o.s.w.s.m.m.a.HttpEntityMethodProcessor  : Using 'application/json', given [application/json, text/plain, */*] and supported [application/json, application/*+json]
2026-06-30T16:51:58.592-03:00 DEBUG 18924 --- [loja-jogos-api] [nio-8080-exec-6] o.s.w.s.m.m.a.HttpEntityMethodProcessor  : Writing [ClienteResponseDTO[id=2, nome=kaguya , email=pedropositivoone@gmail.com, telefone=24992987857, cep=2 (truncated)...]
2026-06-30T16:51:58.592-03:00 DEBUG 18924 --- [loja-jogos-api] [nio-8080-exec-2] o.s.w.s.m.m.a.HttpEntityMethodProcessor  : Using 'application/json', given [application/json, text/plain, */*] and supported [application/json, application/*+json]
2026-06-30T16:51:58.593-03:00 DEBUG 18924 --- [loja-jogos-api] [nio-8080-exec-2] o.s.w.s.m.m.a.HttpEntityMethodProcessor  : Writing [[JogoResponseDTO[id=1, nome=Halo Infinite, categoria=Acao, plataforma=Xbox Series, preco=199.90], Jo (truncated)...]
2026-06-30T16:51:58.593-03:00 DEBUG 18924 --- [loja-jogos-api] [nio-8080-exec-6] o.s.web.servlet.DispatcherServlet        : Completed 200 OK
2026-06-30T16:51:58.594-03:00 DEBUG 18924 --- [loja-jogos-api] [nio-8080-exec-2] o.s.web.servlet.DispatcherServlet        : Completed 200 OK
2026-06-30T16:51:58.601-03:00 DEBUG 18924 --- [loja-jogos-api] [nio-8080-exec-8] o.s.web.servlet.DispatcherServlet        : GET "/jogos", parameters={}
2026-06-30T16:51:58.602-03:00 DEBUG 18924 --- [loja-jogos-api] [nio-8080-exec-8] s.w.s.m.m.a.RequestMappingHandlerMapping : Mapped to com.lojajogos.controller.JogoController#listarTodos()
2026-06-30T16:51:58.604-03:00 DEBUG 18924 --- [loja-jogos-api] [nio-8080-exec-8] org.hibernate.SQL                        : select j1_0.id,j1_0.categoria,j1_0.nome,j1_0.plataforma,j1_0.preco from jogos j1_0
Hibernate: select j1_0.id,j1_0.categoria,j1_0.nome,j1_0.plataforma,j1_0.preco from jogos j1_0
2026-06-30T16:51:58.606-03:00 DEBUG 18924 --- [loja-jogos-api] [nio-8080-exec-8] o.s.w.s.m.m.a.HttpEntityMethodProcessor  : Using 'application/json', given [application/json, text/plain, */*] and supported [application/json, application/*+json]
2026-06-30T16:51:58.607-03:00 DEBUG 18924 --- [loja-jogos-api] [nio-8080-exec-8] o.s.w.s.m.m.a.HttpEntityMethodProcessor  : Writing [[JogoResponseDTO[id=1, nome=Halo Infinite, categoria=Acao, plataforma=Xbox Series, preco=199.90], Jo (truncated)...]
2026-06-30T16:51:58.608-03:00 DEBUG 18924 --- [loja-jogos-api] [nio-8080-exec-8] o.s.web.servlet.DispatcherServlet        : Completed 200 OK
2026-06-30T16:54:17.744-03:00 DEBUG 18924 --- [loja-jogos-api] [io-8080-exec-10] o.s.web.servlet.DispatcherServlet        : GET "/jogos", parameters={}
2026-06-30T16:54:17.745-03:00 DEBUG 18924 --- [loja-jogos-api] [io-8080-exec-10] s.w.s.m.m.a.RequestMappingHandlerMapping : Mapped to com.lojajogos.controller.JogoController#listarTodos()
2026-06-30T16:54:17.750-03:00 DEBUG 18924 --- [loja-jogos-api] [io-8080-exec-10] org.hibernate.SQL                        : select j1_0.id,j1_0.categoria,j1_0.nome,j1_0.plataforma,j1_0.preco from jogos j1_0
Hibernate: select j1_0.id,j1_0.categoria,j1_0.nome,j1_0.plataforma,j1_0.preco from jogos j1_0
2026-06-30T16:54:17.752-03:00 DEBUG 18924 --- [loja-jogos-api] [io-8080-exec-10] o.s.w.s.m.m.a.HttpEntityMethodProcessor  : Using 'application/json', given [*/*] and supported [application/json, application/*+json]
2026-06-30T16:54:17.753-03:00 DEBUG 18924 --- [loja-jogos-api] [io-8080-exec-10] o.s.w.s.m.m.a.HttpEntityMethodProcessor  : Writing [[JogoResponseDTO[id=1, nome=Halo Infinite, categoria=Acao, plataforma=Xbox Series, preco=199.90], Jo (truncated)...]
2026-06-30T16:54:17.758-03:00 DEBUG 18924 --- [loja-jogos-api] [io-8080-exec-10] o.s.web.servlet.DispatcherServlet        : Completed 200 OK
2026-06-30T16:55:48.670-03:00 DEBUG 18924 --- [loja-jogos-api] [nio-8080-exec-2] o.s.web.servlet.DispatcherServlet        : GET "/favicon.ico", parameters={}
2026-06-30T16:55:48.723-03:00 DEBUG 18924 --- [loja-jogos-api] [nio-8080-exec-2] o.s.w.s.handler.SimpleUrlHandlerMapping  : Mapped to ResourceHttpRequestHandler [classpath [META-INF/resources/], classpath [resources/], classpath [static/], classpath [public/], ServletContext [/]]
2026-06-30T16:55:48.745-03:00 DEBUG 18924 --- [loja-jogos-api] [nio-8080-exec-2] o.s.w.s.r.ResourceHttpRequestHandler     : Resource not found
2026-06-30T16:55:48.756-03:00 DEBUG 18924 --- [loja-jogos-api] [nio-8080-exec-2] .w.s.m.s.DefaultHandlerExceptionResolver : Resolved [org.springframework.web.servlet.resource.NoResourceFoundException: No static resource favicon.ico.]
2026-06-30T16:55:48.757-03:00 DEBUG 18924 --- [loja-jogos-api] [nio-8080-exec-2] o.s.web.servlet.DispatcherServlet        : Completed 404 NOT_FOUND
2026-06-30T16:55:48.785-03:00 DEBUG 18924 --- [loja-jogos-api] [nio-8080-exec-2] o.s.web.servlet.DispatcherServlet        : "ERROR" dispatch for GET "/error", parameters={}
2026-06-30T16:55:48.787-03:00 DEBUG 18924 --- [loja-jogos-api] [nio-8080-exec-2] s.w.s.m.m.a.RequestMappingHandlerMapping : Mapped to org.springframework.boot.autoconfigure.web.servlet.error.BasicErrorController#error(HttpServletRequest)
2026-06-30T16:55:48.817-03:00 DEBUG 18924 --- [loja-jogos-api] [nio-8080-exec-2] o.s.w.s.m.m.a.HttpEntityMethodProcessor  : Using 'application/json;q=0.8', given [image/avif, image/webp, image/apng, image/svg+xml, image/*, */*;q=0.8] and supported [application/json, application/*+json]
2026-06-30T16:55:48.824-03:00 DEBUG 18924 --- [loja-jogos-api] [nio-8080-exec-2] o.s.w.s.m.m.a.HttpEntityMethodProcessor  : Writing [{timestamp=Tue Jun 30 16:55:48 BRT 2026, status=404, error=Not Found, trace=org.springframework.web. (truncated)...]
2026-06-30T16:55:48.850-03:00 DEBUG 18924 --- [loja-jogos-api] [nio-8080-exec-2] o.s.web.servlet.DispatcherServlet        : Exiting from "ERROR" dispatch, status 404
2026-06-30T17:15:05.530-03:00 DEBUG 18924 --- [loja-jogos-api] [nio-8080-exec-6] o.s.web.servlet.DispatcherServlet        : GET "/jogos", parameters={}
2026-06-30T17:15:05.585-03:00 DEBUG 18924 --- [loja-jogos-api] [nio-8080-exec-6] s.w.s.m.m.a.RequestMappingHandlerMapping : Mapped to com.lojajogos.controller.JogoController#listarTodos()
2026-06-30T17:15:05.779-03:00 DEBUG 18924 --- [loja-jogos-api] [nio-8080-exec-6] org.hibernate.SQL                        : select j1_0.id,j1_0.categoria,j1_0.nome,j1_0.plataforma,j1_0.preco from jogos j1_0
Hibernate: select j1_0.id,j1_0.categoria,j1_0.nome,j1_0.plataforma,j1_0.preco from jogos j1_0
2026-06-30T17:15:05.878-03:00 DEBUG 18924 --- [loja-jogos-api] [nio-8080-exec-6] o.s.w.s.m.m.a.HttpEntityMethodProcessor  : Using 'application/json', given [*/*] and supported [application/json, application/*+json]
2026-06-30T17:15:05.881-03:00 DEBUG 18924 --- [loja-jogos-api] [nio-8080-exec-6] o.s.w.s.m.m.a.HttpEntityMethodProcessor  : Writing [[JogoResponseDTO[id=1, nome=Halo Infinite, categoria=Acao, plataforma=Xbox Series, preco=199.90], Jo (truncated)...]
2026-06-30T17:15:05.895-03:00 DEBUG 18924 --- [loja-jogos-api] [nio-8080-exec-6] o.s.web.servlet.DispatcherServlet        : Completed 200 OK
2026-06-30T17:23:25.523-03:00 DEBUG 18924 --- [loja-jogos-api] [nio-8080-exec-5] o.s.web.servlet.DispatcherServlet        : GET "/jogos", parameters={}
2026-06-30T17:23:25.536-03:00 DEBUG 18924 --- [loja-jogos-api] [nio-8080-exec-5] s.w.s.m.m.a.RequestMappingHandlerMapping : Mapped to com.lojajogos.controller.JogoController#listarTodos()
2026-06-30T17:23:25.573-03:00 DEBUG 18924 --- [loja-jogos-api] [nio-8080-exec-5] org.hibernate.SQL                        : select j1_0.id,j1_0.categoria,j1_0.nome,j1_0.plataforma,j1_0.preco from jogos j1_0
Hibernate: select j1_0.id,j1_0.categoria,j1_0.nome,j1_0.plataforma,j1_0.preco from jogos j1_0
2026-06-30T17:23:25.584-03:00 DEBUG 18924 --- [loja-jogos-api] [nio-8080-exec-5] o.s.w.s.m.m.a.HttpEntityMethodProcessor  : Using 'application/json', given [*/*] and supported [application/json, application/*+json]
2026-06-30T17:23:25.587-03:00 DEBUG 18924 --- [loja-jogos-api] [nio-8080-exec-5] o.s.w.s.m.m.a.HttpEntityMethodProcessor  : Writing [[JogoResponseDTO[id=1, nome=Halo Infinite, categoria=Acao, plataforma=Xbox Series, preco=199.90], Jo (truncated)...]
2026-06-30T17:23:25.590-03:00 DEBUG 18924 --- [loja-jogos-api] [nio-8080-exec-5] o.s.web.servlet.DispatcherServlet        : Completed 200 OK
2026-06-30T17:23:31.673-03:00 DEBUG 18924 --- [loja-jogos-api] [nio-8080-exec-1] o.s.web.servlet.DispatcherServlet        : GET "/pedidos", parameters={}
2026-06-30T17:23:31.676-03:00 DEBUG 18924 --- [loja-jogos-api] [nio-8080-exec-1] s.w.s.m.m.a.RequestMappingHandlerMapping : Mapped to com.lojajogos.controller.PedidoController#listarTodos()
2026-06-30T17:23:31.713-03:00 DEBUG 18924 --- [loja-jogos-api] [nio-8080-exec-1] org.hibernate.SQL                        : select p1_0.id,p1_0.cliente_id,p1_0.cupom_desconto,p1_0.data_pedido,p1_0.mensagemia,p1_0.perfil_cliente,p1_0.recomendacoes,p1_0.status_pedido,p1_0.valor_total from pedidos p1_0
Hibernate: select p1_0.id,p1_0.cliente_id,p1_0.cupom_desconto,p1_0.data_pedido,p1_0.mensagemia,p1_0.perfil_cliente,p1_0.recomendacoes,p1_0.status_pedido,p1_0.valor_total from pedidos p1_0
2026-06-30T17:23:31.740-03:00 DEBUG 18924 --- [loja-jogos-api] [nio-8080-exec-1] org.hibernate.SQL                        : select c1_0.id,c1_0.bairro,c1_0.cep,c1_0.cidade,c1_0.email,c1_0.nome,c1_0.numero,c1_0.pais,c1_0.rua,c1_0.senha,c1_0.telefone from clientes c1_0 where c1_0.id=?
Hibernate: select c1_0.id,c1_0.bairro,c1_0.cep,c1_0.cidade,c1_0.email,c1_0.nome,c1_0.numero,c1_0.pais,c1_0.rua,c1_0.senha,c1_0.telefone from clientes c1_0 where c1_0.id=?
2026-06-30T17:23:31.773-03:00 DEBUG 18924 --- [loja-jogos-api] [nio-8080-exec-1] org.hibernate.SQL                        : select c1_0.id,c1_0.bairro,c1_0.cep,c1_0.cidade,c1_0.email,c1_0.nome,c1_0.numero,c1_0.pais,c1_0.rua,c1_0.senha,c1_0.telefone from clientes c1_0 where c1_0.id=?
Hibernate: select c1_0.id,c1_0.bairro,c1_0.cep,c1_0.cidade,c1_0.email,c1_0.nome,c1_0.numero,c1_0.pais,c1_0.rua,c1_0.senha,c1_0.telefone from clientes c1_0 where c1_0.id=?
2026-06-30T17:23:31.780-03:00 DEBUG 18924 --- [loja-jogos-api] [nio-8080-exec-1] org.hibernate.SQL                        : select c1_0.id,c1_0.bairro,c1_0.cep,c1_0.cidade,c1_0.email,c1_0.nome,c1_0.numero,c1_0.pais,c1_0.rua,c1_0.senha,c1_0.telefone from clientes c1_0 where c1_0.id=?
Hibernate: select c1_0.id,c1_0.bairro,c1_0.cep,c1_0.cidade,c1_0.email,c1_0.nome,c1_0.numero,c1_0.pais,c1_0.rua,c1_0.senha,c1_0.telefone from clientes c1_0 where c1_0.id=?
2026-06-30T17:23:31.805-03:00 DEBUG 18924 --- [loja-jogos-api] [nio-8080-exec-1] org.hibernate.SQL                        : select i1_0.pedido_id,i1_0.id,i1_0.jogo_id,j1_0.id,j1_0.categoria,j1_0.nome,j1_0.plataforma,j1_0.preco,i1_0.quantidade from itens_pedido i1_0 left join jogos j1_0 on j1_0.id=i1_0.jogo_id where i1_0.pedido_id=?
Hibernate: select i1_0.pedido_id,i1_0.id,i1_0.jogo_id,j1_0.id,j1_0.categoria,j1_0.nome,j1_0.plataforma,j1_0.preco,i1_0.quantidade from itens_pedido i1_0 left join jogos j1_0 on j1_0.id=i1_0.jogo_id where i1_0.pedido_id=?
2026-06-30T17:23:31.819-03:00 DEBUG 18924 --- [loja-jogos-api] [nio-8080-exec-1] org.hibernate.SQL                        : select i1_0.pedido_id,i1_0.id,i1_0.jogo_id,j1_0.id,j1_0.categoria,j1_0.nome,j1_0.plataforma,j1_0.preco,i1_0.quantidade from itens_pedido i1_0 left join jogos j1_0 on j1_0.id=i1_0.jogo_id where i1_0.pedido_id=?
Hibernate: select i1_0.pedido_id,i1_0.id,i1_0.jogo_id,j1_0.id,j1_0.categoria,j1_0.nome,j1_0.plataforma,j1_0.preco,i1_0.quantidade from itens_pedido i1_0 left join jogos j1_0 on j1_0.id=i1_0.jogo_id where i1_0.pedido_id=?
2026-06-30T17:23:31.821-03:00 DEBUG 18924 --- [loja-jogos-api] [nio-8080-exec-1] org.hibernate.SQL                        : select i1_0.pedido_id,i1_0.id,i1_0.jogo_id,j1_0.id,j1_0.categoria,j1_0.nome,j1_0.plataforma,j1_0.preco,i1_0.quantidade from itens_pedido i1_0 left join jogos j1_0 on j1_0.id=i1_0.jogo_id where i1_0.pedido_id=?
Hibernate: select i1_0.pedido_id,i1_0.id,i1_0.jogo_id,j1_0.id,j1_0.categoria,j1_0.nome,j1_0.plataforma,j1_0.preco,i1_0.quantidade from itens_pedido i1_0 left join jogos j1_0 on j1_0.id=i1_0.jogo_id where i1_0.pedido_id=?
2026-06-30T17:23:31.823-03:00 DEBUG 18924 --- [loja-jogos-api] [nio-8080-exec-1] org.hibernate.SQL                        : select i1_0.pedido_id,i1_0.id,i1_0.jogo_id,j1_0.id,j1_0.categoria,j1_0.nome,j1_0.plataforma,j1_0.preco,i1_0.quantidade from itens_pedido i1_0 left join jogos j1_0 on j1_0.id=i1_0.jogo_id where i1_0.pedido_id=?
Hibernate: select i1_0.pedido_id,i1_0.id,i1_0.jogo_id,j1_0.id,j1_0.categoria,j1_0.nome,j1_0.plataforma,j1_0.preco,i1_0.quantidade from itens_pedido i1_0 left join jogos j1_0 on j1_0.id=i1_0.jogo_id where i1_0.pedido_id=?
2026-06-30T17:23:31.824-03:00 DEBUG 18924 --- [loja-jogos-api] [nio-8080-exec-1] org.hibernate.SQL                        : select i1_0.pedido_id,i1_0.id,i1_0.jogo_id,j1_0.id,j1_0.categoria,j1_0.nome,j1_0.plataforma,j1_0.preco,i1_0.quantidade from itens_pedido i1_0 left join jogos j1_0 on j1_0.id=i1_0.jogo_id where i1_0.pedido_id=?
Hibernate: select i1_0.pedido_id,i1_0.id,i1_0.jogo_id,j1_0.id,j1_0.categoria,j1_0.nome,j1_0.plataforma,j1_0.preco,i1_0.quantidade from itens_pedido i1_0 left join jogos j1_0 on j1_0.id=i1_0.jogo_id where i1_0.pedido_id=?
2026-06-30T17:23:31.826-03:00 DEBUG 18924 --- [loja-jogos-api] [nio-8080-exec-1] o.s.w.s.m.m.a.HttpEntityMethodProcessor  : Using 'application/json', given [*/*] and supported [application/json, application/*+json]
2026-06-30T17:23:31.836-03:00 DEBUG 18924 --- [loja-jogos-api] [nio-8080-exec-1] o.s.w.s.m.m.a.HttpEntityMethodProcessor  : Writing [[PedidoResponseDTO[id=1, cliente=ClienteResponseDTO[id=1, nome=Teste CORS, email=teste.cors.17828478 (truncated)...]
2026-06-30T17:23:31.847-03:00 DEBUG 18924 --- [loja-jogos-api] [nio-8080-exec-1] o.s.web.servlet.DispatcherServlet        : Completed 200 OK
2026-06-30T17:26:14.343-03:00 DEBUG 18924 --- [loja-jogos-api] [nio-8080-exec-3] o.s.web.servlet.DispatcherServlet        : GET "/jogos", parameters={}
2026-06-30T17:26:14.345-03:00 DEBUG 18924 --- [loja-jogos-api] [nio-8080-exec-3] s.w.s.m.m.a.RequestMappingHandlerMapping : Mapped to com.lojajogos.controller.JogoController#listarTodos()
2026-06-30T17:26:14.351-03:00 DEBUG 18924 --- [loja-jogos-api] [nio-8080-exec-3] org.hibernate.SQL                        : select j1_0.id,j1_0.categoria,j1_0.nome,j1_0.plataforma,j1_0.preco from jogos j1_0
Hibernate: select j1_0.id,j1_0.categoria,j1_0.nome,j1_0.plataforma,j1_0.preco from jogos j1_0
2026-06-30T17:26:14.357-03:00 DEBUG 18924 --- [loja-jogos-api] [nio-8080-exec-3] o.s.w.s.m.m.a.HttpEntityMethodProcessor  : Using 'application/json', given [application/json, text/plain, */*] and supported [application/json, application/*+json]
2026-06-30T17:26:14.363-03:00 DEBUG 18924 --- [loja-jogos-api] [nio-8080-exec-3] o.s.w.s.m.m.a.HttpEntityMethodProcessor  : Writing [[JogoResponseDTO[id=1, nome=Halo Infinite, categoria=Acao, plataforma=Xbox Series, preco=199.90], Jo (truncated)...]
2026-06-30T17:26:14.367-03:00 DEBUG 18924 --- [loja-jogos-api] [nio-8080-exec-3] o.s.web.servlet.DispatcherServlet        : Completed 200 OK
2026-06-30T17:26:14.381-03:00 DEBUG 18924 --- [loja-jogos-api] [nio-8080-exec-8] o.s.web.servlet.DispatcherServlet        : GET "/jogos", parameters={}
2026-06-30T17:26:14.382-03:00 DEBUG 18924 --- [loja-jogos-api] [nio-8080-exec-8] s.w.s.m.m.a.RequestMappingHandlerMapping : Mapped to com.lojajogos.controller.JogoController#listarTodos()
2026-06-30T17:26:14.387-03:00 DEBUG 18924 --- [loja-jogos-api] [nio-8080-exec-8] org.hibernate.SQL                        : select j1_0.id,j1_0.categoria,j1_0.nome,j1_0.plataforma,j1_0.preco from jogos j1_0
Hibernate: select j1_0.id,j1_0.categoria,j1_0.nome,j1_0.plataforma,j1_0.preco from jogos j1_0
2026-06-30T17:26:14.392-03:00 DEBUG 18924 --- [loja-jogos-api] [nio-8080-exec-8] o.s.w.s.m.m.a.HttpEntityMethodProcessor  : Using 'application/json', given [application/json, text/plain, */*] and supported [application/json, application/*+json]
2026-06-30T17:26:14.393-03:00 DEBUG 18924 --- [loja-jogos-api] [nio-8080-exec-8] o.s.w.s.m.m.a.HttpEntityMethodProcessor  : Writing [[JogoResponseDTO[id=1, nome=Halo Infinite, categoria=Acao, plataforma=Xbox Series, preco=199.90], Jo (truncated)...]
2026-06-30T17:26:14.395-03:00 DEBUG 18924 --- [loja-jogos-api] [nio-8080-exec-8] o.s.web.servlet.DispatcherServlet        : Completed 200 OK
2026-06-30T17:26:21.337-03:00 DEBUG 18924 --- [loja-jogos-api] [io-8080-exec-10] o.s.web.servlet.DispatcherServlet        : POST "/clientes/login", parameters={}
2026-06-30T17:26:21.340-03:00 DEBUG 18924 --- [loja-jogos-api] [io-8080-exec-10] s.w.s.m.m.a.RequestMappingHandlerMapping : Mapped to com.lojajogos.controller.ClienteController#login(LoginRequestDTO)
2026-06-30T17:26:21.403-03:00 DEBUG 18924 --- [loja-jogos-api] [io-8080-exec-10] m.m.a.RequestResponseBodyMethodProcessor : Read "application/json;charset=UTF-8" to [LoginRequestDTO[email=pedropositivoone@gmail.com, senha=123456]]
2026-06-30T17:26:21.480-03:00 DEBUG 18924 --- [loja-jogos-api] [io-8080-exec-10] org.hibernate.SQL                        : select c1_0.id,c1_0.bairro,c1_0.cep,c1_0.cidade,c1_0.email,c1_0.nome,c1_0.numero,c1_0.pais,c1_0.rua,c1_0.senha,c1_0.telefone from clientes c1_0 where upper(c1_0.email)=upper(?)
Hibernate: select c1_0.id,c1_0.bairro,c1_0.cep,c1_0.cidade,c1_0.email,c1_0.nome,c1_0.numero,c1_0.pais,c1_0.rua,c1_0.senha,c1_0.telefone from clientes c1_0 where upper(c1_0.email)=upper(?)
2026-06-30T17:26:21.499-03:00 DEBUG 18924 --- [loja-jogos-api] [io-8080-exec-10] o.s.w.s.m.m.a.HttpEntityMethodProcessor  : Using 'application/json', given [application/json, text/plain, */*] and supported [application/json, application/*+json]
2026-06-30T17:26:21.500-03:00 DEBUG 18924 --- [loja-jogos-api] [io-8080-exec-10] o.s.w.s.m.m.a.HttpEntityMethodProcessor  : Writing [ClienteResponseDTO[id=2, nome=kaguya , email=pedropositivoone@gmail.com, telefone=24992987857, cep=2 (truncated)...]
2026-06-30T17:26:21.502-03:00 DEBUG 18924 --- [loja-jogos-api] [io-8080-exec-10] o.s.web.servlet.DispatcherServlet        : Completed 200 OK
2026-06-30T17:26:21.533-03:00 DEBUG 18924 --- [loja-jogos-api] [nio-8080-exec-9] o.s.web.servlet.DispatcherServlet        : GET "/clientes/2", parameters={}
2026-06-30T17:26:21.533-03:00 DEBUG 18924 --- [loja-jogos-api] [nio-8080-exec-6] o.s.web.servlet.DispatcherServlet        : GET "/jogos", parameters={}
2026-06-30T17:26:21.535-03:00 DEBUG 18924 --- [loja-jogos-api] [nio-8080-exec-6] s.w.s.m.m.a.RequestMappingHandlerMapping : Mapped to com.lojajogos.controller.JogoController#listarTodos()
2026-06-30T17:26:21.536-03:00 DEBUG 18924 --- [loja-jogos-api] [nio-8080-exec-9] s.w.s.m.m.a.RequestMappingHandlerMapping : Mapped to com.lojajogos.controller.ClienteController#buscarPorId(Long)
2026-06-30T17:26:21.539-03:00 DEBUG 18924 --- [loja-jogos-api] [nio-8080-exec-6] org.hibernate.SQL                        : select j1_0.id,j1_0.categoria,j1_0.nome,j1_0.plataforma,j1_0.preco from jogos j1_0
Hibernate: select j1_0.id,j1_0.categoria,j1_0.nome,j1_0.plataforma,j1_0.preco from jogos j1_0
2026-06-30T17:26:21.541-03:00 DEBUG 18924 --- [loja-jogos-api] [nio-8080-exec-9] org.hibernate.SQL                        : select c1_0.id,c1_0.bairro,c1_0.cep,c1_0.cidade,c1_0.email,c1_0.nome,c1_0.numero,c1_0.pais,c1_0.rua,c1_0.senha,c1_0.telefone from clientes c1_0 where c1_0.id=?
Hibernate: select c1_0.id,c1_0.bairro,c1_0.cep,c1_0.cidade,c1_0.email,c1_0.nome,c1_0.numero,c1_0.pais,c1_0.rua,c1_0.senha,c1_0.telefone from clientes c1_0 where c1_0.id=?
2026-06-30T17:26:21.542-03:00 DEBUG 18924 --- [loja-jogos-api] [nio-8080-exec-6] o.s.w.s.m.m.a.HttpEntityMethodProcessor  : Using 'application/json', given [application/json, text/plain, */*] and supported [application/json, application/*+json]
2026-06-30T17:26:21.554-03:00 DEBUG 18924 --- [loja-jogos-api] [nio-8080-exec-6] o.s.w.s.m.m.a.HttpEntityMethodProcessor  : Writing [[JogoResponseDTO[id=1, nome=Halo Infinite, categoria=Acao, plataforma=Xbox Series, preco=199.90], Jo (truncated)...]
2026-06-30T17:26:21.558-03:00 DEBUG 18924 --- [loja-jogos-api] [nio-8080-exec-6] o.s.web.servlet.DispatcherServlet        : Completed 200 OK
2026-06-30T17:26:21.565-03:00 DEBUG 18924 --- [loja-jogos-api] [nio-8080-exec-9] o.s.w.s.m.m.a.HttpEntityMethodProcessor  : Using 'application/json', given [application/json, text/plain, */*] and supported [application/json, application/*+json]
2026-06-30T17:26:21.565-03:00 DEBUG 18924 --- [loja-jogos-api] [nio-8080-exec-9] o.s.w.s.m.m.a.HttpEntityMethodProcessor  : Writing [ClienteResponseDTO[id=2, nome=kaguya , email=pedropositivoone@gmail.com, telefone=24992987857, cep=2 (truncated)...]
2026-06-30T17:26:21.567-03:00 DEBUG 18924 --- [loja-jogos-api] [nio-8080-exec-9] o.s.web.servlet.DispatcherServlet        : Completed 200 OK
2026-06-30T17:26:21.570-03:00 DEBUG 18924 --- [loja-jogos-api] [nio-8080-exec-2] o.s.web.servlet.DispatcherServlet        : GET "/jogos", parameters={}
2026-06-30T17:26:21.572-03:00 DEBUG 18924 --- [loja-jogos-api] [nio-8080-exec-2] s.w.s.m.m.a.RequestMappingHandlerMapping : Mapped to com.lojajogos.controller.JogoController#listarTodos()
2026-06-30T17:26:21.577-03:00 DEBUG 18924 --- [loja-jogos-api] [nio-8080-exec-2] org.hibernate.SQL                        : select j1_0.id,j1_0.categoria,j1_0.nome,j1_0.plataforma,j1_0.preco from jogos j1_0
Hibernate: select j1_0.id,j1_0.categoria,j1_0.nome,j1_0.plataforma,j1_0.preco from jogos j1_0
2026-06-30T17:26:21.579-03:00 DEBUG 18924 --- [loja-jogos-api] [nio-8080-exec-2] o.s.w.s.m.m.a.HttpEntityMethodProcessor  : Using 'application/json', given [application/json, text/plain, */*] and supported [application/json, application/*+json]
2026-06-30T17:26:21.580-03:00 DEBUG 18924 --- [loja-jogos-api] [nio-8080-exec-2] o.s.w.s.m.m.a.HttpEntityMethodProcessor  : Writing [[JogoResponseDTO[id=1, nome=Halo Infinite, categoria=Acao, plataforma=Xbox Series, preco=199.90], Jo (truncated)...]
2026-06-30T17:26:21.582-03:00 DEBUG 18924 --- [loja-jogos-api] [nio-8080-exec-2] o.s.web.servlet.DispatcherServlet        : Completed 200 OK
2026-06-30T17:26:23.403-03:00 DEBUG 18924 --- [loja-jogos-api] [nio-8080-exec-7] o.s.web.servlet.DispatcherServlet        : GET "/pedidos", parameters={}
2026-06-30T17:26:23.405-03:00 DEBUG 18924 --- [loja-jogos-api] [nio-8080-exec-7] s.w.s.m.m.a.RequestMappingHandlerMapping : Mapped to com.lojajogos.controller.PedidoController#listarTodos()
2026-06-30T17:26:23.409-03:00 DEBUG 18924 --- [loja-jogos-api] [nio-8080-exec-7] org.hibernate.SQL                        : select p1_0.id,p1_0.cliente_id,p1_0.cupom_desconto,p1_0.data_pedido,p1_0.mensagemia,p1_0.perfil_cliente,p1_0.recomendacoes,p1_0.status_pedido,p1_0.valor_total from pedidos p1_0
Hibernate: select p1_0.id,p1_0.cliente_id,p1_0.cupom_desconto,p1_0.data_pedido,p1_0.mensagemia,p1_0.perfil_cliente,p1_0.recomendacoes,p1_0.status_pedido,p1_0.valor_total from pedidos p1_0
2026-06-30T17:26:23.416-03:00 DEBUG 18924 --- [loja-jogos-api] [nio-8080-exec-7] org.hibernate.SQL                        : select c1_0.id,c1_0.bairro,c1_0.cep,c1_0.cidade,c1_0.email,c1_0.nome,c1_0.numero,c1_0.pais,c1_0.rua,c1_0.senha,c1_0.telefone from clientes c1_0 where c1_0.id=?
Hibernate: select c1_0.id,c1_0.bairro,c1_0.cep,c1_0.cidade,c1_0.email,c1_0.nome,c1_0.numero,c1_0.pais,c1_0.rua,c1_0.senha,c1_0.telefone from clientes c1_0 where c1_0.id=?
2026-06-30T17:26:23.420-03:00 DEBUG 18924 --- [loja-jogos-api] [nio-8080-exec-7] org.hibernate.SQL                        : select c1_0.id,c1_0.bairro,c1_0.cep,c1_0.cidade,c1_0.email,c1_0.nome,c1_0.numero,c1_0.pais,c1_0.rua,c1_0.senha,c1_0.telefone from clientes c1_0 where c1_0.id=?
Hibernate: select c1_0.id,c1_0.bairro,c1_0.cep,c1_0.cidade,c1_0.email,c1_0.nome,c1_0.numero,c1_0.pais,c1_0.rua,c1_0.senha,c1_0.telefone from clientes c1_0 where c1_0.id=?
2026-06-30T17:26:23.425-03:00 DEBUG 18924 --- [loja-jogos-api] [nio-8080-exec-7] org.hibernate.SQL                        : select c1_0.id,c1_0.bairro,c1_0.cep,c1_0.cidade,c1_0.email,c1_0.nome,c1_0.numero,c1_0.pais,c1_0.rua,c1_0.senha,c1_0.telefone from clientes c1_0 where c1_0.id=?
Hibernate: select c1_0.id,c1_0.bairro,c1_0.cep,c1_0.cidade,c1_0.email,c1_0.nome,c1_0.numero,c1_0.pais,c1_0.rua,c1_0.senha,c1_0.telefone from clientes c1_0 where c1_0.id=?
2026-06-30T17:26:23.429-03:00 DEBUG 18924 --- [loja-jogos-api] [nio-8080-exec-7] org.hibernate.SQL                        : select i1_0.pedido_id,i1_0.id,i1_0.jogo_id,j1_0.id,j1_0.categoria,j1_0.nome,j1_0.plataforma,j1_0.preco,i1_0.quantidade from itens_pedido i1_0 left join jogos j1_0 on j1_0.id=i1_0.jogo_id where i1_0.pedido_id=?
Hibernate: select i1_0.pedido_id,i1_0.id,i1_0.jogo_id,j1_0.id,j1_0.categoria,j1_0.nome,j1_0.plataforma,j1_0.preco,i1_0.quantidade from itens_pedido i1_0 left join jogos j1_0 on j1_0.id=i1_0.jogo_id where i1_0.pedido_id=?
2026-06-30T17:26:23.432-03:00 DEBUG 18924 --- [loja-jogos-api] [nio-8080-exec-7] org.hibernate.SQL                        : select i1_0.pedido_id,i1_0.id,i1_0.jogo_id,j1_0.id,j1_0.categoria,j1_0.nome,j1_0.plataforma,j1_0.preco,i1_0.quantidade from itens_pedido i1_0 left join jogos j1_0 on j1_0.id=i1_0.jogo_id where i1_0.pedido_id=?
Hibernate: select i1_0.pedido_id,i1_0.id,i1_0.jogo_id,j1_0.id,j1_0.categoria,j1_0.nome,j1_0.plataforma,j1_0.preco,i1_0.quantidade from itens_pedido i1_0 left join jogos j1_0 on j1_0.id=i1_0.jogo_id where i1_0.pedido_id=?
2026-06-30T17:26:23.433-03:00 DEBUG 18924 --- [loja-jogos-api] [nio-8080-exec-7] org.hibernate.SQL                        : select i1_0.pedido_id,i1_0.id,i1_0.jogo_id,j1_0.id,j1_0.categoria,j1_0.nome,j1_0.plataforma,j1_0.preco,i1_0.quantidade from itens_pedido i1_0 left join jogos j1_0 on j1_0.id=i1_0.jogo_id where i1_0.pedido_id=?
Hibernate: select i1_0.pedido_id,i1_0.id,i1_0.jogo_id,j1_0.id,j1_0.categoria,j1_0.nome,j1_0.plataforma,j1_0.preco,i1_0.quantidade from itens_pedido i1_0 left join jogos j1_0 on j1_0.id=i1_0.jogo_id where i1_0.pedido_id=?
2026-06-30T17:26:23.436-03:00 DEBUG 18924 --- [loja-jogos-api] [nio-8080-exec-7] org.hibernate.SQL                        : select i1_0.pedido_id,i1_0.id,i1_0.jogo_id,j1_0.id,j1_0.categoria,j1_0.nome,j1_0.plataforma,j1_0.preco,i1_0.quantidade from itens_pedido i1_0 left join jogos j1_0 on j1_0.id=i1_0.jogo_id where i1_0.pedido_id=?
Hibernate: select i1_0.pedido_id,i1_0.id,i1_0.jogo_id,j1_0.id,j1_0.categoria,j1_0.nome,j1_0.plataforma,j1_0.preco,i1_0.quantidade from itens_pedido i1_0 left join jogos j1_0 on j1_0.id=i1_0.jogo_id where i1_0.pedido_id=?
2026-06-30T17:26:23.439-03:00 DEBUG 18924 --- [loja-jogos-api] [nio-8080-exec-7] org.hibernate.SQL                        : select i1_0.pedido_id,i1_0.id,i1_0.jogo_id,j1_0.id,j1_0.categoria,j1_0.nome,j1_0.plataforma,j1_0.preco,i1_0.quantidade from itens_pedido i1_0 left join jogos j1_0 on j1_0.id=i1_0.jogo_id where i1_0.pedido_id=?
Hibernate: select i1_0.pedido_id,i1_0.id,i1_0.jogo_id,j1_0.id,j1_0.categoria,j1_0.nome,j1_0.plataforma,j1_0.preco,i1_0.quantidade from itens_pedido i1_0 left join jogos j1_0 on j1_0.id=i1_0.jogo_id where i1_0.pedido_id=?
2026-06-30T17:26:23.441-03:00 DEBUG 18924 --- [loja-jogos-api] [nio-8080-exec-7] o.s.w.s.m.m.a.HttpEntityMethodProcessor  : Using 'application/json', given [application/json, text/plain, */*] and supported [application/json, application/*+json]
2026-06-30T17:26:23.443-03:00 DEBUG 18924 --- [loja-jogos-api] [nio-8080-exec-7] o.s.w.s.m.m.a.HttpEntityMethodProcessor  : Writing [[PedidoResponseDTO[id=1, cliente=ClienteResponseDTO[id=1, nome=Teste CORS, email=teste.cors.17828478 (truncated)...]
2026-06-30T17:26:23.444-03:00 DEBUG 18924 --- [loja-jogos-api] [nio-8080-exec-7] o.s.web.servlet.DispatcherServlet        : Completed 200 OK
2026-06-30T17:26:23.465-03:00 DEBUG 18924 --- [loja-jogos-api] [nio-8080-exec-5] o.s.web.servlet.DispatcherServlet        : GET "/pedidos", parameters={}
2026-06-30T17:26:23.466-03:00 DEBUG 18924 --- [loja-jogos-api] [nio-8080-exec-5] s.w.s.m.m.a.RequestMappingHandlerMapping : Mapped to com.lojajogos.controller.PedidoController#listarTodos()
2026-06-30T17:26:23.469-03:00 DEBUG 18924 --- [loja-jogos-api] [nio-8080-exec-5] org.hibernate.SQL                        : select p1_0.id,p1_0.cliente_id,p1_0.cupom_desconto,p1_0.data_pedido,p1_0.mensagemia,p1_0.perfil_cliente,p1_0.recomendacoes,p1_0.status_pedido,p1_0.valor_total from pedidos p1_0
Hibernate: select p1_0.id,p1_0.cliente_id,p1_0.cupom_desconto,p1_0.data_pedido,p1_0.mensagemia,p1_0.perfil_cliente,p1_0.recomendacoes,p1_0.status_pedido,p1_0.valor_total from pedidos p1_0
2026-06-30T17:26:23.471-03:00 DEBUG 18924 --- [loja-jogos-api] [nio-8080-exec-5] org.hibernate.SQL                        : select c1_0.id,c1_0.bairro,c1_0.cep,c1_0.cidade,c1_0.email,c1_0.nome,c1_0.numero,c1_0.pais,c1_0.rua,c1_0.senha,c1_0.telefone from clientes c1_0 where c1_0.id=?
Hibernate: select c1_0.id,c1_0.bairro,c1_0.cep,c1_0.cidade,c1_0.email,c1_0.nome,c1_0.numero,c1_0.pais,c1_0.rua,c1_0.senha,c1_0.telefone from clientes c1_0 where c1_0.id=?
2026-06-30T17:26:23.474-03:00 DEBUG 18924 --- [loja-jogos-api] [nio-8080-exec-5] org.hibernate.SQL                        : select c1_0.id,c1_0.bairro,c1_0.cep,c1_0.cidade,c1_0.email,c1_0.nome,c1_0.numero,c1_0.pais,c1_0.rua,c1_0.senha,c1_0.telefone from clientes c1_0 where c1_0.id=?
Hibernate: select c1_0.id,c1_0.bairro,c1_0.cep,c1_0.cidade,c1_0.email,c1_0.nome,c1_0.numero,c1_0.pais,c1_0.rua,c1_0.senha,c1_0.telefone from clientes c1_0 where c1_0.id=?
2026-06-30T17:26:23.477-03:00 DEBUG 18924 --- [loja-jogos-api] [nio-8080-exec-5] org.hibernate.SQL                        : select c1_0.id,c1_0.bairro,c1_0.cep,c1_0.cidade,c1_0.email,c1_0.nome,c1_0.numero,c1_0.pais,c1_0.rua,c1_0.senha,c1_0.telefone from clientes c1_0 where c1_0.id=?
Hibernate: select c1_0.id,c1_0.bairro,c1_0.cep,c1_0.cidade,c1_0.email,c1_0.nome,c1_0.numero,c1_0.pais,c1_0.rua,c1_0.senha,c1_0.telefone from clientes c1_0 where c1_0.id=?
2026-06-30T17:26:23.479-03:00 DEBUG 18924 --- [loja-jogos-api] [nio-8080-exec-5] org.hibernate.SQL                        : select i1_0.pedido_id,i1_0.id,i1_0.jogo_id,j1_0.id,j1_0.categoria,j1_0.nome,j1_0.plataforma,j1_0.preco,i1_0.quantidade from itens_pedido i1_0 left join jogos j1_0 on j1_0.id=i1_0.jogo_id where i1_0.pedido_id=?
Hibernate: select i1_0.pedido_id,i1_0.id,i1_0.jogo_id,j1_0.id,j1_0.categoria,j1_0.nome,j1_0.plataforma,j1_0.preco,i1_0.quantidade from itens_pedido i1_0 left join jogos j1_0 on j1_0.id=i1_0.jogo_id where i1_0.pedido_id=?
2026-06-30T17:26:23.481-03:00 DEBUG 18924 --- [loja-jogos-api] [nio-8080-exec-5] org.hibernate.SQL                        : select i1_0.pedido_id,i1_0.id,i1_0.jogo_id,j1_0.id,j1_0.categoria,j1_0.nome,j1_0.plataforma,j1_0.preco,i1_0.quantidade from itens_pedido i1_0 left join jogos j1_0 on j1_0.id=i1_0.jogo_id where i1_0.pedido_id=?
Hibernate: select i1_0.pedido_id,i1_0.id,i1_0.jogo_id,j1_0.id,j1_0.categoria,j1_0.nome,j1_0.plataforma,j1_0.preco,i1_0.quantidade from itens_pedido i1_0 left join jogos j1_0 on j1_0.id=i1_0.jogo_id where i1_0.pedido_id=?
2026-06-30T17:26:23.482-03:00 DEBUG 18924 --- [loja-jogos-api] [nio-8080-exec-5] org.hibernate.SQL                        : select i1_0.pedido_id,i1_0.id,i1_0.jogo_id,j1_0.id,j1_0.categoria,j1_0.nome,j1_0.plataforma,j1_0.preco,i1_0.quantidade from itens_pedido i1_0 left join jogos j1_0 on j1_0.id=i1_0.jogo_id where i1_0.pedido_id=?
Hibernate: select i1_0.pedido_id,i1_0.id,i1_0.jogo_id,j1_0.id,j1_0.categoria,j1_0.nome,j1_0.plataforma,j1_0.preco,i1_0.quantidade from itens_pedido i1_0 left join jogos j1_0 on j1_0.id=i1_0.jogo_id where i1_0.pedido_id=?
2026-06-30T17:26:23.483-03:00 DEBUG 18924 --- [loja-jogos-api] [nio-8080-exec-5] org.hibernate.SQL                        : select i1_0.pedido_id,i1_0.id,i1_0.jogo_id,j1_0.id,j1_0.categoria,j1_0.nome,j1_0.plataforma,j1_0.preco,i1_0.quantidade from itens_pedido i1_0 left join jogos j1_0 on j1_0.id=i1_0.jogo_id where i1_0.pedido_id=?
Hibernate: select i1_0.pedido_id,i1_0.id,i1_0.jogo_id,j1_0.id,j1_0.categoria,j1_0.nome,j1_0.plataforma,j1_0.preco,i1_0.quantidade from itens_pedido i1_0 left join jogos j1_0 on j1_0.id=i1_0.jogo_id where i1_0.pedido_id=?
2026-06-30T17:26:23.487-03:00 DEBUG 18924 --- [loja-jogos-api] [nio-8080-exec-5] org.hibernate.SQL                        : select i1_0.pedido_id,i1_0.id,i1_0.jogo_id,j1_0.id,j1_0.categoria,j1_0.nome,j1_0.plataforma,j1_0.preco,i1_0.quantidade from itens_pedido i1_0 left join jogos j1_0 on j1_0.id=i1_0.jogo_id where i1_0.pedido_id=?
Hibernate: select i1_0.pedido_id,i1_0.id,i1_0.jogo_id,j1_0.id,j1_0.categoria,j1_0.nome,j1_0.plataforma,j1_0.preco,i1_0.quantidade from itens_pedido i1_0 left join jogos j1_0 on j1_0.id=i1_0.jogo_id where i1_0.pedido_id=?
2026-06-30T17:26:23.492-03:00 DEBUG 18924 --- [loja-jogos-api] [nio-8080-exec-5] o.s.w.s.m.m.a.HttpEntityMethodProcessor  : Using 'application/json', given [application/json, text/plain, */*] and supported [application/json, application/*+json]
2026-06-30T17:26:23.493-03:00 DEBUG 18924 --- [loja-jogos-api] [nio-8080-exec-5] o.s.w.s.m.m.a.HttpEntityMethodProcessor  : Writing [[PedidoResponseDTO[id=1, cliente=ClienteResponseDTO[id=1, nome=Teste CORS, email=teste.cors.17828478 (truncated)...]
2026-06-30T17:26:23.495-03:00 DEBUG 18924 --- [loja-jogos-api] [nio-8080-exec-5] o.s.web.servlet.DispatcherServlet        : Completed 200 OK
2026-06-30T17:26:30.635-03:00 DEBUG 18924 --- [loja-jogos-api] [nio-8080-exec-1] o.s.web.servlet.DispatcherServlet        : GET "/pedidos", parameters={}
2026-06-30T17:26:30.636-03:00 DEBUG 18924 --- [loja-jogos-api] [nio-8080-exec-1] s.w.s.m.m.a.RequestMappingHandlerMapping : Mapped to com.lojajogos.controller.PedidoController#listarTodos()
2026-06-30T17:26:30.639-03:00 DEBUG 18924 --- [loja-jogos-api] [nio-8080-exec-1] org.hibernate.SQL                        : select p1_0.id,p1_0.cliente_id,p1_0.cupom_desconto,p1_0.data_pedido,p1_0.mensagemia,p1_0.perfil_cliente,p1_0.recomendacoes,p1_0.status_pedido,p1_0.valor_total from pedidos p1_0
Hibernate: select p1_0.id,p1_0.cliente_id,p1_0.cupom_desconto,p1_0.data_pedido,p1_0.mensagemia,p1_0.perfil_cliente,p1_0.recomendacoes,p1_0.status_pedido,p1_0.valor_total from pedidos p1_0
2026-06-30T17:26:30.641-03:00 DEBUG 18924 --- [loja-jogos-api] [nio-8080-exec-1] org.hibernate.SQL                        : select c1_0.id,c1_0.bairro,c1_0.cep,c1_0.cidade,c1_0.email,c1_0.nome,c1_0.numero,c1_0.pais,c1_0.rua,c1_0.senha,c1_0.telefone from clientes c1_0 where c1_0.id=?
Hibernate: select c1_0.id,c1_0.bairro,c1_0.cep,c1_0.cidade,c1_0.email,c1_0.nome,c1_0.numero,c1_0.pais,c1_0.rua,c1_0.senha,c1_0.telefone from clientes c1_0 where c1_0.id=?
2026-06-30T17:26:30.643-03:00 DEBUG 18924 --- [loja-jogos-api] [nio-8080-exec-1] org.hibernate.SQL                        : select c1_0.id,c1_0.bairro,c1_0.cep,c1_0.cidade,c1_0.email,c1_0.nome,c1_0.numero,c1_0.pais,c1_0.rua,c1_0.senha,c1_0.telefone from clientes c1_0 where c1_0.id=?
Hibernate: select c1_0.id,c1_0.bairro,c1_0.cep,c1_0.cidade,c1_0.email,c1_0.nome,c1_0.numero,c1_0.pais,c1_0.rua,c1_0.senha,c1_0.telefone from clientes c1_0 where c1_0.id=?
2026-06-30T17:26:30.645-03:00 DEBUG 18924 --- [loja-jogos-api] [nio-8080-exec-1] org.hibernate.SQL                        : select c1_0.id,c1_0.bairro,c1_0.cep,c1_0.cidade,c1_0.email,c1_0.nome,c1_0.numero,c1_0.pais,c1_0.rua,c1_0.senha,c1_0.telefone from clientes c1_0 where c1_0.id=?
Hibernate: select c1_0.id,c1_0.bairro,c1_0.cep,c1_0.cidade,c1_0.email,c1_0.nome,c1_0.numero,c1_0.pais,c1_0.rua,c1_0.senha,c1_0.telefone from clientes c1_0 where c1_0.id=?
2026-06-30T17:26:30.647-03:00 DEBUG 18924 --- [loja-jogos-api] [nio-8080-exec-1] org.hibernate.SQL                        : select i1_0.pedido_id,i1_0.id,i1_0.jogo_id,j1_0.id,j1_0.categoria,j1_0.nome,j1_0.plataforma,j1_0.preco,i1_0.quantidade from itens_pedido i1_0 left join jogos j1_0 on j1_0.id=i1_0.jogo_id where i1_0.pedido_id=?
Hibernate: select i1_0.pedido_id,i1_0.id,i1_0.jogo_id,j1_0.id,j1_0.categoria,j1_0.nome,j1_0.plataforma,j1_0.preco,i1_0.quantidade from itens_pedido i1_0 left join jogos j1_0 on j1_0.id=i1_0.jogo_id where i1_0.pedido_id=?
2026-06-30T17:26:30.657-03:00 DEBUG 18924 --- [loja-jogos-api] [nio-8080-exec-1] org.hibernate.SQL                        : select i1_0.pedido_id,i1_0.id,i1_0.jogo_id,j1_0.id,j1_0.categoria,j1_0.nome,j1_0.plataforma,j1_0.preco,i1_0.quantidade from itens_pedido i1_0 left join jogos j1_0 on j1_0.id=i1_0.jogo_id where i1_0.pedido_id=?
Hibernate: select i1_0.pedido_id,i1_0.id,i1_0.jogo_id,j1_0.id,j1_0.categoria,j1_0.nome,j1_0.plataforma,j1_0.preco,i1_0.quantidade from itens_pedido i1_0 left join jogos j1_0 on j1_0.id=i1_0.jogo_id where i1_0.pedido_id=?
2026-06-30T17:26:30.659-03:00 DEBUG 18924 --- [loja-jogos-api] [nio-8080-exec-1] org.hibernate.SQL                        : select i1_0.pedido_id,i1_0.id,i1_0.jogo_id,j1_0.id,j1_0.categoria,j1_0.nome,j1_0.plataforma,j1_0.preco,i1_0.quantidade from itens_pedido i1_0 left join jogos j1_0 on j1_0.id=i1_0.jogo_id where i1_0.pedido_id=?
Hibernate: select i1_0.pedido_id,i1_0.id,i1_0.jogo_id,j1_0.id,j1_0.categoria,j1_0.nome,j1_0.plataforma,j1_0.preco,i1_0.quantidade from itens_pedido i1_0 left join jogos j1_0 on j1_0.id=i1_0.jogo_id where i1_0.pedido_id=?
2026-06-30T17:26:30.662-03:00 DEBUG 18924 --- [loja-jogos-api] [nio-8080-exec-1] org.hibernate.SQL                        : select i1_0.pedido_id,i1_0.id,i1_0.jogo_id,j1_0.id,j1_0.categoria,j1_0.nome,j1_0.plataforma,j1_0.preco,i1_0.quantidade from itens_pedido i1_0 left join jogos j1_0 on j1_0.id=i1_0.jogo_id where i1_0.pedido_id=?
Hibernate: select i1_0.pedido_id,i1_0.id,i1_0.jogo_id,j1_0.id,j1_0.categoria,j1_0.nome,j1_0.plataforma,j1_0.preco,i1_0.quantidade from itens_pedido i1_0 left join jogos j1_0 on j1_0.id=i1_0.jogo_id where i1_0.pedido_id=?
2026-06-30T17:26:30.663-03:00 DEBUG 18924 --- [loja-jogos-api] [nio-8080-exec-1] org.hibernate.SQL                        : select i1_0.pedido_id,i1_0.id,i1_0.jogo_id,j1_0.id,j1_0.categoria,j1_0.nome,j1_0.plataforma,j1_0.preco,i1_0.quantidade from itens_pedido i1_0 left join jogos j1_0 on j1_0.id=i1_0.jogo_id where i1_0.pedido_id=?
Hibernate: select i1_0.pedido_id,i1_0.id,i1_0.jogo_id,j1_0.id,j1_0.categoria,j1_0.nome,j1_0.plataforma,j1_0.preco,i1_0.quantidade from itens_pedido i1_0 left join jogos j1_0 on j1_0.id=i1_0.jogo_id where i1_0.pedido_id=?
2026-06-30T17:26:30.665-03:00 DEBUG 18924 --- [loja-jogos-api] [nio-8080-exec-1] o.s.w.s.m.m.a.HttpEntityMethodProcessor  : Using 'application/json', given [application/json, text/plain, */*] and supported [application/json, application/*+json]
2026-06-30T17:26:30.667-03:00 DEBUG 18924 --- [loja-jogos-api] [nio-8080-exec-1] o.s.w.s.m.m.a.HttpEntityMethodProcessor  : Writing [[PedidoResponseDTO[id=1, cliente=ClienteResponseDTO[id=1, nome=Teste CORS, email=teste.cors.17828478 (truncated)...]
2026-06-30T17:26:30.670-03:00 DEBUG 18924 --- [loja-jogos-api] [nio-8080-exec-1] o.s.web.servlet.DispatcherServlet        : Completed 200 OK
2026-06-30T17:26:30.679-03:00 DEBUG 18924 --- [loja-jogos-api] [nio-8080-exec-4] o.s.web.servlet.DispatcherServlet        : GET "/pedidos", parameters={}
2026-06-30T17:26:30.681-03:00 DEBUG 18924 --- [loja-jogos-api] [nio-8080-exec-4] s.w.s.m.m.a.RequestMappingHandlerMapping : Mapped to com.lojajogos.controller.PedidoController#listarTodos()
2026-06-30T17:26:30.684-03:00 DEBUG 18924 --- [loja-jogos-api] [nio-8080-exec-4] org.hibernate.SQL                        : select p1_0.id,p1_0.cliente_id,p1_0.cupom_desconto,p1_0.data_pedido,p1_0.mensagemia,p1_0.perfil_cliente,p1_0.recomendacoes,p1_0.status_pedido,p1_0.valor_total from pedidos p1_0
Hibernate: select p1_0.id,p1_0.cliente_id,p1_0.cupom_desconto,p1_0.data_pedido,p1_0.mensagemia,p1_0.perfil_cliente,p1_0.recomendacoes,p1_0.status_pedido,p1_0.valor_total from pedidos p1_0
2026-06-30T17:26:30.686-03:00 DEBUG 18924 --- [loja-jogos-api] [nio-8080-exec-4] org.hibernate.SQL                        : select c1_0.id,c1_0.bairro,c1_0.cep,c1_0.cidade,c1_0.email,c1_0.nome,c1_0.numero,c1_0.pais,c1_0.rua,c1_0.senha,c1_0.telefone from clientes c1_0 where c1_0.id=?
Hibernate: select c1_0.id,c1_0.bairro,c1_0.cep,c1_0.cidade,c1_0.email,c1_0.nome,c1_0.numero,c1_0.pais,c1_0.rua,c1_0.senha,c1_0.telefone from clientes c1_0 where c1_0.id=?
2026-06-30T17:26:30.690-03:00 DEBUG 18924 --- [loja-jogos-api] [nio-8080-exec-4] org.hibernate.SQL                        : select c1_0.id,c1_0.bairro,c1_0.cep,c1_0.cidade,c1_0.email,c1_0.nome,c1_0.numero,c1_0.pais,c1_0.rua,c1_0.senha,c1_0.telefone from clientes c1_0 where c1_0.id=?
Hibernate: select c1_0.id,c1_0.bairro,c1_0.cep,c1_0.cidade,c1_0.email,c1_0.nome,c1_0.numero,c1_0.pais,c1_0.rua,c1_0.senha,c1_0.telefone from clientes c1_0 where c1_0.id=?
2026-06-30T17:26:30.695-03:00 DEBUG 18924 --- [loja-jogos-api] [nio-8080-exec-4] org.hibernate.SQL                        : select c1_0.id,c1_0.bairro,c1_0.cep,c1_0.cidade,c1_0.email,c1_0.nome,c1_0.numero,c1_0.pais,c1_0.rua,c1_0.senha,c1_0.telefone from clientes c1_0 where c1_0.id=?
Hibernate: select c1_0.id,c1_0.bairro,c1_0.cep,c1_0.cidade,c1_0.email,c1_0.nome,c1_0.numero,c1_0.pais,c1_0.rua,c1_0.senha,c1_0.telefone from clientes c1_0 where c1_0.id=?
2026-06-30T17:26:30.699-03:00 DEBUG 18924 --- [loja-jogos-api] [nio-8080-exec-4] org.hibernate.SQL                        : select i1_0.pedido_id,i1_0.id,i1_0.jogo_id,j1_0.id,j1_0.categoria,j1_0.nome,j1_0.plataforma,j1_0.preco,i1_0.quantidade from itens_pedido i1_0 left join jogos j1_0 on j1_0.id=i1_0.jogo_id where i1_0.pedido_id=?
Hibernate: select i1_0.pedido_id,i1_0.id,i1_0.jogo_id,j1_0.id,j1_0.categoria,j1_0.nome,j1_0.plataforma,j1_0.preco,i1_0.quantidade from itens_pedido i1_0 left join jogos j1_0 on j1_0.id=i1_0.jogo_id where i1_0.pedido_id=?
2026-06-30T17:26:30.702-03:00 DEBUG 18924 --- [loja-jogos-api] [nio-8080-exec-4] org.hibernate.SQL                        : select i1_0.pedido_id,i1_0.id,i1_0.jogo_id,j1_0.id,j1_0.categoria,j1_0.nome,j1_0.plataforma,j1_0.preco,i1_0.quantidade from itens_pedido i1_0 left join jogos j1_0 on j1_0.id=i1_0.jogo_id where i1_0.pedido_id=?
Hibernate: select i1_0.pedido_id,i1_0.id,i1_0.jogo_id,j1_0.id,j1_0.categoria,j1_0.nome,j1_0.plataforma,j1_0.preco,i1_0.quantidade from itens_pedido i1_0 left join jogos j1_0 on j1_0.id=i1_0.jogo_id where i1_0.pedido_id=?
2026-06-30T17:26:30.704-03:00 DEBUG 18924 --- [loja-jogos-api] [nio-8080-exec-4] org.hibernate.SQL                        : select i1_0.pedido_id,i1_0.id,i1_0.jogo_id,j1_0.id,j1_0.categoria,j1_0.nome,j1_0.plataforma,j1_0.preco,i1_0.quantidade from itens_pedido i1_0 left join jogos j1_0 on j1_0.id=i1_0.jogo_id where i1_0.pedido_id=?
Hibernate: select i1_0.pedido_id,i1_0.id,i1_0.jogo_id,j1_0.id,j1_0.categoria,j1_0.nome,j1_0.plataforma,j1_0.preco,i1_0.quantidade from itens_pedido i1_0 left join jogos j1_0 on j1_0.id=i1_0.jogo_id where i1_0.pedido_id=?
2026-06-30T17:26:30.708-03:00 DEBUG 18924 --- [loja-jogos-api] [nio-8080-exec-4] org.hibernate.SQL                        : select i1_0.pedido_id,i1_0.id,i1_0.jogo_id,j1_0.id,j1_0.categoria,j1_0.nome,j1_0.plataforma,j1_0.preco,i1_0.quantidade from itens_pedido i1_0 left join jogos j1_0 on j1_0.id=i1_0.jogo_id where i1_0.pedido_id=?
Hibernate: select i1_0.pedido_id,i1_0.id,i1_0.jogo_id,j1_0.id,j1_0.categoria,j1_0.nome,j1_0.plataforma,j1_0.preco,i1_0.quantidade from itens_pedido i1_0 left join jogos j1_0 on j1_0.id=i1_0.jogo_id where i1_0.pedido_id=?
2026-06-30T17:26:30.710-03:00 DEBUG 18924 --- [loja-jogos-api] [nio-8080-exec-4] org.hibernate.SQL                        : select i1_0.pedido_id,i1_0.id,i1_0.jogo_id,j1_0.id,j1_0.categoria,j1_0.nome,j1_0.plataforma,j1_0.preco,i1_0.quantidade from itens_pedido i1_0 left join jogos j1_0 on j1_0.id=i1_0.jogo_id where i1_0.pedido_id=?
Hibernate: select i1_0.pedido_id,i1_0.id,i1_0.jogo_id,j1_0.id,j1_0.categoria,j1_0.nome,j1_0.plataforma,j1_0.preco,i1_0.quantidade from itens_pedido i1_0 left join jogos j1_0 on j1_0.id=i1_0.jogo_id where i1_0.pedido_id=?
2026-06-30T17:26:30.712-03:00 DEBUG 18924 --- [loja-jogos-api] [nio-8080-exec-4] o.s.w.s.m.m.a.HttpEntityMethodProcessor  : Using 'application/json', given [application/json, text/plain, */*] and supported [application/json, application/*+json]
2026-06-30T17:26:30.713-03:00 DEBUG 18924 --- [loja-jogos-api] [nio-8080-exec-4] o.s.w.s.m.m.a.HttpEntityMethodProcessor  : Writing [[PedidoResponseDTO[id=1, cliente=ClienteResponseDTO[id=1, nome=Teste CORS, email=teste.cors.17828478 (truncated)...]
2026-06-30T17:26:30.715-03:00 DEBUG 18924 --- [loja-jogos-api] [nio-8080-exec-4] o.s.web.servlet.DispatcherServlet        : Completed 200 OK
2026-06-30T17:26:34.577-03:00 DEBUG 18924 --- [loja-jogos-api] [nio-8080-exec-3] o.s.web.servlet.DispatcherServlet        : GET "/jogos", parameters={}
2026-06-30T17:26:34.578-03:00 DEBUG 18924 --- [loja-jogos-api] [nio-8080-exec-3] s.w.s.m.m.a.RequestMappingHandlerMapping : Mapped to com.lojajogos.controller.JogoController#listarTodos()
2026-06-30T17:26:34.580-03:00 DEBUG 18924 --- [loja-jogos-api] [nio-8080-exec-3] org.hibernate.SQL                        : select j1_0.id,j1_0.categoria,j1_0.nome,j1_0.plataforma,j1_0.preco from jogos j1_0
Hibernate: select j1_0.id,j1_0.categoria,j1_0.nome,j1_0.plataforma,j1_0.preco from jogos j1_0
2026-06-30T17:26:34.590-03:00 DEBUG 18924 --- [loja-jogos-api] [nio-8080-exec-3] o.s.w.s.m.m.a.HttpEntityMethodProcessor  : Using 'application/json', given [application/json, text/plain, */*] and supported [application/json, application/*+json]
2026-06-30T17:26:34.593-03:00 DEBUG 18924 --- [loja-jogos-api] [nio-8080-exec-3] o.s.w.s.m.m.a.HttpEntityMethodProcessor  : Writing [[JogoResponseDTO[id=1, nome=Halo Infinite, categoria=Acao, plataforma=Xbox Series, preco=199.90], Jo (truncated)...]
2026-06-30T17:26:34.594-03:00 DEBUG 18924 --- [loja-jogos-api] [nio-8080-exec-3] o.s.web.servlet.DispatcherServlet        : Completed 200 OK
2026-06-30T17:26:34.599-03:00 DEBUG 18924 --- [loja-jogos-api] [nio-8080-exec-8] o.s.web.servlet.DispatcherServlet        : GET "/jogos", parameters={}
2026-06-30T17:26:34.600-03:00 DEBUG 18924 --- [loja-jogos-api] [nio-8080-exec-8] s.w.s.m.m.a.RequestMappingHandlerMapping : Mapped to com.lojajogos.controller.JogoController#listarTodos()
2026-06-30T17:26:34.605-03:00 DEBUG 18924 --- [loja-jogos-api] [nio-8080-exec-8] org.hibernate.SQL                        : select j1_0.id,j1_0.categoria,j1_0.nome,j1_0.plataforma,j1_0.preco from jogos j1_0
Hibernate: select j1_0.id,j1_0.categoria,j1_0.nome,j1_0.plataforma,j1_0.preco from jogos j1_0
2026-06-30T17:26:34.607-03:00 DEBUG 18924 --- [loja-jogos-api] [nio-8080-exec-8] o.s.w.s.m.m.a.HttpEntityMethodProcessor  : Using 'application/json', given [application/json, text/plain, */*] and supported [application/json, application/*+json]
2026-06-30T17:26:34.608-03:00 DEBUG 18924 --- [loja-jogos-api] [nio-8080-exec-8] o.s.w.s.m.m.a.HttpEntityMethodProcessor  : Writing [[JogoResponseDTO[id=1, nome=Halo Infinite, categoria=Acao, plataforma=Xbox Series, preco=199.90], Jo (truncated)...]
2026-06-30T17:26:34.609-03:00 DEBUG 18924 --- [loja-jogos-api] [nio-8080-exec-8] o.s.web.servlet.DispatcherServlet        : Completed 200 OK
2026-06-30T17:27:01.971-03:00 DEBUG 18924 --- [loja-jogos-api] [io-8080-exec-10] o.s.web.servlet.DispatcherServlet        : POST "/pedidos", parameters={}
2026-06-30T17:27:01.974-03:00 DEBUG 18924 --- [loja-jogos-api] [io-8080-exec-10] s.w.s.m.m.a.RequestMappingHandlerMapping : Mapped to com.lojajogos.controller.PedidoController#salvar(PedidoRequestDTO)
2026-06-30T17:27:01.988-03:00 DEBUG 18924 --- [loja-jogos-api] [io-8080-exec-10] m.m.a.RequestResponseBodyMethodProcessor : Read "application/json;charset=UTF-8" to [PedidoRequestDTO[clienteId=2, itens=[ItemPedidoRequestDTO[jogoId=6, quantidade=1]], statusPedido=PEN (truncated)...]
2026-06-30T17:27:02.053-03:00 DEBUG 18924 --- [loja-jogos-api] [io-8080-exec-10] org.hibernate.SQL                        : select c1_0.id,c1_0.bairro,c1_0.cep,c1_0.cidade,c1_0.email,c1_0.nome,c1_0.numero,c1_0.pais,c1_0.rua,c1_0.senha,c1_0.telefone from clientes c1_0 where c1_0.id=?
Hibernate: select c1_0.id,c1_0.bairro,c1_0.cep,c1_0.cidade,c1_0.email,c1_0.nome,c1_0.numero,c1_0.pais,c1_0.rua,c1_0.senha,c1_0.telefone from clientes c1_0 where c1_0.id=?
2026-06-30T17:27:02.060-03:00 DEBUG 18924 --- [loja-jogos-api] [io-8080-exec-10] org.hibernate.SQL                        : select j1_0.id,j1_0.categoria,j1_0.nome,j1_0.plataforma,j1_0.preco from jogos j1_0 where j1_0.id=?
Hibernate: select j1_0.id,j1_0.categoria,j1_0.nome,j1_0.plataforma,j1_0.preco from jogos j1_0 where j1_0.id=?
2026-06-30T17:27:02.096-03:00 DEBUG 18924 --- [loja-jogos-api] [io-8080-exec-10] org.hibernate.SQL                        : insert into pedidos (cliente_id,cupom_desconto,data_pedido,mensagemia,perfil_cliente,recomendacoes,status_pedido,valor_total,id) values (?,?,?,?,?,?,?,?,default)
Hibernate: insert into pedidos (cliente_id,cupom_desconto,data_pedido,mensagemia,perfil_cliente,recomendacoes,status_pedido,valor_total,id) values (?,?,?,?,?,?,?,?,default)
2026-06-30T17:27:02.130-03:00 DEBUG 18924 --- [loja-jogos-api] [io-8080-exec-10] org.hibernate.SQL                        : insert into itens_pedido (jogo_id,pedido_id,quantidade,id) values (?,?,?,default)
Hibernate: insert into itens_pedido (jogo_id,pedido_id,quantidade,id) values (?,?,?,default)
2026-06-30T17:27:02.154-03:00 DEBUG 18924 --- [loja-jogos-api] [io-8080-exec-10] o.s.web.client.RestTemplate              : HTTP POST http://localhost:5678/webhook-test/pedidos
2026-06-30T17:27:02.172-03:00 DEBUG 18924 --- [loja-jogos-api] [io-8080-exec-10] o.s.web.client.RestTemplate              : Accept=[application/json, application/*+json]
2026-06-30T17:27:02.174-03:00 DEBUG 18924 --- [loja-jogos-api] [io-8080-exec-10] o.s.web.client.RestTemplate              : Writing [{cliente=kaguya , cidade=Petrópolis, produtos=[Microsoft Flight Simulator], valorTotal=239.90, id=6}] with org.springframework.http.converter.json.MappingJackson2HttpMessageConverter
2026-06-30T17:27:02.203-03:00 ERROR 18924 --- [loja-jogos-api] [io-8080-exec-10] com.lojajogos.service.PedidoService      : Erro ao enviar pedido 6 para automação n8n: I/O error on POST request for "http://localhost:5678/webhook-test/pedidos": Connection refused: no further information

org.springframework.web.client.ResourceAccessException: I/O error on POST request for "http://localhost:5678/webhook-test/pedidos": Connection refused: no further information
	at org.springframework.web.client.RestTemplate.createResourceAccessException(RestTemplate.java:915) ~[spring-web-6.1.14.jar:6.1.14]
	at org.springframework.web.client.RestTemplate.doExecute(RestTemplate.java:895) ~[spring-web-6.1.14.jar:6.1.14]
	at org.springframework.web.client.RestTemplate.execute(RestTemplate.java:790) ~[spring-web-6.1.14.jar:6.1.14]
	at org.springframework.web.client.RestTemplate.postForEntity(RestTemplate.java:538) ~[spring-web-6.1.14.jar:6.1.14]
	at com.lojajogos.service.PedidoService.enviarPedidoParaAutomacao(PedidoService.java:199) ~[classes/:na]
	at com.lojajogos.service.PedidoService.salvar(PedidoService.java:54) ~[classes/:na]
	at java.base/jdk.internal.reflect.NativeMethodAccessorImpl.invoke0(Native Method) ~[na:na]
	at java.base/jdk.internal.reflect.NativeMethodAccessorImpl.invoke(NativeMethodAccessorImpl.java:77) ~[na:na]
	at java.base/jdk.internal.reflect.DelegatingMethodAccessorImpl.invoke(DelegatingMethodAccessorImpl.java:43) ~[na:na]
	at java.base/java.lang.reflect.Method.invoke(Method.java:568) ~[na:na]
	at org.springframework.aop.support.AopUtils.invokeJoinpointUsingReflection(AopUtils.java:355) ~[spring-aop-6.1.14.jar:6.1.14]
	at org.springframework.aop.framework.ReflectiveMethodInvocation.invokeJoinpoint(ReflectiveMethodInvocation.java:196) ~[spring-aop-6.1.14.jar:6.1.14]
	at org.springframework.aop.framework.ReflectiveMethodInvocation.proceed(ReflectiveMethodInvocation.java:163) ~[spring-aop-6.1.14.jar:6.1.14]
	at org.springframework.aop.framework.CglibAopProxy$CglibMethodInvocation.proceed(CglibAopProxy.java:768) ~[spring-aop-6.1.14.jar:6.1.14]
	at org.springframework.transaction.interceptor.TransactionAspectSupport.invokeWithinTransaction(TransactionAspectSupport.java:379) ~[spring-tx-6.1.14.jar:6.1.14]
	at org.springframework.transaction.interceptor.TransactionInterceptor.invoke(TransactionInterceptor.java:119) ~[spring-tx-6.1.14.jar:6.1.14]
	at org.springframework.aop.framework.ReflectiveMethodInvocation.proceed(ReflectiveMethodInvocation.java:184) ~[spring-aop-6.1.14.jar:6.1.14]
	at org.springframework.aop.framework.CglibAopProxy$CglibMethodInvocation.proceed(CglibAopProxy.java:768) ~[spring-aop-6.1.14.jar:6.1.14]
	at org.springframework.aop.framework.CglibAopProxy$DynamicAdvisedInterceptor.intercept(CglibAopProxy.java:720) ~[spring-aop-6.1.14.jar:6.1.14]
	at com.lojajogos.service.PedidoService$$SpringCGLIB$$0.salvar(<generated>) ~[classes/:na]
	at com.lojajogos.controller.PedidoController.salvar(PedidoController.java:32) ~[classes/:na]
	at java.base/jdk.internal.reflect.NativeMethodAccessorImpl.invoke0(Native Method) ~[na:na]
	at java.base/jdk.internal.reflect.NativeMethodAccessorImpl.invoke(NativeMethodAccessorImpl.java:77) ~[na:na]
	at java.base/jdk.internal.reflect.DelegatingMethodAccessorImpl.invoke(DelegatingMethodAccessorImpl.java:43) ~[na:na]
	at java.base/java.lang.reflect.Method.invoke(Method.java:568) ~[na:na]
	at org.springframework.web.method.support.InvocableHandlerMethod.doInvoke(InvocableHandlerMethod.java:255) ~[spring-web-6.1.14.jar:6.1.14]
	at org.springframework.web.method.support.InvocableHandlerMethod.invokeForRequest(InvocableHandlerMethod.java:188) ~[spring-web-6.1.14.jar:6.1.14]
	at org.springframework.web.servlet.mvc.method.annotation.ServletInvocableHandlerMethod.invokeAndHandle(ServletInvocableHandlerMethod.java:118) ~[spring-webmvc-6.1.14.jar:6.1.14]
	at org.springframework.web.servlet.mvc.method.annotation.RequestMappingHandlerAdapter.invokeHandlerMethod(RequestMappingHandlerAdapter.java:926) ~[spring-webmvc-6.1.14.jar:6.1.14]
	at org.springframework.web.servlet.mvc.method.annotation.RequestMappingHandlerAdapter.handleInternal(RequestMappingHandlerAdapter.java:831) ~[spring-webmvc-6.1.14.jar:6.1.14]
	at org.springframework.web.servlet.mvc.method.AbstractHandlerMethodAdapter.handle(AbstractHandlerMethodAdapter.java:87) ~[spring-webmvc-6.1.14.jar:6.1.14]
	at org.springframework.web.servlet.DispatcherServlet.doDispatch(DispatcherServlet.java:1089) ~[spring-webmvc-6.1.14.jar:6.1.14]
	at org.springframework.web.servlet.DispatcherServlet.doService(DispatcherServlet.java:979) ~[spring-webmvc-6.1.14.jar:6.1.14]
	at org.springframework.web.servlet.FrameworkServlet.processRequest(FrameworkServlet.java:1014) ~[spring-webmvc-6.1.14.jar:6.1.14]
	at org.springframework.web.servlet.FrameworkServlet.doPost(FrameworkServlet.java:914) ~[spring-webmvc-6.1.14.jar:6.1.14]
	at jakarta.servlet.http.HttpServlet.service(HttpServlet.java:590) ~[tomcat-embed-core-10.1.31.jar:6.0]
	at org.springframework.web.servlet.FrameworkServlet.service(FrameworkServlet.java:885) ~[spring-webmvc-6.1.14.jar:6.1.14]
	at jakarta.servlet.http.HttpServlet.service(HttpServlet.java:658) ~[tomcat-embed-core-10.1.31.jar:6.0]
	at org.apache.catalina.core.ApplicationFilterChain.internalDoFilter(ApplicationFilterChain.java:195) ~[tomcat-embed-core-10.1.31.jar:10.1.31]
	at org.apache.catalina.core.ApplicationFilterChain.doFilter(ApplicationFilterChain.java:140) ~[tomcat-embed-core-10.1.31.jar:10.1.31]
	at org.apache.tomcat.websocket.server.WsFilter.doFilter(WsFilter.java:51) ~[tomcat-embed-websocket-10.1.31.jar:10.1.31]
	at org.apache.catalina.core.ApplicationFilterChain.internalDoFilter(ApplicationFilterChain.java:164) ~[tomcat-embed-core-10.1.31.jar:10.1.31]
	at org.apache.catalina.core.ApplicationFilterChain.doFilter(ApplicationFilterChain.java:140) ~[tomcat-embed-core-10.1.31.jar:10.1.31]
	at org.springframework.web.filter.RequestContextFilter.doFilterInternal(RequestContextFilter.java:100) ~[spring-web-6.1.14.jar:6.1.14]
	at org.springframework.web.filter.OncePerRequestFilter.doFilter(OncePerRequestFilter.java:116) ~[spring-web-6.1.14.jar:6.1.14]
	at org.apache.catalina.core.ApplicationFilterChain.internalDoFilter(ApplicationFilterChain.java:164) ~[tomcat-embed-core-10.1.31.jar:10.1.31]
	at org.apache.catalina.core.ApplicationFilterChain.doFilter(ApplicationFilterChain.java:140) ~[tomcat-embed-core-10.1.31.jar:10.1.31]
	at org.springframework.web.filter.FormContentFilter.doFilterInternal(FormContentFilter.java:93) ~[spring-web-6.1.14.jar:6.1.14]
	at org.springframework.web.filter.OncePerRequestFilter.doFilter(OncePerRequestFilter.java:116) ~[spring-web-6.1.14.jar:6.1.14]
	at org.apache.catalina.core.ApplicationFilterChain.internalDoFilter(ApplicationFilterChain.java:164) ~[tomcat-embed-core-10.1.31.jar:10.1.31]
	at org.apache.catalina.core.ApplicationFilterChain.doFilter(ApplicationFilterChain.java:140) ~[tomcat-embed-core-10.1.31.jar:10.1.31]
	at org.springframework.web.filter.CharacterEncodingFilter.doFilterInternal(CharacterEncodingFilter.java:201) ~[spring-web-6.1.14.jar:6.1.14]
	at org.springframework.web.filter.OncePerRequestFilter.doFilter(OncePerRequestFilter.java:116) ~[spring-web-6.1.14.jar:6.1.14]
	at org.apache.catalina.core.ApplicationFilterChain.internalDoFilter(ApplicationFilterChain.java:164) ~[tomcat-embed-core-10.1.31.jar:10.1.31]
	at org.apache.catalina.core.ApplicationFilterChain.doFilter(ApplicationFilterChain.java:140) ~[tomcat-embed-core-10.1.31.jar:10.1.31]
	at org.apache.catalina.core.StandardWrapperValve.invoke(StandardWrapperValve.java:167) ~[tomcat-embed-core-10.1.31.jar:10.1.31]
	at org.apache.catalina.core.StandardContextValve.invoke(StandardContextValve.java:90) ~[tomcat-embed-core-10.1.31.jar:10.1.31]
	at org.apache.catalina.authenticator.AuthenticatorBase.invoke(AuthenticatorBase.java:483) ~[tomcat-embed-core-10.1.31.jar:10.1.31]
	at org.apache.catalina.core.StandardHostValve.invoke(StandardHostValve.java:115) ~[tomcat-embed-core-10.1.31.jar:10.1.31]
	at org.apache.catalina.valves.ErrorReportValve.invoke(ErrorReportValve.java:93) ~[tomcat-embed-core-10.1.31.jar:10.1.31]
	at org.apache.catalina.core.StandardEngineValve.invoke(StandardEngineValve.java:74) ~[tomcat-embed-core-10.1.31.jar:10.1.31]
	at org.apache.catalina.connector.CoyoteAdapter.service(CoyoteAdapter.java:344) ~[tomcat-embed-core-10.1.31.jar:10.1.31]
	at org.apache.coyote.http11.Http11Processor.service(Http11Processor.java:384) ~[tomcat-embed-core-10.1.31.jar:10.1.31]
	at org.apache.coyote.AbstractProcessorLight.process(AbstractProcessorLight.java:63) ~[tomcat-embed-core-10.1.31.jar:10.1.31]
	at org.apache.coyote.AbstractProtocol$ConnectionHandler.process(AbstractProtocol.java:905) ~[tomcat-embed-core-10.1.31.jar:10.1.31]
	at org.apache.tomcat.util.net.NioEndpoint$SocketProcessor.doRun(NioEndpoint.java:1741) ~[tomcat-embed-core-10.1.31.jar:10.1.31]
	at org.apache.tomcat.util.net.SocketProcessorBase.run(SocketProcessorBase.java:52) ~[tomcat-embed-core-10.1.31.jar:10.1.31]
	at org.apache.tomcat.util.threads.ThreadPoolExecutor.runWorker(ThreadPoolExecutor.java:1190) ~[tomcat-embed-core-10.1.31.jar:10.1.31]
	at org.apache.tomcat.util.threads.ThreadPoolExecutor$Worker.run(ThreadPoolExecutor.java:659) ~[tomcat-embed-core-10.1.31.jar:10.1.31]
	at org.apache.tomcat.util.threads.TaskThread$WrappingRunnable.run(TaskThread.java:63) ~[tomcat-embed-core-10.1.31.jar:10.1.31]
	at java.base/java.lang.Thread.run(Thread.java:842) ~[na:na]
Caused by: java.net.ConnectException: Connection refused: no further information
	at java.base/sun.nio.ch.Net.pollConnect(Native Method) ~[na:na]
	at java.base/sun.nio.ch.Net.pollConnectNow(Net.java:672) ~[na:na]
	at java.base/sun.nio.ch.NioSocketImpl.timedFinishConnect(NioSocketImpl.java:547) ~[na:na]
	at java.base/sun.nio.ch.NioSocketImpl.connect(NioSocketImpl.java:602) ~[na:na]
	at java.base/java.net.Socket.connect(Socket.java:633) ~[na:na]
	at java.base/sun.net.NetworkClient.doConnect(NetworkClient.java:178) ~[na:na]
	at java.base/sun.net.www.http.HttpClient.openServer(HttpClient.java:534) ~[na:na]
	at java.base/sun.net.www.http.HttpClient.openServer(HttpClient.java:639) ~[na:na]
	at java.base/sun.net.www.http.HttpClient.<init>(HttpClient.java:282) ~[na:na]
	at java.base/sun.net.www.http.HttpClient.New(HttpClient.java:387) ~[na:na]
	at java.base/sun.net.www.http.HttpClient.New(HttpClient.java:409) ~[na:na]
	at java.base/sun.net.www.protocol.http.HttpURLConnection.getNewHttpClient(HttpURLConnection.java:1308) ~[na:na]
	at java.base/sun.net.www.protocol.http.HttpURLConnection.plainConnect0(HttpURLConnection.java:1241) ~[na:na]
	at java.base/sun.net.www.protocol.http.HttpURLConnection.plainConnect(HttpURLConnection.java:1127) ~[na:na]
	at java.base/sun.net.www.protocol.http.HttpURLConnection.connect(HttpURLConnection.java:1056) ~[na:na]
	at org.springframework.http.client.SimpleClientHttpRequest.executeInternal(SimpleClientHttpRequest.java:79) ~[spring-web-6.1.14.jar:6.1.14]
	at org.springframework.http.client.AbstractStreamingClientHttpRequest.executeInternal(AbstractStreamingClientHttpRequest.java:70) ~[spring-web-6.1.14.jar:6.1.14]
	at org.springframework.http.client.AbstractClientHttpRequest.execute(AbstractClientHttpRequest.java:66) ~[spring-web-6.1.14.jar:6.1.14]
	at org.springframework.web.client.RestTemplate.doExecute(RestTemplate.java:889) ~[spring-web-6.1.14.jar:6.1.14]
	... 69 common frames omitted

2026-06-30T17:27:02.258-03:00 DEBUG 18924 --- [loja-jogos-api] [io-8080-exec-10] o.s.w.s.m.m.a.HttpEntityMethodProcessor  : Using 'application/json', given [application/json, text/plain, */*] and supported [application/json, application/*+json]
2026-06-30T17:27:02.260-03:00 DEBUG 18924 --- [loja-jogos-api] [io-8080-exec-10] o.s.w.s.m.m.a.HttpEntityMethodProcessor  : Writing [PedidoResponseDTO[id=6, cliente=ClienteResponseDTO[id=2, nome=kaguya , email=pedropositivoone@gmail. (truncated)...]
2026-06-30T17:27:02.262-03:00 DEBUG 18924 --- [loja-jogos-api] [io-8080-exec-10] o.s.web.servlet.DispatcherServlet        : Completed 201 CREATED
2026-06-30T17:27:02.277-03:00 DEBUG 18924 --- [loja-jogos-api] [nio-8080-exec-6] o.s.web.servlet.DispatcherServlet        : GET "/pedidos", parameters={}
2026-06-30T17:27:02.278-03:00 DEBUG 18924 --- [loja-jogos-api] [nio-8080-exec-6] s.w.s.m.m.a.RequestMappingHandlerMapping : Mapped to com.lojajogos.controller.PedidoController#listarTodos()
2026-06-30T17:27:02.282-03:00 DEBUG 18924 --- [loja-jogos-api] [nio-8080-exec-6] org.hibernate.SQL                        : select p1_0.id,p1_0.cliente_id,p1_0.cupom_desconto,p1_0.data_pedido,p1_0.mensagemia,p1_0.perfil_cliente,p1_0.recomendacoes,p1_0.status_pedido,p1_0.valor_total from pedidos p1_0
Hibernate: select p1_0.id,p1_0.cliente_id,p1_0.cupom_desconto,p1_0.data_pedido,p1_0.mensagemia,p1_0.perfil_cliente,p1_0.recomendacoes,p1_0.status_pedido,p1_0.valor_total from pedidos p1_0
2026-06-30T17:27:02.283-03:00 DEBUG 18924 --- [loja-jogos-api] [nio-8080-exec-6] org.hibernate.SQL                        : select c1_0.id,c1_0.bairro,c1_0.cep,c1_0.cidade,c1_0.email,c1_0.nome,c1_0.numero,c1_0.pais,c1_0.rua,c1_0.senha,c1_0.telefone from clientes c1_0 where c1_0.id=?
Hibernate: select c1_0.id,c1_0.bairro,c1_0.cep,c1_0.cidade,c1_0.email,c1_0.nome,c1_0.numero,c1_0.pais,c1_0.rua,c1_0.senha,c1_0.telefone from clientes c1_0 where c1_0.id=?
2026-06-30T17:27:02.286-03:00 DEBUG 18924 --- [loja-jogos-api] [nio-8080-exec-6] org.hibernate.SQL                        : select c1_0.id,c1_0.bairro,c1_0.cep,c1_0.cidade,c1_0.email,c1_0.nome,c1_0.numero,c1_0.pais,c1_0.rua,c1_0.senha,c1_0.telefone from clientes c1_0 where c1_0.id=?
Hibernate: select c1_0.id,c1_0.bairro,c1_0.cep,c1_0.cidade,c1_0.email,c1_0.nome,c1_0.numero,c1_0.pais,c1_0.rua,c1_0.senha,c1_0.telefone from clientes c1_0 where c1_0.id=?
2026-06-30T17:27:02.289-03:00 DEBUG 18924 --- [loja-jogos-api] [nio-8080-exec-6] org.hibernate.SQL                        : select c1_0.id,c1_0.bairro,c1_0.cep,c1_0.cidade,c1_0.email,c1_0.nome,c1_0.numero,c1_0.pais,c1_0.rua,c1_0.senha,c1_0.telefone from clientes c1_0 where c1_0.id=?
Hibernate: select c1_0.id,c1_0.bairro,c1_0.cep,c1_0.cidade,c1_0.email,c1_0.nome,c1_0.numero,c1_0.pais,c1_0.rua,c1_0.senha,c1_0.telefone from clientes c1_0 where c1_0.id=?
2026-06-30T17:27:02.291-03:00 DEBUG 18924 --- [loja-jogos-api] [nio-8080-exec-6] org.hibernate.SQL                        : select i1_0.pedido_id,i1_0.id,i1_0.jogo_id,j1_0.id,j1_0.categoria,j1_0.nome,j1_0.plataforma,j1_0.preco,i1_0.quantidade from itens_pedido i1_0 left join jogos j1_0 on j1_0.id=i1_0.jogo_id where i1_0.pedido_id=?
Hibernate: select i1_0.pedido_id,i1_0.id,i1_0.jogo_id,j1_0.id,j1_0.categoria,j1_0.nome,j1_0.plataforma,j1_0.preco,i1_0.quantidade from itens_pedido i1_0 left join jogos j1_0 on j1_0.id=i1_0.jogo_id where i1_0.pedido_id=?
2026-06-30T17:27:02.294-03:00 DEBUG 18924 --- [loja-jogos-api] [nio-8080-exec-6] org.hibernate.SQL                        : select i1_0.pedido_id,i1_0.id,i1_0.jogo_id,j1_0.id,j1_0.categoria,j1_0.nome,j1_0.plataforma,j1_0.preco,i1_0.quantidade from itens_pedido i1_0 left join jogos j1_0 on j1_0.id=i1_0.jogo_id where i1_0.pedido_id=?
Hibernate: select i1_0.pedido_id,i1_0.id,i1_0.jogo_id,j1_0.id,j1_0.categoria,j1_0.nome,j1_0.plataforma,j1_0.preco,i1_0.quantidade from itens_pedido i1_0 left join jogos j1_0 on j1_0.id=i1_0.jogo_id where i1_0.pedido_id=?
2026-06-30T17:27:02.295-03:00 DEBUG 18924 --- [loja-jogos-api] [nio-8080-exec-6] org.hibernate.SQL                        : select i1_0.pedido_id,i1_0.id,i1_0.jogo_id,j1_0.id,j1_0.categoria,j1_0.nome,j1_0.plataforma,j1_0.preco,i1_0.quantidade from itens_pedido i1_0 left join jogos j1_0 on j1_0.id=i1_0.jogo_id where i1_0.pedido_id=?
Hibernate: select i1_0.pedido_id,i1_0.id,i1_0.jogo_id,j1_0.id,j1_0.categoria,j1_0.nome,j1_0.plataforma,j1_0.preco,i1_0.quantidade from itens_pedido i1_0 left join jogos j1_0 on j1_0.id=i1_0.jogo_id where i1_0.pedido_id=?
2026-06-30T17:27:02.297-03:00 DEBUG 18924 --- [loja-jogos-api] [nio-8080-exec-6] org.hibernate.SQL                        : select i1_0.pedido_id,i1_0.id,i1_0.jogo_id,j1_0.id,j1_0.categoria,j1_0.nome,j1_0.plataforma,j1_0.preco,i1_0.quantidade from itens_pedido i1_0 left join jogos j1_0 on j1_0.id=i1_0.jogo_id where i1_0.pedido_id=?
Hibernate: select i1_0.pedido_id,i1_0.id,i1_0.jogo_id,j1_0.id,j1_0.categoria,j1_0.nome,j1_0.plataforma,j1_0.preco,i1_0.quantidade from itens_pedido i1_0 left join jogos j1_0 on j1_0.id=i1_0.jogo_id where i1_0.pedido_id=?
2026-06-30T17:27:02.300-03:00 DEBUG 18924 --- [loja-jogos-api] [nio-8080-exec-6] org.hibernate.SQL                        : select i1_0.pedido_id,i1_0.id,i1_0.jogo_id,j1_0.id,j1_0.categoria,j1_0.nome,j1_0.plataforma,j1_0.preco,i1_0.quantidade from itens_pedido i1_0 left join jogos j1_0 on j1_0.id=i1_0.jogo_id where i1_0.pedido_id=?
Hibernate: select i1_0.pedido_id,i1_0.id,i1_0.jogo_id,j1_0.id,j1_0.categoria,j1_0.nome,j1_0.plataforma,j1_0.preco,i1_0.quantidade from itens_pedido i1_0 left join jogos j1_0 on j1_0.id=i1_0.jogo_id where i1_0.pedido_id=?
2026-06-30T17:27:02.303-03:00 DEBUG 18924 --- [loja-jogos-api] [nio-8080-exec-6] org.hibernate.SQL                        : select i1_0.pedido_id,i1_0.id,i1_0.jogo_id,j1_0.id,j1_0.categoria,j1_0.nome,j1_0.plataforma,j1_0.preco,i1_0.quantidade from itens_pedido i1_0 left join jogos j1_0 on j1_0.id=i1_0.jogo_id where i1_0.pedido_id=?
Hibernate: select i1_0.pedido_id,i1_0.id,i1_0.jogo_id,j1_0.id,j1_0.categoria,j1_0.nome,j1_0.plataforma,j1_0.preco,i1_0.quantidade from itens_pedido i1_0 left join jogos j1_0 on j1_0.id=i1_0.jogo_id where i1_0.pedido_id=?
2026-06-30T17:27:02.305-03:00 DEBUG 18924 --- [loja-jogos-api] [nio-8080-exec-6] o.s.w.s.m.m.a.HttpEntityMethodProcessor  : Using 'application/json', given [application/json, text/plain, */*] and supported [application/json, application/*+json]
2026-06-30T17:27:02.307-03:00 DEBUG 18924 --- [loja-jogos-api] [nio-8080-exec-6] o.s.w.s.m.m.a.HttpEntityMethodProcessor  : Writing [[PedidoResponseDTO[id=1, cliente=ClienteResponseDTO[id=1, nome=Teste CORS, email=teste.cors.17828478 (truncated)...]
2026-06-30T17:27:02.309-03:00 DEBUG 18924 --- [loja-jogos-api] [nio-8080-exec-6] o.s.web.servlet.DispatcherServlet        : Completed 200 OK
2026-06-30T17:27:02.317-03:00 DEBUG 18924 --- [loja-jogos-api] [nio-8080-exec-9] o.s.web.servlet.DispatcherServlet        : GET "/pedidos", parameters={}
2026-06-30T17:27:02.320-03:00 DEBUG 18924 --- [loja-jogos-api] [nio-8080-exec-9] s.w.s.m.m.a.RequestMappingHandlerMapping : Mapped to com.lojajogos.controller.PedidoController#listarTodos()
2026-06-30T17:27:02.322-03:00 DEBUG 18924 --- [loja-jogos-api] [nio-8080-exec-9] org.hibernate.SQL                        : select p1_0.id,p1_0.cliente_id,p1_0.cupom_desconto,p1_0.data_pedido,p1_0.mensagemia,p1_0.perfil_cliente,p1_0.recomendacoes,p1_0.status_pedido,p1_0.valor_total from pedidos p1_0
Hibernate: select p1_0.id,p1_0.cliente_id,p1_0.cupom_desconto,p1_0.data_pedido,p1_0.mensagemia,p1_0.perfil_cliente,p1_0.recomendacoes,p1_0.status_pedido,p1_0.valor_total from pedidos p1_0
2026-06-30T17:27:02.327-03:00 DEBUG 18924 --- [loja-jogos-api] [nio-8080-exec-9] org.hibernate.SQL                        : select c1_0.id,c1_0.bairro,c1_0.cep,c1_0.cidade,c1_0.email,c1_0.nome,c1_0.numero,c1_0.pais,c1_0.rua,c1_0.senha,c1_0.telefone from clientes c1_0 where c1_0.id=?
Hibernate: select c1_0.id,c1_0.bairro,c1_0.cep,c1_0.cidade,c1_0.email,c1_0.nome,c1_0.numero,c1_0.pais,c1_0.rua,c1_0.senha,c1_0.telefone from clientes c1_0 where c1_0.id=?
2026-06-30T17:27:02.328-03:00 DEBUG 18924 --- [loja-jogos-api] [nio-8080-exec-9] org.hibernate.SQL                        : select c1_0.id,c1_0.bairro,c1_0.cep,c1_0.cidade,c1_0.email,c1_0.nome,c1_0.numero,c1_0.pais,c1_0.rua,c1_0.senha,c1_0.telefone from clientes c1_0 where c1_0.id=?
Hibernate: select c1_0.id,c1_0.bairro,c1_0.cep,c1_0.cidade,c1_0.email,c1_0.nome,c1_0.numero,c1_0.pais,c1_0.rua,c1_0.senha,c1_0.telefone from clientes c1_0 where c1_0.id=?
2026-06-30T17:27:02.330-03:00 DEBUG 18924 --- [loja-jogos-api] [nio-8080-exec-9] org.hibernate.SQL                        : select c1_0.id,c1_0.bairro,c1_0.cep,c1_0.cidade,c1_0.email,c1_0.nome,c1_0.numero,c1_0.pais,c1_0.rua,c1_0.senha,c1_0.telefone from clientes c1_0 where c1_0.id=?
Hibernate: select c1_0.id,c1_0.bairro,c1_0.cep,c1_0.cidade,c1_0.email,c1_0.nome,c1_0.numero,c1_0.pais,c1_0.rua,c1_0.senha,c1_0.telefone from clientes c1_0 where c1_0.id=?
2026-06-30T17:27:02.332-03:00 DEBUG 18924 --- [loja-jogos-api] [nio-8080-exec-9] org.hibernate.SQL                        : select i1_0.pedido_id,i1_0.id,i1_0.jogo_id,j1_0.id,j1_0.categoria,j1_0.nome,j1_0.plataforma,j1_0.preco,i1_0.quantidade from itens_pedido i1_0 left join jogos j1_0 on j1_0.id=i1_0.jogo_id where i1_0.pedido_id=?
Hibernate: select i1_0.pedido_id,i1_0.id,i1_0.jogo_id,j1_0.id,j1_0.categoria,j1_0.nome,j1_0.plataforma,j1_0.preco,i1_0.quantidade from itens_pedido i1_0 left join jogos j1_0 on j1_0.id=i1_0.jogo_id where i1_0.pedido_id=?
2026-06-30T17:27:02.337-03:00 DEBUG 18924 --- [loja-jogos-api] [nio-8080-exec-9] org.hibernate.SQL                        : select i1_0.pedido_id,i1_0.id,i1_0.jogo_id,j1_0.id,j1_0.categoria,j1_0.nome,j1_0.plataforma,j1_0.preco,i1_0.quantidade from itens_pedido i1_0 left join jogos j1_0 on j1_0.id=i1_0.jogo_id where i1_0.pedido_id=?
Hibernate: select i1_0.pedido_id,i1_0.id,i1_0.jogo_id,j1_0.id,j1_0.categoria,j1_0.nome,j1_0.plataforma,j1_0.preco,i1_0.quantidade from itens_pedido i1_0 left join jogos j1_0 on j1_0.id=i1_0.jogo_id where i1_0.pedido_id=?
2026-06-30T17:27:02.345-03:00 DEBUG 18924 --- [loja-jogos-api] [nio-8080-exec-9] org.hibernate.SQL                        : select i1_0.pedido_id,i1_0.id,i1_0.jogo_id,j1_0.id,j1_0.categoria,j1_0.nome,j1_0.plataforma,j1_0.preco,i1_0.quantidade from itens_pedido i1_0 left join jogos j1_0 on j1_0.id=i1_0.jogo_id where i1_0.pedido_id=?
Hibernate: select i1_0.pedido_id,i1_0.id,i1_0.jogo_id,j1_0.id,j1_0.categoria,j1_0.nome,j1_0.plataforma,j1_0.preco,i1_0.quantidade from itens_pedido i1_0 left join jogos j1_0 on j1_0.id=i1_0.jogo_id where i1_0.pedido_id=?
2026-06-30T17:27:02.347-03:00 DEBUG 18924 --- [loja-jogos-api] [nio-8080-exec-9] org.hibernate.SQL                        : select i1_0.pedido_id,i1_0.id,i1_0.jogo_id,j1_0.id,j1_0.categoria,j1_0.nome,j1_0.plataforma,j1_0.preco,i1_0.quantidade from itens_pedido i1_0 left join jogos j1_0 on j1_0.id=i1_0.jogo_id where i1_0.pedido_id=?
Hibernate: select i1_0.pedido_id,i1_0.id,i1_0.jogo_id,j1_0.id,j1_0.categoria,j1_0.nome,j1_0.plataforma,j1_0.preco,i1_0.quantidade from itens_pedido i1_0 left join jogos j1_0 on j1_0.id=i1_0.jogo_id where i1_0.pedido_id=?
2026-06-30T17:27:02.349-03:00 DEBUG 18924 --- [loja-jogos-api] [nio-8080-exec-9] org.hibernate.SQL                        : select i1_0.pedido_id,i1_0.id,i1_0.jogo_id,j1_0.id,j1_0.categoria,j1_0.nome,j1_0.plataforma,j1_0.preco,i1_0.quantidade from itens_pedido i1_0 left join jogos j1_0 on j1_0.id=i1_0.jogo_id where i1_0.pedido_id=?
Hibernate: select i1_0.pedido_id,i1_0.id,i1_0.jogo_id,j1_0.id,j1_0.categoria,j1_0.nome,j1_0.plataforma,j1_0.preco,i1_0.quantidade from itens_pedido i1_0 left join jogos j1_0 on j1_0.id=i1_0.jogo_id where i1_0.pedido_id=?
2026-06-30T17:27:02.353-03:00 DEBUG 18924 --- [loja-jogos-api] [nio-8080-exec-9] org.hibernate.SQL                        : select i1_0.pedido_id,i1_0.id,i1_0.jogo_id,j1_0.id,j1_0.categoria,j1_0.nome,j1_0.plataforma,j1_0.preco,i1_0.quantidade from itens_pedido i1_0 left join jogos j1_0 on j1_0.id=i1_0.jogo_id where i1_0.pedido_id=?
Hibernate: select i1_0.pedido_id,i1_0.id,i1_0.jogo_id,j1_0.id,j1_0.categoria,j1_0.nome,j1_0.plataforma,j1_0.preco,i1_0.quantidade from itens_pedido i1_0 left join jogos j1_0 on j1_0.id=i1_0.jogo_id where i1_0.pedido_id=?
2026-06-30T17:27:02.356-03:00 DEBUG 18924 --- [loja-jogos-api] [nio-8080-exec-9] o.s.w.s.m.m.a.HttpEntityMethodProcessor  : Using 'application/json', given [application/json, text/plain, */*] and supported [application/json, application/*+json]
2026-06-30T17:27:02.357-03:00 DEBUG 18924 --- [loja-jogos-api] [nio-8080-exec-9] o.s.w.s.m.m.a.HttpEntityMethodProcessor  : Writing [[PedidoResponseDTO[id=1, cliente=ClienteResponseDTO[id=1, nome=Teste CORS, email=teste.cors.17828478 (truncated)...]
2026-06-30T17:27:02.359-03:00 DEBUG 18924 --- [loja-jogos-api] [nio-8080-exec-9] o.s.web.servlet.DispatcherServlet        : Completed 200 OK
2026-06-30T17:27:05.048-03:00 DEBUG 18924 --- [loja-jogos-api] [nio-8080-exec-2] o.s.web.servlet.DispatcherServlet        : GET "/pedidos", parameters={}
2026-06-30T17:27:05.078-03:00 DEBUG 18924 --- [loja-jogos-api] [nio-8080-exec-2] s.w.s.m.m.a.RequestMappingHandlerMapping : Mapped to com.lojajogos.controller.PedidoController#listarTodos()
2026-06-30T17:27:05.086-03:00 DEBUG 18924 --- [loja-jogos-api] [nio-8080-exec-2] org.hibernate.SQL                        : select p1_0.id,p1_0.cliente_id,p1_0.cupom_desconto,p1_0.data_pedido,p1_0.mensagemia,p1_0.perfil_cliente,p1_0.recomendacoes,p1_0.status_pedido,p1_0.valor_total from pedidos p1_0
Hibernate: select p1_0.id,p1_0.cliente_id,p1_0.cupom_desconto,p1_0.data_pedido,p1_0.mensagemia,p1_0.perfil_cliente,p1_0.recomendacoes,p1_0.status_pedido,p1_0.valor_total from pedidos p1_0
2026-06-30T17:27:05.089-03:00 DEBUG 18924 --- [loja-jogos-api] [nio-8080-exec-2] org.hibernate.SQL                        : select c1_0.id,c1_0.bairro,c1_0.cep,c1_0.cidade,c1_0.email,c1_0.nome,c1_0.numero,c1_0.pais,c1_0.rua,c1_0.senha,c1_0.telefone from clientes c1_0 where c1_0.id=?
Hibernate: select c1_0.id,c1_0.bairro,c1_0.cep,c1_0.cidade,c1_0.email,c1_0.nome,c1_0.numero,c1_0.pais,c1_0.rua,c1_0.senha,c1_0.telefone from clientes c1_0 where c1_0.id=?
2026-06-30T17:27:05.090-03:00 DEBUG 18924 --- [loja-jogos-api] [nio-8080-exec-2] org.hibernate.SQL                        : select c1_0.id,c1_0.bairro,c1_0.cep,c1_0.cidade,c1_0.email,c1_0.nome,c1_0.numero,c1_0.pais,c1_0.rua,c1_0.senha,c1_0.telefone from clientes c1_0 where c1_0.id=?
Hibernate: select c1_0.id,c1_0.bairro,c1_0.cep,c1_0.cidade,c1_0.email,c1_0.nome,c1_0.numero,c1_0.pais,c1_0.rua,c1_0.senha,c1_0.telefone from clientes c1_0 where c1_0.id=?
2026-06-30T17:27:05.098-03:00 DEBUG 18924 --- [loja-jogos-api] [nio-8080-exec-2] org.hibernate.SQL                        : select c1_0.id,c1_0.bairro,c1_0.cep,c1_0.cidade,c1_0.email,c1_0.nome,c1_0.numero,c1_0.pais,c1_0.rua,c1_0.senha,c1_0.telefone from clientes c1_0 where c1_0.id=?
Hibernate: select c1_0.id,c1_0.bairro,c1_0.cep,c1_0.cidade,c1_0.email,c1_0.nome,c1_0.numero,c1_0.pais,c1_0.rua,c1_0.senha,c1_0.telefone from clientes c1_0 where c1_0.id=?
2026-06-30T17:27:05.102-03:00 DEBUG 18924 --- [loja-jogos-api] [nio-8080-exec-2] org.hibernate.SQL                        : select i1_0.pedido_id,i1_0.id,i1_0.jogo_id,j1_0.id,j1_0.categoria,j1_0.nome,j1_0.plataforma,j1_0.preco,i1_0.quantidade from itens_pedido i1_0 left join jogos j1_0 on j1_0.id=i1_0.jogo_id where i1_0.pedido_id=?
Hibernate: select i1_0.pedido_id,i1_0.id,i1_0.jogo_id,j1_0.id,j1_0.categoria,j1_0.nome,j1_0.plataforma,j1_0.preco,i1_0.quantidade from itens_pedido i1_0 left join jogos j1_0 on j1_0.id=i1_0.jogo_id where i1_0.pedido_id=?
2026-06-30T17:27:05.105-03:00 DEBUG 18924 --- [loja-jogos-api] [nio-8080-exec-2] org.hibernate.SQL                        : select i1_0.pedido_id,i1_0.id,i1_0.jogo_id,j1_0.id,j1_0.categoria,j1_0.nome,j1_0.plataforma,j1_0.preco,i1_0.quantidade from itens_pedido i1_0 left join jogos j1_0 on j1_0.id=i1_0.jogo_id where i1_0.pedido_id=?
Hibernate: select i1_0.pedido_id,i1_0.id,i1_0.jogo_id,j1_0.id,j1_0.categoria,j1_0.nome,j1_0.plataforma,j1_0.preco,i1_0.quantidade from itens_pedido i1_0 left join jogos j1_0 on j1_0.id=i1_0.jogo_id where i1_0.pedido_id=?
2026-06-30T17:27:05.108-03:00 DEBUG 18924 --- [loja-jogos-api] [nio-8080-exec-2] org.hibernate.SQL                        : select i1_0.pedido_id,i1_0.id,i1_0.jogo_id,j1_0.id,j1_0.categoria,j1_0.nome,j1_0.plataforma,j1_0.preco,i1_0.quantidade from itens_pedido i1_0 left join jogos j1_0 on j1_0.id=i1_0.jogo_id where i1_0.pedido_id=?
Hibernate: select i1_0.pedido_id,i1_0.id,i1_0.jogo_id,j1_0.id,j1_0.categoria,j1_0.nome,j1_0.plataforma,j1_0.preco,i1_0.quantidade from itens_pedido i1_0 left join jogos j1_0 on j1_0.id=i1_0.jogo_id where i1_0.pedido_id=?
2026-06-30T17:27:05.110-03:00 DEBUG 18924 --- [loja-jogos-api] [nio-8080-exec-2] org.hibernate.SQL                        : select i1_0.pedido_id,i1_0.id,i1_0.jogo_id,j1_0.id,j1_0.categoria,j1_0.nome,j1_0.plataforma,j1_0.preco,i1_0.quantidade from itens_pedido i1_0 left join jogos j1_0 on j1_0.id=i1_0.jogo_id where i1_0.pedido_id=?
Hibernate: select i1_0.pedido_id,i1_0.id,i1_0.jogo_id,j1_0.id,j1_0.categoria,j1_0.nome,j1_0.plataforma,j1_0.preco,i1_0.quantidade from itens_pedido i1_0 left join jogos j1_0 on j1_0.id=i1_0.jogo_id where i1_0.pedido_id=?
2026-06-30T17:27:05.114-03:00 DEBUG 18924 --- [loja-jogos-api] [nio-8080-exec-2] org.hibernate.SQL                        : select i1_0.pedido_id,i1_0.id,i1_0.jogo_id,j1_0.id,j1_0.categoria,j1_0.nome,j1_0.plataforma,j1_0.preco,i1_0.quantidade from itens_pedido i1_0 left join jogos j1_0 on j1_0.id=i1_0.jogo_id where i1_0.pedido_id=?
Hibernate: select i1_0.pedido_id,i1_0.id,i1_0.jogo_id,j1_0.id,j1_0.categoria,j1_0.nome,j1_0.plataforma,j1_0.preco,i1_0.quantidade from itens_pedido i1_0 left join jogos j1_0 on j1_0.id=i1_0.jogo_id where i1_0.pedido_id=?
2026-06-30T17:27:05.117-03:00 DEBUG 18924 --- [loja-jogos-api] [nio-8080-exec-2] org.hibernate.SQL                        : select i1_0.pedido_id,i1_0.id,i1_0.jogo_id,j1_0.id,j1_0.categoria,j1_0.nome,j1_0.plataforma,j1_0.preco,i1_0.quantidade from itens_pedido i1_0 left join jogos j1_0 on j1_0.id=i1_0.jogo_id where i1_0.pedido_id=?
Hibernate: select i1_0.pedido_id,i1_0.id,i1_0.jogo_id,j1_0.id,j1_0.categoria,j1_0.nome,j1_0.plataforma,j1_0.preco,i1_0.quantidade from itens_pedido i1_0 left join jogos j1_0 on j1_0.id=i1_0.jogo_id where i1_0.pedido_id=?
2026-06-30T17:27:05.120-03:00 DEBUG 18924 --- [loja-jogos-api] [nio-8080-exec-2] o.s.w.s.m.m.a.HttpEntityMethodProcessor  : Using 'application/json', given [application/json, text/plain, */*] and supported [application/json, application/*+json]
2026-06-30T17:27:05.123-03:00 DEBUG 18924 --- [loja-jogos-api] [nio-8080-exec-2] o.s.w.s.m.m.a.HttpEntityMethodProcessor  : Writing [[PedidoResponseDTO[id=1, cliente=ClienteResponseDTO[id=1, nome=Teste CORS, email=teste.cors.17828478 (truncated)...]
2026-06-30T17:27:05.124-03:00 DEBUG 18924 --- [loja-jogos-api] [nio-8080-exec-2] o.s.web.servlet.DispatcherServlet        : Completed 200 OK
2026-06-30T17:27:05.128-03:00 DEBUG 18924 --- [loja-jogos-api] [nio-8080-exec-7] o.s.web.servlet.DispatcherServlet        : GET "/pedidos", parameters={}
2026-06-30T17:27:05.130-03:00 DEBUG 18924 --- [loja-jogos-api] [nio-8080-exec-7] s.w.s.m.m.a.RequestMappingHandlerMapping : Mapped to com.lojajogos.controller.PedidoController#listarTodos()
2026-06-30T17:27:05.135-03:00 DEBUG 18924 --- [loja-jogos-api] [nio-8080-exec-7] org.hibernate.SQL                        : select p1_0.id,p1_0.cliente_id,p1_0.cupom_desconto,p1_0.data_pedido,p1_0.mensagemia,p1_0.perfil_cliente,p1_0.recomendacoes,p1_0.status_pedido,p1_0.valor_total from pedidos p1_0
Hibernate: select p1_0.id,p1_0.cliente_id,p1_0.cupom_desconto,p1_0.data_pedido,p1_0.mensagemia,p1_0.perfil_cliente,p1_0.recomendacoes,p1_0.status_pedido,p1_0.valor_total from pedidos p1_0
2026-06-30T17:27:05.137-03:00 DEBUG 18924 --- [loja-jogos-api] [nio-8080-exec-7] org.hibernate.SQL                        : select c1_0.id,c1_0.bairro,c1_0.cep,c1_0.cidade,c1_0.email,c1_0.nome,c1_0.numero,c1_0.pais,c1_0.rua,c1_0.senha,c1_0.telefone from clientes c1_0 where c1_0.id=?
Hibernate: select c1_0.id,c1_0.bairro,c1_0.cep,c1_0.cidade,c1_0.email,c1_0.nome,c1_0.numero,c1_0.pais,c1_0.rua,c1_0.senha,c1_0.telefone from clientes c1_0 where c1_0.id=?
2026-06-30T17:27:05.138-03:00 DEBUG 18924 --- [loja-jogos-api] [nio-8080-exec-7] org.hibernate.SQL                        : select c1_0.id,c1_0.bairro,c1_0.cep,c1_0.cidade,c1_0.email,c1_0.nome,c1_0.numero,c1_0.pais,c1_0.rua,c1_0.senha,c1_0.telefone from clientes c1_0 where c1_0.id=?
Hibernate: select c1_0.id,c1_0.bairro,c1_0.cep,c1_0.cidade,c1_0.email,c1_0.nome,c1_0.numero,c1_0.pais,c1_0.rua,c1_0.senha,c1_0.telefone from clientes c1_0 where c1_0.id=?
2026-06-30T17:27:05.141-03:00 DEBUG 18924 --- [loja-jogos-api] [nio-8080-exec-7] org.hibernate.SQL                        : select c1_0.id,c1_0.bairro,c1_0.cep,c1_0.cidade,c1_0.email,c1_0.nome,c1_0.numero,c1_0.pais,c1_0.rua,c1_0.senha,c1_0.telefone from clientes c1_0 where c1_0.id=?
Hibernate: select c1_0.id,c1_0.bairro,c1_0.cep,c1_0.cidade,c1_0.email,c1_0.nome,c1_0.numero,c1_0.pais,c1_0.rua,c1_0.senha,c1_0.telefone from clientes c1_0 where c1_0.id=?
2026-06-30T17:27:05.146-03:00 DEBUG 18924 --- [loja-jogos-api] [nio-8080-exec-7] org.hibernate.SQL                        : select i1_0.pedido_id,i1_0.id,i1_0.jogo_id,j1_0.id,j1_0.categoria,j1_0.nome,j1_0.plataforma,j1_0.preco,i1_0.quantidade from itens_pedido i1_0 left join jogos j1_0 on j1_0.id=i1_0.jogo_id where i1_0.pedido_id=?
Hibernate: select i1_0.pedido_id,i1_0.id,i1_0.jogo_id,j1_0.id,j1_0.categoria,j1_0.nome,j1_0.plataforma,j1_0.preco,i1_0.quantidade from itens_pedido i1_0 left join jogos j1_0 on j1_0.id=i1_0.jogo_id where i1_0.pedido_id=?
2026-06-30T17:27:05.148-03:00 DEBUG 18924 --- [loja-jogos-api] [nio-8080-exec-7] org.hibernate.SQL                        : select i1_0.pedido_id,i1_0.id,i1_0.jogo_id,j1_0.id,j1_0.categoria,j1_0.nome,j1_0.plataforma,j1_0.preco,i1_0.quantidade from itens_pedido i1_0 left join jogos j1_0 on j1_0.id=i1_0.jogo_id where i1_0.pedido_id=?
Hibernate: select i1_0.pedido_id,i1_0.id,i1_0.jogo_id,j1_0.id,j1_0.categoria,j1_0.nome,j1_0.plataforma,j1_0.preco,i1_0.quantidade from itens_pedido i1_0 left join jogos j1_0 on j1_0.id=i1_0.jogo_id where i1_0.pedido_id=?
2026-06-30T17:27:05.150-03:00 DEBUG 18924 --- [loja-jogos-api] [nio-8080-exec-7] org.hibernate.SQL                        : select i1_0.pedido_id,i1_0.id,i1_0.jogo_id,j1_0.id,j1_0.categoria,j1_0.nome,j1_0.plataforma,j1_0.preco,i1_0.quantidade from itens_pedido i1_0 left join jogos j1_0 on j1_0.id=i1_0.jogo_id where i1_0.pedido_id=?
Hibernate: select i1_0.pedido_id,i1_0.id,i1_0.jogo_id,j1_0.id,j1_0.categoria,j1_0.nome,j1_0.plataforma,j1_0.preco,i1_0.quantidade from itens_pedido i1_0 left join jogos j1_0 on j1_0.id=i1_0.jogo_id where i1_0.pedido_id=?
2026-06-30T17:27:05.154-03:00 DEBUG 18924 --- [loja-jogos-api] [nio-8080-exec-7] org.hibernate.SQL                        : select i1_0.pedido_id,i1_0.id,i1_0.jogo_id,j1_0.id,j1_0.categoria,j1_0.nome,j1_0.plataforma,j1_0.preco,i1_0.quantidade from itens_pedido i1_0 left join jogos j1_0 on j1_0.id=i1_0.jogo_id where i1_0.pedido_id=?
Hibernate: select i1_0.pedido_id,i1_0.id,i1_0.jogo_id,j1_0.id,j1_0.categoria,j1_0.nome,j1_0.plataforma,j1_0.preco,i1_0.quantidade from itens_pedido i1_0 left join jogos j1_0 on j1_0.id=i1_0.jogo_id where i1_0.pedido_id=?
2026-06-30T17:27:05.157-03:00 DEBUG 18924 --- [loja-jogos-api] [nio-8080-exec-7] org.hibernate.SQL                        : select i1_0.pedido_id,i1_0.id,i1_0.jogo_id,j1_0.id,j1_0.categoria,j1_0.nome,j1_0.plataforma,j1_0.preco,i1_0.quantidade from itens_pedido i1_0 left join jogos j1_0 on j1_0.id=i1_0.jogo_id where i1_0.pedido_id=?
Hibernate: select i1_0.pedido_id,i1_0.id,i1_0.jogo_id,j1_0.id,j1_0.categoria,j1_0.nome,j1_0.plataforma,j1_0.preco,i1_0.quantidade from itens_pedido i1_0 left join jogos j1_0 on j1_0.id=i1_0.jogo_id where i1_0.pedido_id=?
2026-06-30T17:27:05.159-03:00 DEBUG 18924 --- [loja-jogos-api] [nio-8080-exec-7] org.hibernate.SQL                        : select i1_0.pedido_id,i1_0.id,i1_0.jogo_id,j1_0.id,j1_0.categoria,j1_0.nome,j1_0.plataforma,j1_0.preco,i1_0.quantidade from itens_pedido i1_0 left join jogos j1_0 on j1_0.id=i1_0.jogo_id where i1_0.pedido_id=?
Hibernate: select i1_0.pedido_id,i1_0.id,i1_0.jogo_id,j1_0.id,j1_0.categoria,j1_0.nome,j1_0.plataforma,j1_0.preco,i1_0.quantidade from itens_pedido i1_0 left join jogos j1_0 on j1_0.id=i1_0.jogo_id where i1_0.pedido_id=?
2026-06-30T17:27:05.163-03:00 DEBUG 18924 --- [loja-jogos-api] [nio-8080-exec-7] o.s.w.s.m.m.a.HttpEntityMethodProcessor  : Using 'application/json', given [application/json, text/plain, */*] and supported [application/json, application/*+json]
2026-06-30T17:27:05.164-03:00 DEBUG 18924 --- [loja-jogos-api] [nio-8080-exec-7] o.s.w.s.m.m.a.HttpEntityMethodProcessor  : Writing [[PedidoResponseDTO[id=1, cliente=ClienteResponseDTO[id=1, nome=Teste CORS, email=teste.cors.17828478 (truncated)...]
2026-06-30T17:27:05.166-03:00 DEBUG 18924 --- [loja-jogos-api] [nio-8080-exec-7] o.s.web.servlet.DispatcherServlet        : Completed 200 OK
2026-06-30T17:36:33.170-03:00 DEBUG 18924 --- [loja-jogos-api] [nio-8080-exec-6] o.s.web.servlet.DispatcherServlet        : GET "/jogos", parameters={}
2026-06-30T17:36:33.202-03:00 DEBUG 18924 --- [loja-jogos-api] [nio-8080-exec-6] s.w.s.m.m.a.RequestMappingHandlerMapping : Mapped to com.lojajogos.controller.JogoController#listarTodos()
2026-06-30T17:36:33.268-03:00 DEBUG 18924 --- [loja-jogos-api] [nio-8080-exec-6] org.hibernate.SQL                        : select j1_0.id,j1_0.categoria,j1_0.nome,j1_0.plataforma,j1_0.preco from jogos j1_0
Hibernate: select j1_0.id,j1_0.categoria,j1_0.nome,j1_0.plataforma,j1_0.preco from jogos j1_0
2026-06-30T17:36:33.293-03:00 DEBUG 18924 --- [loja-jogos-api] [nio-8080-exec-6] o.s.w.s.m.m.a.HttpEntityMethodProcessor  : Using 'application/json', given [application/json, text/plain, */*] and supported [application/json, application/*+json]
2026-06-30T17:36:33.295-03:00 DEBUG 18924 --- [loja-jogos-api] [nio-8080-exec-6] o.s.w.s.m.m.a.HttpEntityMethodProcessor  : Writing [[JogoResponseDTO[id=1, nome=Halo Infinite, categoria=Acao, plataforma=Xbox Series, preco=199.90], Jo (truncated)...]
2026-06-30T17:36:33.302-03:00 DEBUG 18924 --- [loja-jogos-api] [nio-8080-exec-6] o.s.web.servlet.DispatcherServlet        : Completed 200 OK
2026-06-30T17:36:33.316-03:00 DEBUG 18924 --- [loja-jogos-api] [nio-8080-exec-5] o.s.web.servlet.DispatcherServlet        : GET "/jogos", parameters={}
2026-06-30T17:36:33.316-03:00 DEBUG 18924 --- [loja-jogos-api] [nio-8080-exec-5] s.w.s.m.m.a.RequestMappingHandlerMapping : Mapped to com.lojajogos.controller.JogoController#listarTodos()
2026-06-30T17:36:33.319-03:00 DEBUG 18924 --- [loja-jogos-api] [nio-8080-exec-5] org.hibernate.SQL                        : select j1_0.id,j1_0.categoria,j1_0.nome,j1_0.plataforma,j1_0.preco from jogos j1_0
Hibernate: select j1_0.id,j1_0.categoria,j1_0.nome,j1_0.plataforma,j1_0.preco from jogos j1_0
2026-06-30T17:36:33.321-03:00 DEBUG 18924 --- [loja-jogos-api] [nio-8080-exec-5] o.s.w.s.m.m.a.HttpEntityMethodProcessor  : Using 'application/json', given [application/json, text/plain, */*] and supported [application/json, application/*+json]
2026-06-30T17:36:33.323-03:00 DEBUG 18924 --- [loja-jogos-api] [nio-8080-exec-5] o.s.w.s.m.m.a.HttpEntityMethodProcessor  : Writing [[JogoResponseDTO[id=1, nome=Halo Infinite, categoria=Acao, plataforma=Xbox Series, preco=199.90], Jo (truncated)...]
2026-06-30T17:36:33.325-03:00 DEBUG 18924 --- [loja-jogos-api] [nio-8080-exec-5] o.s.web.servlet.DispatcherServlet        : Completed 200 OK
2026-06-30T17:36:34.925-03:00 DEBUG 18924 --- [loja-jogos-api] [nio-8080-exec-2] o.s.web.servlet.DispatcherServlet        : GET "/jogos", parameters={}
2026-06-30T17:36:34.927-03:00 DEBUG 18924 --- [loja-jogos-api] [nio-8080-exec-2] s.w.s.m.m.a.RequestMappingHandlerMapping : Mapped to com.lojajogos.controller.JogoController#listarTodos()
2026-06-30T17:36:34.929-03:00 DEBUG 18924 --- [loja-jogos-api] [nio-8080-exec-2] org.hibernate.SQL                        : select j1_0.id,j1_0.categoria,j1_0.nome,j1_0.plataforma,j1_0.preco from jogos j1_0
Hibernate: select j1_0.id,j1_0.categoria,j1_0.nome,j1_0.plataforma,j1_0.preco from jogos j1_0
2026-06-30T17:36:34.936-03:00 DEBUG 18924 --- [loja-jogos-api] [nio-8080-exec-2] o.s.w.s.m.m.a.HttpEntityMethodProcessor  : Using 'application/json', given [application/json, text/plain, */*] and supported [application/json, application/*+json]
2026-06-30T17:36:34.937-03:00 DEBUG 18924 --- [loja-jogos-api] [nio-8080-exec-2] o.s.w.s.m.m.a.HttpEntityMethodProcessor  : Writing [[JogoResponseDTO[id=1, nome=Halo Infinite, categoria=Acao, plataforma=Xbox Series, preco=199.90], Jo (truncated)...]
2026-06-30T17:36:34.938-03:00 DEBUG 18924 --- [loja-jogos-api] [nio-8080-exec-2] o.s.web.servlet.DispatcherServlet        : Completed 200 OK
2026-06-30T17:36:34.958-03:00 DEBUG 18924 --- [loja-jogos-api] [nio-8080-exec-1] o.s.web.servlet.DispatcherServlet        : GET "/jogos", parameters={}
2026-06-30T17:36:34.959-03:00 DEBUG 18924 --- [loja-jogos-api] [nio-8080-exec-1] s.w.s.m.m.a.RequestMappingHandlerMapping : Mapped to com.lojajogos.controller.JogoController#listarTodos()
2026-06-30T17:36:34.963-03:00 DEBUG 18924 --- [loja-jogos-api] [nio-8080-exec-1] org.hibernate.SQL                        : select j1_0.id,j1_0.categoria,j1_0.nome,j1_0.plataforma,j1_0.preco from jogos j1_0
Hibernate: select j1_0.id,j1_0.categoria,j1_0.nome,j1_0.plataforma,j1_0.preco from jogos j1_0
2026-06-30T17:36:34.966-03:00 DEBUG 18924 --- [loja-jogos-api] [nio-8080-exec-1] o.s.w.s.m.m.a.HttpEntityMethodProcessor  : Using 'application/json', given [application/json, text/plain, */*] and supported [application/json, application/*+json]
2026-06-30T17:36:34.967-03:00 DEBUG 18924 --- [loja-jogos-api] [nio-8080-exec-1] o.s.w.s.m.m.a.HttpEntityMethodProcessor  : Writing [[JogoResponseDTO[id=1, nome=Halo Infinite, categoria=Acao, plataforma=Xbox Series, preco=199.90], Jo (truncated)...]
2026-06-30T17:36:34.969-03:00 DEBUG 18924 --- [loja-jogos-api] [nio-8080-exec-1] o.s.web.servlet.DispatcherServlet        : Completed 200 OK
2026-06-30T17:42:35.531-03:00 DEBUG 18924 --- [loja-jogos-api] [nio-8080-exec-8] o.s.web.servlet.DispatcherServlet        : POST "/pedidos", parameters={}
2026-06-30T17:42:35.541-03:00 DEBUG 18924 --- [loja-jogos-api] [nio-8080-exec-8] s.w.s.m.m.a.RequestMappingHandlerMapping : Mapped to com.lojajogos.controller.PedidoController#salvar(PedidoRequestDTO)
2026-06-30T17:42:35.621-03:00 DEBUG 18924 --- [loja-jogos-api] [nio-8080-exec-8] m.m.a.RequestResponseBodyMethodProcessor : Read "application/json;charset=UTF-8" to [PedidoRequestDTO[clienteId=2, itens=[ItemPedidoRequestDTO[jogoId=2, quantidade=1]], statusPedido=PEN (truncated)...]
2026-06-30T17:42:35.692-03:00 DEBUG 18924 --- [loja-jogos-api] [nio-8080-exec-8] org.hibernate.SQL                        : select c1_0.id,c1_0.bairro,c1_0.cep,c1_0.cidade,c1_0.email,c1_0.nome,c1_0.numero,c1_0.pais,c1_0.rua,c1_0.senha,c1_0.telefone from clientes c1_0 where c1_0.id=?
Hibernate: select c1_0.id,c1_0.bairro,c1_0.cep,c1_0.cidade,c1_0.email,c1_0.nome,c1_0.numero,c1_0.pais,c1_0.rua,c1_0.senha,c1_0.telefone from clientes c1_0 where c1_0.id=?
2026-06-30T17:42:35.715-03:00 DEBUG 18924 --- [loja-jogos-api] [nio-8080-exec-8] org.hibernate.SQL                        : select j1_0.id,j1_0.categoria,j1_0.nome,j1_0.plataforma,j1_0.preco from jogos j1_0 where j1_0.id=?
Hibernate: select j1_0.id,j1_0.categoria,j1_0.nome,j1_0.plataforma,j1_0.preco from jogos j1_0 where j1_0.id=?
2026-06-30T17:42:35.737-03:00 DEBUG 18924 --- [loja-jogos-api] [nio-8080-exec-8] org.hibernate.SQL                        : insert into pedidos (cliente_id,cupom_desconto,data_pedido,mensagemia,perfil_cliente,recomendacoes,status_pedido,valor_total,id) values (?,?,?,?,?,?,?,?,default)
Hibernate: insert into pedidos (cliente_id,cupom_desconto,data_pedido,mensagemia,perfil_cliente,recomendacoes,status_pedido,valor_total,id) values (?,?,?,?,?,?,?,?,default)
2026-06-30T17:42:35.760-03:00 DEBUG 18924 --- [loja-jogos-api] [nio-8080-exec-8] org.hibernate.SQL                        : insert into itens_pedido (jogo_id,pedido_id,quantidade,id) values (?,?,?,default)
Hibernate: insert into itens_pedido (jogo_id,pedido_id,quantidade,id) values (?,?,?,default)
2026-06-30T17:42:35.778-03:00 DEBUG 18924 --- [loja-jogos-api] [nio-8080-exec-8] o.s.web.client.RestTemplate              : HTTP POST http://localhost:5678/webhook-test/pedidos
2026-06-30T17:42:35.795-03:00 DEBUG 18924 --- [loja-jogos-api] [nio-8080-exec-8] o.s.web.client.RestTemplate              : Accept=[application/json, application/*+json]
2026-06-30T17:42:35.798-03:00 DEBUG 18924 --- [loja-jogos-api] [nio-8080-exec-8] o.s.web.client.RestTemplate              : Writing [{cliente=kaguya , cidade=Petrópolis, produtos=[Forza Horizon 5], valorTotal=249.90, id=7}] with org.springframework.http.converter.json.MappingJackson2HttpMessageConverter
2026-06-30T17:42:36.655-03:00 DEBUG 18924 --- [loja-jogos-api] [nio-8080-exec-8] o.s.web.client.RestTemplate              : Response 200 OK
2026-06-30T17:42:36.712-03:00 DEBUG 18924 --- [loja-jogos-api] [nio-8080-exec-8] o.s.w.s.m.m.a.HttpEntityMethodProcessor  : Using 'application/json', given [application/json, text/plain, */*] and supported [application/json, application/*+json]
2026-06-30T17:42:36.716-03:00 DEBUG 18924 --- [loja-jogos-api] [nio-8080-exec-8] o.s.w.s.m.m.a.HttpEntityMethodProcessor  : Writing [PedidoResponseDTO[id=7, cliente=ClienteResponseDTO[id=2, nome=kaguya , email=pedropositivoone@gmail. (truncated)...]
2026-06-30T17:42:36.728-03:00 DEBUG 18924 --- [loja-jogos-api] [nio-8080-exec-8] o.s.web.servlet.DispatcherServlet        : Completed 201 CREATED
2026-06-30T17:42:36.772-03:00 DEBUG 18924 --- [loja-jogos-api] [io-8080-exec-10] o.s.web.servlet.DispatcherServlet        : GET "/pedidos", parameters={}
2026-06-30T17:42:36.775-03:00 DEBUG 18924 --- [loja-jogos-api] [io-8080-exec-10] s.w.s.m.m.a.RequestMappingHandlerMapping : Mapped to com.lojajogos.controller.PedidoController#listarTodos()
2026-06-30T17:42:36.814-03:00 DEBUG 18924 --- [loja-jogos-api] [io-8080-exec-10] org.hibernate.SQL                        : select p1_0.id,p1_0.cliente_id,p1_0.cupom_desconto,p1_0.data_pedido,p1_0.mensagemia,p1_0.perfil_cliente,p1_0.recomendacoes,p1_0.status_pedido,p1_0.valor_total from pedidos p1_0
Hibernate: select p1_0.id,p1_0.cliente_id,p1_0.cupom_desconto,p1_0.data_pedido,p1_0.mensagemia,p1_0.perfil_cliente,p1_0.recomendacoes,p1_0.status_pedido,p1_0.valor_total from pedidos p1_0
2026-06-30T17:42:36.816-03:00 DEBUG 18924 --- [loja-jogos-api] [io-8080-exec-10] org.hibernate.SQL                        : select c1_0.id,c1_0.bairro,c1_0.cep,c1_0.cidade,c1_0.email,c1_0.nome,c1_0.numero,c1_0.pais,c1_0.rua,c1_0.senha,c1_0.telefone from clientes c1_0 where c1_0.id=?
Hibernate: select c1_0.id,c1_0.bairro,c1_0.cep,c1_0.cidade,c1_0.email,c1_0.nome,c1_0.numero,c1_0.pais,c1_0.rua,c1_0.senha,c1_0.telefone from clientes c1_0 where c1_0.id=?
2026-06-30T17:42:36.825-03:00 DEBUG 18924 --- [loja-jogos-api] [io-8080-exec-10] org.hibernate.SQL                        : select c1_0.id,c1_0.bairro,c1_0.cep,c1_0.cidade,c1_0.email,c1_0.nome,c1_0.numero,c1_0.pais,c1_0.rua,c1_0.senha,c1_0.telefone from clientes c1_0 where c1_0.id=?
Hibernate: select c1_0.id,c1_0.bairro,c1_0.cep,c1_0.cidade,c1_0.email,c1_0.nome,c1_0.numero,c1_0.pais,c1_0.rua,c1_0.senha,c1_0.telefone from clientes c1_0 where c1_0.id=?
2026-06-30T17:42:36.827-03:00 DEBUG 18924 --- [loja-jogos-api] [io-8080-exec-10] org.hibernate.SQL                        : select c1_0.id,c1_0.bairro,c1_0.cep,c1_0.cidade,c1_0.email,c1_0.nome,c1_0.numero,c1_0.pais,c1_0.rua,c1_0.senha,c1_0.telefone from clientes c1_0 where c1_0.id=?
Hibernate: select c1_0.id,c1_0.bairro,c1_0.cep,c1_0.cidade,c1_0.email,c1_0.nome,c1_0.numero,c1_0.pais,c1_0.rua,c1_0.senha,c1_0.telefone from clientes c1_0 where c1_0.id=?
2026-06-30T17:42:36.839-03:00 DEBUG 18924 --- [loja-jogos-api] [io-8080-exec-10] org.hibernate.SQL                        : select i1_0.pedido_id,i1_0.id,i1_0.jogo_id,j1_0.id,j1_0.categoria,j1_0.nome,j1_0.plataforma,j1_0.preco,i1_0.quantidade from itens_pedido i1_0 left join jogos j1_0 on j1_0.id=i1_0.jogo_id where i1_0.pedido_id=?
Hibernate: select i1_0.pedido_id,i1_0.id,i1_0.jogo_id,j1_0.id,j1_0.categoria,j1_0.nome,j1_0.plataforma,j1_0.preco,i1_0.quantidade from itens_pedido i1_0 left join jogos j1_0 on j1_0.id=i1_0.jogo_id where i1_0.pedido_id=?
2026-06-30T17:42:36.844-03:00 DEBUG 18924 --- [loja-jogos-api] [io-8080-exec-10] org.hibernate.SQL                        : select i1_0.pedido_id,i1_0.id,i1_0.jogo_id,j1_0.id,j1_0.categoria,j1_0.nome,j1_0.plataforma,j1_0.preco,i1_0.quantidade from itens_pedido i1_0 left join jogos j1_0 on j1_0.id=i1_0.jogo_id where i1_0.pedido_id=?
Hibernate: select i1_0.pedido_id,i1_0.id,i1_0.jogo_id,j1_0.id,j1_0.categoria,j1_0.nome,j1_0.plataforma,j1_0.preco,i1_0.quantidade from itens_pedido i1_0 left join jogos j1_0 on j1_0.id=i1_0.jogo_id where i1_0.pedido_id=?
2026-06-30T17:42:36.845-03:00 DEBUG 18924 --- [loja-jogos-api] [io-8080-exec-10] org.hibernate.SQL                        : select i1_0.pedido_id,i1_0.id,i1_0.jogo_id,j1_0.id,j1_0.categoria,j1_0.nome,j1_0.plataforma,j1_0.preco,i1_0.quantidade from itens_pedido i1_0 left join jogos j1_0 on j1_0.id=i1_0.jogo_id where i1_0.pedido_id=?
Hibernate: select i1_0.pedido_id,i1_0.id,i1_0.jogo_id,j1_0.id,j1_0.categoria,j1_0.nome,j1_0.plataforma,j1_0.preco,i1_0.quantidade from itens_pedido i1_0 left join jogos j1_0 on j1_0.id=i1_0.jogo_id where i1_0.pedido_id=?
2026-06-30T17:42:36.848-03:00 DEBUG 18924 --- [loja-jogos-api] [io-8080-exec-10] org.hibernate.SQL                        : select i1_0.pedido_id,i1_0.id,i1_0.jogo_id,j1_0.id,j1_0.categoria,j1_0.nome,j1_0.plataforma,j1_0.preco,i1_0.quantidade from itens_pedido i1_0 left join jogos j1_0 on j1_0.id=i1_0.jogo_id where i1_0.pedido_id=?
Hibernate: select i1_0.pedido_id,i1_0.id,i1_0.jogo_id,j1_0.id,j1_0.categoria,j1_0.nome,j1_0.plataforma,j1_0.preco,i1_0.quantidade from itens_pedido i1_0 left join jogos j1_0 on j1_0.id=i1_0.jogo_id where i1_0.pedido_id=?
2026-06-30T17:42:36.849-03:00 DEBUG 18924 --- [loja-jogos-api] [io-8080-exec-10] org.hibernate.SQL                        : select i1_0.pedido_id,i1_0.id,i1_0.jogo_id,j1_0.id,j1_0.categoria,j1_0.nome,j1_0.plataforma,j1_0.preco,i1_0.quantidade from itens_pedido i1_0 left join jogos j1_0 on j1_0.id=i1_0.jogo_id where i1_0.pedido_id=?
Hibernate: select i1_0.pedido_id,i1_0.id,i1_0.jogo_id,j1_0.id,j1_0.categoria,j1_0.nome,j1_0.plataforma,j1_0.preco,i1_0.quantidade from itens_pedido i1_0 left join jogos j1_0 on j1_0.id=i1_0.jogo_id where i1_0.pedido_id=?
2026-06-30T17:42:36.851-03:00 DEBUG 18924 --- [loja-jogos-api] [io-8080-exec-10] org.hibernate.SQL                        : select i1_0.pedido_id,i1_0.id,i1_0.jogo_id,j1_0.id,j1_0.categoria,j1_0.nome,j1_0.plataforma,j1_0.preco,i1_0.quantidade from itens_pedido i1_0 left join jogos j1_0 on j1_0.id=i1_0.jogo_id where i1_0.pedido_id=?
Hibernate: select i1_0.pedido_id,i1_0.id,i1_0.jogo_id,j1_0.id,j1_0.categoria,j1_0.nome,j1_0.plataforma,j1_0.preco,i1_0.quantidade from itens_pedido i1_0 left join jogos j1_0 on j1_0.id=i1_0.jogo_id where i1_0.pedido_id=?
2026-06-30T17:42:36.853-03:00 DEBUG 18924 --- [loja-jogos-api] [io-8080-exec-10] org.hibernate.SQL                        : select i1_0.pedido_id,i1_0.id,i1_0.jogo_id,j1_0.id,j1_0.categoria,j1_0.nome,j1_0.plataforma,j1_0.preco,i1_0.quantidade from itens_pedido i1_0 left join jogos j1_0 on j1_0.id=i1_0.jogo_id where i1_0.pedido_id=?
Hibernate: select i1_0.pedido_id,i1_0.id,i1_0.jogo_id,j1_0.id,j1_0.categoria,j1_0.nome,j1_0.plataforma,j1_0.preco,i1_0.quantidade from itens_pedido i1_0 left join jogos j1_0 on j1_0.id=i1_0.jogo_id where i1_0.pedido_id=?
2026-06-30T17:42:36.858-03:00 DEBUG 18924 --- [loja-jogos-api] [io-8080-exec-10] o.s.w.s.m.m.a.HttpEntityMethodProcessor  : Using 'application/json', given [application/json, text/plain, */*] and supported [application/json, application/*+json]
2026-06-30T17:42:36.861-03:00 DEBUG 18924 --- [loja-jogos-api] [io-8080-exec-10] o.s.w.s.m.m.a.HttpEntityMethodProcessor  : Writing [[PedidoResponseDTO[id=1, cliente=ClienteResponseDTO[id=1, nome=Teste CORS, email=teste.cors.17828478 (truncated)...]
2026-06-30T17:42:36.864-03:00 DEBUG 18924 --- [loja-jogos-api] [io-8080-exec-10] o.s.web.servlet.DispatcherServlet        : Completed 200 OK
2026-06-30T17:42:36.880-03:00 DEBUG 18924 --- [loja-jogos-api] [nio-8080-exec-3] o.s.web.servlet.DispatcherServlet        : GET "/pedidos", parameters={}
2026-06-30T17:42:36.881-03:00 DEBUG 18924 --- [loja-jogos-api] [nio-8080-exec-3] s.w.s.m.m.a.RequestMappingHandlerMapping : Mapped to com.lojajogos.controller.PedidoController#listarTodos()
2026-06-30T17:42:36.883-03:00 DEBUG 18924 --- [loja-jogos-api] [nio-8080-exec-3] org.hibernate.SQL                        : select p1_0.id,p1_0.cliente_id,p1_0.cupom_desconto,p1_0.data_pedido,p1_0.mensagemia,p1_0.perfil_cliente,p1_0.recomendacoes,p1_0.status_pedido,p1_0.valor_total from pedidos p1_0
Hibernate: select p1_0.id,p1_0.cliente_id,p1_0.cupom_desconto,p1_0.data_pedido,p1_0.mensagemia,p1_0.perfil_cliente,p1_0.recomendacoes,p1_0.status_pedido,p1_0.valor_total from pedidos p1_0
2026-06-30T17:42:36.884-03:00 DEBUG 18924 --- [loja-jogos-api] [nio-8080-exec-3] org.hibernate.SQL                        : select c1_0.id,c1_0.bairro,c1_0.cep,c1_0.cidade,c1_0.email,c1_0.nome,c1_0.numero,c1_0.pais,c1_0.rua,c1_0.senha,c1_0.telefone from clientes c1_0 where c1_0.id=?
Hibernate: select c1_0.id,c1_0.bairro,c1_0.cep,c1_0.cidade,c1_0.email,c1_0.nome,c1_0.numero,c1_0.pais,c1_0.rua,c1_0.senha,c1_0.telefone from clientes c1_0 where c1_0.id=?
2026-06-30T17:42:36.886-03:00 DEBUG 18924 --- [loja-jogos-api] [nio-8080-exec-3] org.hibernate.SQL                        : select c1_0.id,c1_0.bairro,c1_0.cep,c1_0.cidade,c1_0.email,c1_0.nome,c1_0.numero,c1_0.pais,c1_0.rua,c1_0.senha,c1_0.telefone from clientes c1_0 where c1_0.id=?
Hibernate: select c1_0.id,c1_0.bairro,c1_0.cep,c1_0.cidade,c1_0.email,c1_0.nome,c1_0.numero,c1_0.pais,c1_0.rua,c1_0.senha,c1_0.telefone from clientes c1_0 where c1_0.id=?
2026-06-30T17:42:36.888-03:00 DEBUG 18924 --- [loja-jogos-api] [nio-8080-exec-3] org.hibernate.SQL                        : select c1_0.id,c1_0.bairro,c1_0.cep,c1_0.cidade,c1_0.email,c1_0.nome,c1_0.numero,c1_0.pais,c1_0.rua,c1_0.senha,c1_0.telefone from clientes c1_0 where c1_0.id=?
Hibernate: select c1_0.id,c1_0.bairro,c1_0.cep,c1_0.cidade,c1_0.email,c1_0.nome,c1_0.numero,c1_0.pais,c1_0.rua,c1_0.senha,c1_0.telefone from clientes c1_0 where c1_0.id=?
2026-06-30T17:42:36.890-03:00 DEBUG 18924 --- [loja-jogos-api] [nio-8080-exec-3] org.hibernate.SQL                        : select i1_0.pedido_id,i1_0.id,i1_0.jogo_id,j1_0.id,j1_0.categoria,j1_0.nome,j1_0.plataforma,j1_0.preco,i1_0.quantidade from itens_pedido i1_0 left join jogos j1_0 on j1_0.id=i1_0.jogo_id where i1_0.pedido_id=?
Hibernate: select i1_0.pedido_id,i1_0.id,i1_0.jogo_id,j1_0.id,j1_0.categoria,j1_0.nome,j1_0.plataforma,j1_0.preco,i1_0.quantidade from itens_pedido i1_0 left join jogos j1_0 on j1_0.id=i1_0.jogo_id where i1_0.pedido_id=?
2026-06-30T17:42:36.892-03:00 DEBUG 18924 --- [loja-jogos-api] [nio-8080-exec-3] org.hibernate.SQL                        : select i1_0.pedido_id,i1_0.id,i1_0.jogo_id,j1_0.id,j1_0.categoria,j1_0.nome,j1_0.plataforma,j1_0.preco,i1_0.quantidade from itens_pedido i1_0 left join jogos j1_0 on j1_0.id=i1_0.jogo_id where i1_0.pedido_id=?
Hibernate: select i1_0.pedido_id,i1_0.id,i1_0.jogo_id,j1_0.id,j1_0.categoria,j1_0.nome,j1_0.plataforma,j1_0.preco,i1_0.quantidade from itens_pedido i1_0 left join jogos j1_0 on j1_0.id=i1_0.jogo_id where i1_0.pedido_id=?
2026-06-30T17:42:36.893-03:00 DEBUG 18924 --- [loja-jogos-api] [nio-8080-exec-3] org.hibernate.SQL                        : select i1_0.pedido_id,i1_0.id,i1_0.jogo_id,j1_0.id,j1_0.categoria,j1_0.nome,j1_0.plataforma,j1_0.preco,i1_0.quantidade from itens_pedido i1_0 left join jogos j1_0 on j1_0.id=i1_0.jogo_id where i1_0.pedido_id=?
Hibernate: select i1_0.pedido_id,i1_0.id,i1_0.jogo_id,j1_0.id,j1_0.categoria,j1_0.nome,j1_0.plataforma,j1_0.preco,i1_0.quantidade from itens_pedido i1_0 left join jogos j1_0 on j1_0.id=i1_0.jogo_id where i1_0.pedido_id=?
2026-06-30T17:42:36.925-03:00 DEBUG 18924 --- [loja-jogos-api] [nio-8080-exec-3] org.hibernate.SQL                        : select i1_0.pedido_id,i1_0.id,i1_0.jogo_id,j1_0.id,j1_0.categoria,j1_0.nome,j1_0.plataforma,j1_0.preco,i1_0.quantidade from itens_pedido i1_0 left join jogos j1_0 on j1_0.id=i1_0.jogo_id where i1_0.pedido_id=?
Hibernate: select i1_0.pedido_id,i1_0.id,i1_0.jogo_id,j1_0.id,j1_0.categoria,j1_0.nome,j1_0.plataforma,j1_0.preco,i1_0.quantidade from itens_pedido i1_0 left join jogos j1_0 on j1_0.id=i1_0.jogo_id where i1_0.pedido_id=?
2026-06-30T17:42:36.928-03:00 DEBUG 18924 --- [loja-jogos-api] [nio-8080-exec-3] org.hibernate.SQL                        : select i1_0.pedido_id,i1_0.id,i1_0.jogo_id,j1_0.id,j1_0.categoria,j1_0.nome,j1_0.plataforma,j1_0.preco,i1_0.quantidade from itens_pedido i1_0 left join jogos j1_0 on j1_0.id=i1_0.jogo_id where i1_0.pedido_id=?
Hibernate: select i1_0.pedido_id,i1_0.id,i1_0.jogo_id,j1_0.id,j1_0.categoria,j1_0.nome,j1_0.plataforma,j1_0.preco,i1_0.quantidade from itens_pedido i1_0 left join jogos j1_0 on j1_0.id=i1_0.jogo_id where i1_0.pedido_id=?
2026-06-30T17:42:36.931-03:00 DEBUG 18924 --- [loja-jogos-api] [nio-8080-exec-3] org.hibernate.SQL                        : select i1_0.pedido_id,i1_0.id,i1_0.jogo_id,j1_0.id,j1_0.categoria,j1_0.nome,j1_0.plataforma,j1_0.preco,i1_0.quantidade from itens_pedido i1_0 left join jogos j1_0 on j1_0.id=i1_0.jogo_id where i1_0.pedido_id=?
Hibernate: select i1_0.pedido_id,i1_0.id,i1_0.jogo_id,j1_0.id,j1_0.categoria,j1_0.nome,j1_0.plataforma,j1_0.preco,i1_0.quantidade from itens_pedido i1_0 left join jogos j1_0 on j1_0.id=i1_0.jogo_id where i1_0.pedido_id=?
2026-06-30T17:42:36.935-03:00 DEBUG 18924 --- [loja-jogos-api] [nio-8080-exec-3] org.hibernate.SQL                        : select i1_0.pedido_id,i1_0.id,i1_0.jogo_id,j1_0.id,j1_0.categoria,j1_0.nome,j1_0.plataforma,j1_0.preco,i1_0.quantidade from itens_pedido i1_0 left join jogos j1_0 on j1_0.id=i1_0.jogo_id where i1_0.pedido_id=?
Hibernate: select i1_0.pedido_id,i1_0.id,i1_0.jogo_id,j1_0.id,j1_0.categoria,j1_0.nome,j1_0.plataforma,j1_0.preco,i1_0.quantidade from itens_pedido i1_0 left join jogos j1_0 on j1_0.id=i1_0.jogo_id where i1_0.pedido_id=?
2026-06-30T17:42:36.942-03:00 DEBUG 18924 --- [loja-jogos-api] [nio-8080-exec-3] o.s.w.s.m.m.a.HttpEntityMethodProcessor  : Using 'application/json', given [application/json, text/plain, */*] and supported [application/json, application/*+json]
2026-06-30T17:42:36.944-03:00 DEBUG 18924 --- [loja-jogos-api] [nio-8080-exec-3] o.s.w.s.m.m.a.HttpEntityMethodProcessor  : Writing [[PedidoResponseDTO[id=1, cliente=ClienteResponseDTO[id=1, nome=Teste CORS, email=teste.cors.17828478 (truncated)...]
2026-06-30T17:42:36.951-03:00 DEBUG 18924 --- [loja-jogos-api] [nio-8080-exec-3] o.s.web.servlet.DispatcherServlet        : Completed 200 OK
2026-06-30T17:47:33.662-03:00 DEBUG 18924 --- [loja-jogos-api] [nio-8080-exec-7] o.s.web.servlet.DispatcherServlet        : GET "/jogos", parameters={}
2026-06-30T17:47:33.688-03:00 DEBUG 18924 --- [loja-jogos-api] [nio-8080-exec-7] s.w.s.m.m.a.RequestMappingHandlerMapping : Mapped to com.lojajogos.controller.JogoController#listarTodos()
2026-06-30T17:47:33.770-03:00 DEBUG 18924 --- [loja-jogos-api] [nio-8080-exec-7] org.hibernate.SQL                        : select j1_0.id,j1_0.categoria,j1_0.nome,j1_0.plataforma,j1_0.preco from jogos j1_0
Hibernate: select j1_0.id,j1_0.categoria,j1_0.nome,j1_0.plataforma,j1_0.preco from jogos j1_0
2026-06-30T17:47:33.797-03:00 DEBUG 18924 --- [loja-jogos-api] [nio-8080-exec-7] o.s.w.s.m.m.a.HttpEntityMethodProcessor  : Using 'application/json', given [application/json, text/plain, */*] and supported [application/json, application/*+json]
2026-06-30T17:47:33.802-03:00 DEBUG 18924 --- [loja-jogos-api] [nio-8080-exec-7] o.s.w.s.m.m.a.HttpEntityMethodProcessor  : Writing [[JogoResponseDTO[id=1, nome=Halo Infinite, categoria=Acao, plataforma=Xbox Series, preco=199.90], Jo (truncated)...]
2026-06-30T17:47:33.818-03:00 DEBUG 18924 --- [loja-jogos-api] [nio-8080-exec-7] o.s.web.servlet.DispatcherServlet        : Completed 200 OK
2026-06-30T17:47:33.830-03:00 DEBUG 18924 --- [loja-jogos-api] [nio-8080-exec-9] o.s.web.servlet.DispatcherServlet        : GET "/jogos", parameters={}
2026-06-30T17:47:33.833-03:00 DEBUG 18924 --- [loja-jogos-api] [nio-8080-exec-9] s.w.s.m.m.a.RequestMappingHandlerMapping : Mapped to com.lojajogos.controller.JogoController#listarTodos()
2026-06-30T17:47:33.837-03:00 DEBUG 18924 --- [loja-jogos-api] [nio-8080-exec-9] org.hibernate.SQL                        : select j1_0.id,j1_0.categoria,j1_0.nome,j1_0.plataforma,j1_0.preco from jogos j1_0
Hibernate: select j1_0.id,j1_0.categoria,j1_0.nome,j1_0.plataforma,j1_0.preco from jogos j1_0
2026-06-30T17:47:33.840-03:00 DEBUG 18924 --- [loja-jogos-api] [nio-8080-exec-9] o.s.w.s.m.m.a.HttpEntityMethodProcessor  : Using 'application/json', given [application/json, text/plain, */*] and supported [application/json, application/*+json]
2026-06-30T17:47:33.841-03:00 DEBUG 18924 --- [loja-jogos-api] [nio-8080-exec-9] o.s.w.s.m.m.a.HttpEntityMethodProcessor  : Writing [[JogoResponseDTO[id=1, nome=Halo Infinite, categoria=Acao, plataforma=Xbox Series, preco=199.90], Jo (truncated)...]
2026-06-30T17:47:33.846-03:00 DEBUG 18924 --- [loja-jogos-api] [nio-8080-exec-9] o.s.web.servlet.DispatcherServlet        : Completed 200 OK
2026-06-30T17:47:44.267-03:00 DEBUG 18924 --- [loja-jogos-api] [nio-8080-exec-6] o.s.web.servlet.DispatcherServlet        : POST "/pedidos", parameters={}
2026-06-30T17:47:44.270-03:00 DEBUG 18924 --- [loja-jogos-api] [nio-8080-exec-6] s.w.s.m.m.a.RequestMappingHandlerMapping : Mapped to com.lojajogos.controller.PedidoController#salvar(PedidoRequestDTO)
2026-06-30T17:47:44.295-03:00 DEBUG 18924 --- [loja-jogos-api] [nio-8080-exec-6] m.m.a.RequestResponseBodyMethodProcessor : Read "application/json;charset=UTF-8" to [PedidoRequestDTO[clienteId=2, itens=[ItemPedidoRequestDTO[jogoId=3, quantidade=1]], statusPedido=PEN (truncated)...]
2026-06-30T17:47:44.319-03:00 DEBUG 18924 --- [loja-jogos-api] [nio-8080-exec-6] org.hibernate.SQL                        : select c1_0.id,c1_0.bairro,c1_0.cep,c1_0.cidade,c1_0.email,c1_0.nome,c1_0.numero,c1_0.pais,c1_0.rua,c1_0.senha,c1_0.telefone from clientes c1_0 where c1_0.id=?
Hibernate: select c1_0.id,c1_0.bairro,c1_0.cep,c1_0.cidade,c1_0.email,c1_0.nome,c1_0.numero,c1_0.pais,c1_0.rua,c1_0.senha,c1_0.telefone from clientes c1_0 where c1_0.id=?
2026-06-30T17:47:44.328-03:00 DEBUG 18924 --- [loja-jogos-api] [nio-8080-exec-6] org.hibernate.SQL                        : select j1_0.id,j1_0.categoria,j1_0.nome,j1_0.plataforma,j1_0.preco from jogos j1_0 where j1_0.id=?
Hibernate: select j1_0.id,j1_0.categoria,j1_0.nome,j1_0.plataforma,j1_0.preco from jogos j1_0 where j1_0.id=?
2026-06-30T17:47:44.341-03:00 DEBUG 18924 --- [loja-jogos-api] [nio-8080-exec-6] org.hibernate.SQL                        : insert into pedidos (cliente_id,cupom_desconto,data_pedido,mensagemia,perfil_cliente,recomendacoes,status_pedido,valor_total,id) values (?,?,?,?,?,?,?,?,default)
Hibernate: insert into pedidos (cliente_id,cupom_desconto,data_pedido,mensagemia,perfil_cliente,recomendacoes,status_pedido,valor_total,id) values (?,?,?,?,?,?,?,?,default)
2026-06-30T17:47:44.352-03:00 DEBUG 18924 --- [loja-jogos-api] [nio-8080-exec-6] org.hibernate.SQL                        : insert into itens_pedido (jogo_id,pedido_id,quantidade,id) values (?,?,?,default)
Hibernate: insert into itens_pedido (jogo_id,pedido_id,quantidade,id) values (?,?,?,default)
2026-06-30T17:47:44.363-03:00 DEBUG 18924 --- [loja-jogos-api] [nio-8080-exec-6] o.s.web.client.RestTemplate              : HTTP POST http://localhost:5678/webhook-test/pedidos
2026-06-30T17:47:44.373-03:00 DEBUG 18924 --- [loja-jogos-api] [nio-8080-exec-6] o.s.web.client.RestTemplate              : Accept=[application/json, application/*+json]
2026-06-30T17:47:44.374-03:00 DEBUG 18924 --- [loja-jogos-api] [nio-8080-exec-6] o.s.web.client.RestTemplate              : Writing [{cliente=kaguya , cidade=Petrópolis, produtos=[Gears 5], valorTotal=149.90, id=8}] with org.springframework.http.converter.json.MappingJackson2HttpMessageConverter
2026-06-30T17:47:44.441-03:00 DEBUG 18924 --- [loja-jogos-api] [nio-8080-exec-6] o.s.web.client.RestTemplate              : Response 200 OK
2026-06-30T17:47:44.456-03:00 DEBUG 18924 --- [loja-jogos-api] [nio-8080-exec-6] o.s.w.s.m.m.a.HttpEntityMethodProcessor  : Using 'application/json', given [application/json, text/plain, */*] and supported [application/json, application/*+json]
2026-06-30T17:47:44.459-03:00 DEBUG 18924 --- [loja-jogos-api] [nio-8080-exec-6] o.s.w.s.m.m.a.HttpEntityMethodProcessor  : Writing [PedidoResponseDTO[id=8, cliente=ClienteResponseDTO[id=2, nome=kaguya , email=pedropositivoone@gmail. (truncated)...]
2026-06-30T17:47:44.463-03:00 DEBUG 18924 --- [loja-jogos-api] [nio-8080-exec-6] o.s.web.servlet.DispatcherServlet        : Completed 201 CREATED
2026-06-30T17:47:44.506-03:00 DEBUG 18924 --- [loja-jogos-api] [nio-8080-exec-5] o.s.web.servlet.DispatcherServlet        : GET "/pedidos", parameters={}
2026-06-30T17:47:44.507-03:00 DEBUG 18924 --- [loja-jogos-api] [nio-8080-exec-5] s.w.s.m.m.a.RequestMappingHandlerMapping : Mapped to com.lojajogos.controller.PedidoController#listarTodos()
2026-06-30T17:47:44.513-03:00 DEBUG 18924 --- [loja-jogos-api] [nio-8080-exec-5] org.hibernate.SQL                        : select p1_0.id,p1_0.cliente_id,p1_0.cupom_desconto,p1_0.data_pedido,p1_0.mensagemia,p1_0.perfil_cliente,p1_0.recomendacoes,p1_0.status_pedido,p1_0.valor_total from pedidos p1_0
Hibernate: select p1_0.id,p1_0.cliente_id,p1_0.cupom_desconto,p1_0.data_pedido,p1_0.mensagemia,p1_0.perfil_cliente,p1_0.recomendacoes,p1_0.status_pedido,p1_0.valor_total from pedidos p1_0
2026-06-30T17:47:44.515-03:00 DEBUG 18924 --- [loja-jogos-api] [nio-8080-exec-5] org.hibernate.SQL                        : select c1_0.id,c1_0.bairro,c1_0.cep,c1_0.cidade,c1_0.email,c1_0.nome,c1_0.numero,c1_0.pais,c1_0.rua,c1_0.senha,c1_0.telefone from clientes c1_0 where c1_0.id=?
Hibernate: select c1_0.id,c1_0.bairro,c1_0.cep,c1_0.cidade,c1_0.email,c1_0.nome,c1_0.numero,c1_0.pais,c1_0.rua,c1_0.senha,c1_0.telefone from clientes c1_0 where c1_0.id=?
2026-06-30T17:47:44.518-03:00 DEBUG 18924 --- [loja-jogos-api] [nio-8080-exec-5] org.hibernate.SQL                        : select c1_0.id,c1_0.bairro,c1_0.cep,c1_0.cidade,c1_0.email,c1_0.nome,c1_0.numero,c1_0.pais,c1_0.rua,c1_0.senha,c1_0.telefone from clientes c1_0 where c1_0.id=?
Hibernate: select c1_0.id,c1_0.bairro,c1_0.cep,c1_0.cidade,c1_0.email,c1_0.nome,c1_0.numero,c1_0.pais,c1_0.rua,c1_0.senha,c1_0.telefone from clientes c1_0 where c1_0.id=?
2026-06-30T17:47:44.519-03:00 DEBUG 18924 --- [loja-jogos-api] [nio-8080-exec-5] org.hibernate.SQL                        : select c1_0.id,c1_0.bairro,c1_0.cep,c1_0.cidade,c1_0.email,c1_0.nome,c1_0.numero,c1_0.pais,c1_0.rua,c1_0.senha,c1_0.telefone from clientes c1_0 where c1_0.id=?
Hibernate: select c1_0.id,c1_0.bairro,c1_0.cep,c1_0.cidade,c1_0.email,c1_0.nome,c1_0.numero,c1_0.pais,c1_0.rua,c1_0.senha,c1_0.telefone from clientes c1_0 where c1_0.id=?
2026-06-30T17:47:44.521-03:00 DEBUG 18924 --- [loja-jogos-api] [nio-8080-exec-5] org.hibernate.SQL                        : select i1_0.pedido_id,i1_0.id,i1_0.jogo_id,j1_0.id,j1_0.categoria,j1_0.nome,j1_0.plataforma,j1_0.preco,i1_0.quantidade from itens_pedido i1_0 left join jogos j1_0 on j1_0.id=i1_0.jogo_id where i1_0.pedido_id=?
Hibernate: select i1_0.pedido_id,i1_0.id,i1_0.jogo_id,j1_0.id,j1_0.categoria,j1_0.nome,j1_0.plataforma,j1_0.preco,i1_0.quantidade from itens_pedido i1_0 left join jogos j1_0 on j1_0.id=i1_0.jogo_id where i1_0.pedido_id=?
2026-06-30T17:47:44.523-03:00 DEBUG 18924 --- [loja-jogos-api] [nio-8080-exec-5] org.hibernate.SQL                        : select i1_0.pedido_id,i1_0.id,i1_0.jogo_id,j1_0.id,j1_0.categoria,j1_0.nome,j1_0.plataforma,j1_0.preco,i1_0.quantidade from itens_pedido i1_0 left join jogos j1_0 on j1_0.id=i1_0.jogo_id where i1_0.pedido_id=?
Hibernate: select i1_0.pedido_id,i1_0.id,i1_0.jogo_id,j1_0.id,j1_0.categoria,j1_0.nome,j1_0.plataforma,j1_0.preco,i1_0.quantidade from itens_pedido i1_0 left join jogos j1_0 on j1_0.id=i1_0.jogo_id where i1_0.pedido_id=?
2026-06-30T17:47:44.525-03:00 DEBUG 18924 --- [loja-jogos-api] [nio-8080-exec-5] org.hibernate.SQL                        : select i1_0.pedido_id,i1_0.id,i1_0.jogo_id,j1_0.id,j1_0.categoria,j1_0.nome,j1_0.plataforma,j1_0.preco,i1_0.quantidade from itens_pedido i1_0 left join jogos j1_0 on j1_0.id=i1_0.jogo_id where i1_0.pedido_id=?
Hibernate: select i1_0.pedido_id,i1_0.id,i1_0.jogo_id,j1_0.id,j1_0.categoria,j1_0.nome,j1_0.plataforma,j1_0.preco,i1_0.quantidade from itens_pedido i1_0 left join jogos j1_0 on j1_0.id=i1_0.jogo_id where i1_0.pedido_id=?
2026-06-30T17:47:44.526-03:00 DEBUG 18924 --- [loja-jogos-api] [nio-8080-exec-5] org.hibernate.SQL                        : select i1_0.pedido_id,i1_0.id,i1_0.jogo_id,j1_0.id,j1_0.categoria,j1_0.nome,j1_0.plataforma,j1_0.preco,i1_0.quantidade from itens_pedido i1_0 left join jogos j1_0 on j1_0.id=i1_0.jogo_id where i1_0.pedido_id=?
Hibernate: select i1_0.pedido_id,i1_0.id,i1_0.jogo_id,j1_0.id,j1_0.categoria,j1_0.nome,j1_0.plataforma,j1_0.preco,i1_0.quantidade from itens_pedido i1_0 left join jogos j1_0 on j1_0.id=i1_0.jogo_id where i1_0.pedido_id=?
2026-06-30T17:47:44.529-03:00 DEBUG 18924 --- [loja-jogos-api] [nio-8080-exec-5] org.hibernate.SQL                        : select i1_0.pedido_id,i1_0.id,i1_0.jogo_id,j1_0.id,j1_0.categoria,j1_0.nome,j1_0.plataforma,j1_0.preco,i1_0.quantidade from itens_pedido i1_0 left join jogos j1_0 on j1_0.id=i1_0.jogo_id where i1_0.pedido_id=?
Hibernate: select i1_0.pedido_id,i1_0.id,i1_0.jogo_id,j1_0.id,j1_0.categoria,j1_0.nome,j1_0.plataforma,j1_0.preco,i1_0.quantidade from itens_pedido i1_0 left join jogos j1_0 on j1_0.id=i1_0.jogo_id where i1_0.pedido_id=?
2026-06-30T17:47:44.531-03:00 DEBUG 18924 --- [loja-jogos-api] [nio-8080-exec-5] org.hibernate.SQL                        : select i1_0.pedido_id,i1_0.id,i1_0.jogo_id,j1_0.id,j1_0.categoria,j1_0.nome,j1_0.plataforma,j1_0.preco,i1_0.quantidade from itens_pedido i1_0 left join jogos j1_0 on j1_0.id=i1_0.jogo_id where i1_0.pedido_id=?
Hibernate: select i1_0.pedido_id,i1_0.id,i1_0.jogo_id,j1_0.id,j1_0.categoria,j1_0.nome,j1_0.plataforma,j1_0.preco,i1_0.quantidade from itens_pedido i1_0 left join jogos j1_0 on j1_0.id=i1_0.jogo_id where i1_0.pedido_id=?
2026-06-30T17:47:44.534-03:00 DEBUG 18924 --- [loja-jogos-api] [nio-8080-exec-5] org.hibernate.SQL                        : select i1_0.pedido_id,i1_0.id,i1_0.jogo_id,j1_0.id,j1_0.categoria,j1_0.nome,j1_0.plataforma,j1_0.preco,i1_0.quantidade from itens_pedido i1_0 left join jogos j1_0 on j1_0.id=i1_0.jogo_id where i1_0.pedido_id=?
Hibernate: select i1_0.pedido_id,i1_0.id,i1_0.jogo_id,j1_0.id,j1_0.categoria,j1_0.nome,j1_0.plataforma,j1_0.preco,i1_0.quantidade from itens_pedido i1_0 left join jogos j1_0 on j1_0.id=i1_0.jogo_id where i1_0.pedido_id=?
2026-06-30T17:47:44.535-03:00 DEBUG 18924 --- [loja-jogos-api] [nio-8080-exec-5] org.hibernate.SQL                        : select i1_0.pedido_id,i1_0.id,i1_0.jogo_id,j1_0.id,j1_0.categoria,j1_0.nome,j1_0.plataforma,j1_0.preco,i1_0.quantidade from itens_pedido i1_0 left join jogos j1_0 on j1_0.id=i1_0.jogo_id where i1_0.pedido_id=?
Hibernate: select i1_0.pedido_id,i1_0.id,i1_0.jogo_id,j1_0.id,j1_0.categoria,j1_0.nome,j1_0.plataforma,j1_0.preco,i1_0.quantidade from itens_pedido i1_0 left join jogos j1_0 on j1_0.id=i1_0.jogo_id where i1_0.pedido_id=?
2026-06-30T17:47:44.537-03:00 DEBUG 18924 --- [loja-jogos-api] [nio-8080-exec-5] o.s.w.s.m.m.a.HttpEntityMethodProcessor  : Using 'application/json', given [application/json, text/plain, */*] and supported [application/json, application/*+json]
2026-06-30T17:47:44.539-03:00 DEBUG 18924 --- [loja-jogos-api] [nio-8080-exec-5] o.s.w.s.m.m.a.HttpEntityMethodProcessor  : Writing [[PedidoResponseDTO[id=1, cliente=ClienteResponseDTO[id=1, nome=Teste CORS, email=teste.cors.17828478 (truncated)...]
2026-06-30T17:47:44.542-03:00 DEBUG 18924 --- [loja-jogos-api] [nio-8080-exec-5] o.s.web.servlet.DispatcherServlet        : Completed 200 OK
2026-06-30T17:47:44.551-03:00 DEBUG 18924 --- [loja-jogos-api] [nio-8080-exec-2] o.s.web.servlet.DispatcherServlet        : GET "/pedidos", parameters={}
2026-06-30T17:47:44.552-03:00 DEBUG 18924 --- [loja-jogos-api] [nio-8080-exec-2] s.w.s.m.m.a.RequestMappingHandlerMapping : Mapped to com.lojajogos.controller.PedidoController#listarTodos()
2026-06-30T17:47:44.556-03:00 DEBUG 18924 --- [loja-jogos-api] [nio-8080-exec-2] org.hibernate.SQL                        : select p1_0.id,p1_0.cliente_id,p1_0.cupom_desconto,p1_0.data_pedido,p1_0.mensagemia,p1_0.perfil_cliente,p1_0.recomendacoes,p1_0.status_pedido,p1_0.valor_total from pedidos p1_0
Hibernate: select p1_0.id,p1_0.cliente_id,p1_0.cupom_desconto,p1_0.data_pedido,p1_0.mensagemia,p1_0.perfil_cliente,p1_0.recomendacoes,p1_0.status_pedido,p1_0.valor_total from pedidos p1_0
2026-06-30T17:47:44.559-03:00 DEBUG 18924 --- [loja-jogos-api] [nio-8080-exec-2] org.hibernate.SQL                        : select c1_0.id,c1_0.bairro,c1_0.cep,c1_0.cidade,c1_0.email,c1_0.nome,c1_0.numero,c1_0.pais,c1_0.rua,c1_0.senha,c1_0.telefone from clientes c1_0 where c1_0.id=?
Hibernate: select c1_0.id,c1_0.bairro,c1_0.cep,c1_0.cidade,c1_0.email,c1_0.nome,c1_0.numero,c1_0.pais,c1_0.rua,c1_0.senha,c1_0.telefone from clientes c1_0 where c1_0.id=?
2026-06-30T17:47:44.563-03:00 DEBUG 18924 --- [loja-jogos-api] [nio-8080-exec-2] org.hibernate.SQL                        : select c1_0.id,c1_0.bairro,c1_0.cep,c1_0.cidade,c1_0.email,c1_0.nome,c1_0.numero,c1_0.pais,c1_0.rua,c1_0.senha,c1_0.telefone from clientes c1_0 where c1_0.id=?
Hibernate: select c1_0.id,c1_0.bairro,c1_0.cep,c1_0.cidade,c1_0.email,c1_0.nome,c1_0.numero,c1_0.pais,c1_0.rua,c1_0.senha,c1_0.telefone from clientes c1_0 where c1_0.id=?
2026-06-30T17:47:44.567-03:00 DEBUG 18924 --- [loja-jogos-api] [nio-8080-exec-2] org.hibernate.SQL                        : select c1_0.id,c1_0.bairro,c1_0.cep,c1_0.cidade,c1_0.email,c1_0.nome,c1_0.numero,c1_0.pais,c1_0.rua,c1_0.senha,c1_0.telefone from clientes c1_0 where c1_0.id=?
Hibernate: select c1_0.id,c1_0.bairro,c1_0.cep,c1_0.cidade,c1_0.email,c1_0.nome,c1_0.numero,c1_0.pais,c1_0.rua,c1_0.senha,c1_0.telefone from clientes c1_0 where c1_0.id=?
2026-06-30T17:47:44.570-03:00 DEBUG 18924 --- [loja-jogos-api] [nio-8080-exec-2] org.hibernate.SQL                        : select i1_0.pedido_id,i1_0.id,i1_0.jogo_id,j1_0.id,j1_0.categoria,j1_0.nome,j1_0.plataforma,j1_0.preco,i1_0.quantidade from itens_pedido i1_0 left join jogos j1_0 on j1_0.id=i1_0.jogo_id where i1_0.pedido_id=?
Hibernate: select i1_0.pedido_id,i1_0.id,i1_0.jogo_id,j1_0.id,j1_0.categoria,j1_0.nome,j1_0.plataforma,j1_0.preco,i1_0.quantidade from itens_pedido i1_0 left join jogos j1_0 on j1_0.id=i1_0.jogo_id where i1_0.pedido_id=?
2026-06-30T17:47:44.573-03:00 DEBUG 18924 --- [loja-jogos-api] [nio-8080-exec-2] org.hibernate.SQL                        : select i1_0.pedido_id,i1_0.id,i1_0.jogo_id,j1_0.id,j1_0.categoria,j1_0.nome,j1_0.plataforma,j1_0.preco,i1_0.quantidade from itens_pedido i1_0 left join jogos j1_0 on j1_0.id=i1_0.jogo_id where i1_0.pedido_id=?
Hibernate: select i1_0.pedido_id,i1_0.id,i1_0.jogo_id,j1_0.id,j1_0.categoria,j1_0.nome,j1_0.plataforma,j1_0.preco,i1_0.quantidade from itens_pedido i1_0 left join jogos j1_0 on j1_0.id=i1_0.jogo_id where i1_0.pedido_id=?
2026-06-30T17:47:44.574-03:00 DEBUG 18924 --- [loja-jogos-api] [nio-8080-exec-2] org.hibernate.SQL                        : select i1_0.pedido_id,i1_0.id,i1_0.jogo_id,j1_0.id,j1_0.categoria,j1_0.nome,j1_0.plataforma,j1_0.preco,i1_0.quantidade from itens_pedido i1_0 left join jogos j1_0 on j1_0.id=i1_0.jogo_id where i1_0.pedido_id=?
Hibernate: select i1_0.pedido_id,i1_0.id,i1_0.jogo_id,j1_0.id,j1_0.categoria,j1_0.nome,j1_0.plataforma,j1_0.preco,i1_0.quantidade from itens_pedido i1_0 left join jogos j1_0 on j1_0.id=i1_0.jogo_id where i1_0.pedido_id=?
2026-06-30T17:47:44.576-03:00 DEBUG 18924 --- [loja-jogos-api] [nio-8080-exec-2] org.hibernate.SQL                        : select i1_0.pedido_id,i1_0.id,i1_0.jogo_id,j1_0.id,j1_0.categoria,j1_0.nome,j1_0.plataforma,j1_0.preco,i1_0.quantidade from itens_pedido i1_0 left join jogos j1_0 on j1_0.id=i1_0.jogo_id where i1_0.pedido_id=?
Hibernate: select i1_0.pedido_id,i1_0.id,i1_0.jogo_id,j1_0.id,j1_0.categoria,j1_0.nome,j1_0.plataforma,j1_0.preco,i1_0.quantidade from itens_pedido i1_0 left join jogos j1_0 on j1_0.id=i1_0.jogo_id where i1_0.pedido_id=?
2026-06-30T17:47:44.578-03:00 DEBUG 18924 --- [loja-jogos-api] [nio-8080-exec-2] org.hibernate.SQL                        : select i1_0.pedido_id,i1_0.id,i1_0.jogo_id,j1_0.id,j1_0.categoria,j1_0.nome,j1_0.plataforma,j1_0.preco,i1_0.quantidade from itens_pedido i1_0 left join jogos j1_0 on j1_0.id=i1_0.jogo_id where i1_0.pedido_id=?
Hibernate: select i1_0.pedido_id,i1_0.id,i1_0.jogo_id,j1_0.id,j1_0.categoria,j1_0.nome,j1_0.plataforma,j1_0.preco,i1_0.quantidade from itens_pedido i1_0 left join jogos j1_0 on j1_0.id=i1_0.jogo_id where i1_0.pedido_id=?
2026-06-30T17:47:44.579-03:00 DEBUG 18924 --- [loja-jogos-api] [nio-8080-exec-2] org.hibernate.SQL                        : select i1_0.pedido_id,i1_0.id,i1_0.jogo_id,j1_0.id,j1_0.categoria,j1_0.nome,j1_0.plataforma,j1_0.preco,i1_0.quantidade from itens_pedido i1_0 left join jogos j1_0 on j1_0.id=i1_0.jogo_id where i1_0.pedido_id=?
Hibernate: select i1_0.pedido_id,i1_0.id,i1_0.jogo_id,j1_0.id,j1_0.categoria,j1_0.nome,j1_0.plataforma,j1_0.preco,i1_0.quantidade from itens_pedido i1_0 left join jogos j1_0 on j1_0.id=i1_0.jogo_id where i1_0.pedido_id=?
2026-06-30T17:47:44.582-03:00 DEBUG 18924 --- [loja-jogos-api] [nio-8080-exec-2] org.hibernate.SQL                        : select i1_0.pedido_id,i1_0.id,i1_0.jogo_id,j1_0.id,j1_0.categoria,j1_0.nome,j1_0.plataforma,j1_0.preco,i1_0.quantidade from itens_pedido i1_0 left join jogos j1_0 on j1_0.id=i1_0.jogo_id where i1_0.pedido_id=?
Hibernate: select i1_0.pedido_id,i1_0.id,i1_0.jogo_id,j1_0.id,j1_0.categoria,j1_0.nome,j1_0.plataforma,j1_0.preco,i1_0.quantidade from itens_pedido i1_0 left join jogos j1_0 on j1_0.id=i1_0.jogo_id where i1_0.pedido_id=?
2026-06-30T17:47:44.584-03:00 DEBUG 18924 --- [loja-jogos-api] [nio-8080-exec-2] org.hibernate.SQL                        : select i1_0.pedido_id,i1_0.id,i1_0.jogo_id,j1_0.id,j1_0.categoria,j1_0.nome,j1_0.plataforma,j1_0.preco,i1_0.quantidade from itens_pedido i1_0 left join jogos j1_0 on j1_0.id=i1_0.jogo_id where i1_0.pedido_id=?
Hibernate: select i1_0.pedido_id,i1_0.id,i1_0.jogo_id,j1_0.id,j1_0.categoria,j1_0.nome,j1_0.plataforma,j1_0.preco,i1_0.quantidade from itens_pedido i1_0 left join jogos j1_0 on j1_0.id=i1_0.jogo_id where i1_0.pedido_id=?
2026-06-30T17:47:44.588-03:00 DEBUG 18924 --- [loja-jogos-api] [nio-8080-exec-2] o.s.w.s.m.m.a.HttpEntityMethodProcessor  : Using 'application/json', given [application/json, text/plain, */*] and supported [application/json, application/*+json]
2026-06-30T17:47:44.591-03:00 DEBUG 18924 --- [loja-jogos-api] [nio-8080-exec-2] o.s.w.s.m.m.a.HttpEntityMethodProcessor  : Writing [[PedidoResponseDTO[id=1, cliente=ClienteResponseDTO[id=1, nome=Teste CORS, email=teste.cors.17828478 (truncated)...]
2026-06-30T17:47:44.594-03:00 DEBUG 18924 --- [loja-jogos-api] [nio-8080-exec-2] o.s.web.servlet.DispatcherServlet        : Completed 200 OK
2026-06-30T17:47:51.702-03:00 DEBUG 18924 --- [loja-jogos-api] [nio-8080-exec-1] o.s.web.servlet.DispatcherServlet        : PUT "/pedidos/8/analise", parameters={}
2026-06-30T17:47:51.715-03:00 DEBUG 18924 --- [loja-jogos-api] [nio-8080-exec-1] s.w.s.m.m.a.RequestMappingHandlerMapping : Mapped to com.lojajogos.controller.PedidoController#atualizarAnalise(Long, AnaliseRequestDTO)
2026-06-30T17:47:51.946-03:00 DEBUG 18924 --- [loja-jogos-api] [nio-8080-exec-1] m.m.a.RequestResponseBodyMethodProcessor : Read "application/json;charset=UTF-8" to [AnaliseRequestDTO[perfilCliente=Um jogador versátil que aprecia tanto desafios épicos de RPG quanto  (truncated)...]
2026-06-30T17:47:52.003-03:00 DEBUG 18924 --- [loja-jogos-api] [nio-8080-exec-1] org.hibernate.SQL                        : select p1_0.id,p1_0.cliente_id,c1_0.id,c1_0.bairro,c1_0.cep,c1_0.cidade,c1_0.email,c1_0.nome,c1_0.numero,c1_0.pais,c1_0.rua,c1_0.senha,c1_0.telefone,p1_0.cupom_desconto,p1_0.data_pedido,p1_0.mensagemia,p1_0.perfil_cliente,p1_0.recomendacoes,p1_0.status_pedido,p1_0.valor_total from pedidos p1_0 join clientes c1_0 on c1_0.id=p1_0.cliente_id where p1_0.id=?
Hibernate: select p1_0.id,p1_0.cliente_id,c1_0.id,c1_0.bairro,c1_0.cep,c1_0.cidade,c1_0.email,c1_0.nome,c1_0.numero,c1_0.pais,c1_0.rua,c1_0.senha,c1_0.telefone,p1_0.cupom_desconto,p1_0.data_pedido,p1_0.mensagemia,p1_0.perfil_cliente,p1_0.recomendacoes,p1_0.status_pedido,p1_0.valor_total from pedidos p1_0 join clientes c1_0 on c1_0.id=p1_0.cliente_id where p1_0.id=?
2026-06-30T17:47:52.148-03:00 DEBUG 18924 --- [loja-jogos-api] [nio-8080-exec-1] org.hibernate.SQL                        : select i1_0.pedido_id,i1_0.id,i1_0.jogo_id,j1_0.id,j1_0.categoria,j1_0.nome,j1_0.plataforma,j1_0.preco,i1_0.quantidade from itens_pedido i1_0 left join jogos j1_0 on j1_0.id=i1_0.jogo_id where i1_0.pedido_id=?
Hibernate: select i1_0.pedido_id,i1_0.id,i1_0.jogo_id,j1_0.id,j1_0.categoria,j1_0.nome,j1_0.plataforma,j1_0.preco,i1_0.quantidade from itens_pedido i1_0 left join jogos j1_0 on j1_0.id=i1_0.jogo_id where i1_0.pedido_id=?
2026-06-30T17:47:52.325-03:00 DEBUG 18924 --- [loja-jogos-api] [nio-8080-exec-1] org.hibernate.SQL                        : update pedidos set cliente_id=?,cupom_desconto=?,data_pedido=?,mensagemia=?,perfil_cliente=?,recomendacoes=?,status_pedido=?,valor_total=? where id=?
Hibernate: update pedidos set cliente_id=?,cupom_desconto=?,data_pedido=?,mensagemia=?,perfil_cliente=?,recomendacoes=?,status_pedido=?,valor_total=? where id=?
2026-06-30T17:47:52.387-03:00 DEBUG 18924 --- [loja-jogos-api] [nio-8080-exec-1] o.s.w.s.m.m.a.HttpEntityMethodProcessor  : Using 'application/json', given [application/json, text/html, application/xhtml+xml, application/xml, text/*;q=0.9, image/*;q=0.8, */*;q=0.7] and supported [application/json, application/*+json]
2026-06-30T17:47:52.388-03:00 DEBUG 18924 --- [loja-jogos-api] [nio-8080-exec-1] o.s.w.s.m.m.a.HttpEntityMethodProcessor  : Writing [PedidoResponseDTO[id=8, cliente=ClienteResponseDTO[id=2, nome=kaguya , email=pedropositivoone@gmail. (truncated)...]
2026-06-30T17:47:52.389-03:00 DEBUG 18924 --- [loja-jogos-api] [nio-8080-exec-1] o.s.web.servlet.DispatcherServlet        : Completed 200 OK
2026-06-30T17:48:04.914-03:00 DEBUG 18924 --- [loja-jogos-api] [nio-8080-exec-4] o.s.web.servlet.DispatcherServlet        : GET "/pedidos", parameters={}
2026-06-30T17:48:04.927-03:00 DEBUG 18924 --- [loja-jogos-api] [nio-8080-exec-4] s.w.s.m.m.a.RequestMappingHandlerMapping : Mapped to com.lojajogos.controller.PedidoController#listarTodos()
2026-06-30T17:48:04.937-03:00 DEBUG 18924 --- [loja-jogos-api] [nio-8080-exec-4] org.hibernate.SQL                        : select p1_0.id,p1_0.cliente_id,p1_0.cupom_desconto,p1_0.data_pedido,p1_0.mensagemia,p1_0.perfil_cliente,p1_0.recomendacoes,p1_0.status_pedido,p1_0.valor_total from pedidos p1_0
Hibernate: select p1_0.id,p1_0.cliente_id,p1_0.cupom_desconto,p1_0.data_pedido,p1_0.mensagemia,p1_0.perfil_cliente,p1_0.recomendacoes,p1_0.status_pedido,p1_0.valor_total from pedidos p1_0
2026-06-30T17:48:04.939-03:00 DEBUG 18924 --- [loja-jogos-api] [nio-8080-exec-4] org.hibernate.SQL                        : select c1_0.id,c1_0.bairro,c1_0.cep,c1_0.cidade,c1_0.email,c1_0.nome,c1_0.numero,c1_0.pais,c1_0.rua,c1_0.senha,c1_0.telefone from clientes c1_0 where c1_0.id=?
Hibernate: select c1_0.id,c1_0.bairro,c1_0.cep,c1_0.cidade,c1_0.email,c1_0.nome,c1_0.numero,c1_0.pais,c1_0.rua,c1_0.senha,c1_0.telefone from clientes c1_0 where c1_0.id=?
2026-06-30T17:48:04.941-03:00 DEBUG 18924 --- [loja-jogos-api] [nio-8080-exec-4] org.hibernate.SQL                        : select c1_0.id,c1_0.bairro,c1_0.cep,c1_0.cidade,c1_0.email,c1_0.nome,c1_0.numero,c1_0.pais,c1_0.rua,c1_0.senha,c1_0.telefone from clientes c1_0 where c1_0.id=?
Hibernate: select c1_0.id,c1_0.bairro,c1_0.cep,c1_0.cidade,c1_0.email,c1_0.nome,c1_0.numero,c1_0.pais,c1_0.rua,c1_0.senha,c1_0.telefone from clientes c1_0 where c1_0.id=?
2026-06-30T17:48:04.945-03:00 DEBUG 18924 --- [loja-jogos-api] [nio-8080-exec-4] org.hibernate.SQL                        : select c1_0.id,c1_0.bairro,c1_0.cep,c1_0.cidade,c1_0.email,c1_0.nome,c1_0.numero,c1_0.pais,c1_0.rua,c1_0.senha,c1_0.telefone from clientes c1_0 where c1_0.id=?
Hibernate: select c1_0.id,c1_0.bairro,c1_0.cep,c1_0.cidade,c1_0.email,c1_0.nome,c1_0.numero,c1_0.pais,c1_0.rua,c1_0.senha,c1_0.telefone from clientes c1_0 where c1_0.id=?
2026-06-30T17:48:04.946-03:00 DEBUG 18924 --- [loja-jogos-api] [nio-8080-exec-4] org.hibernate.SQL                        : select i1_0.pedido_id,i1_0.id,i1_0.jogo_id,j1_0.id,j1_0.categoria,j1_0.nome,j1_0.plataforma,j1_0.preco,i1_0.quantidade from itens_pedido i1_0 left join jogos j1_0 on j1_0.id=i1_0.jogo_id where i1_0.pedido_id=?
Hibernate: select i1_0.pedido_id,i1_0.id,i1_0.jogo_id,j1_0.id,j1_0.categoria,j1_0.nome,j1_0.plataforma,j1_0.preco,i1_0.quantidade from itens_pedido i1_0 left join jogos j1_0 on j1_0.id=i1_0.jogo_id where i1_0.pedido_id=?
2026-06-30T17:48:04.948-03:00 DEBUG 18924 --- [loja-jogos-api] [nio-8080-exec-4] org.hibernate.SQL                        : select i1_0.pedido_id,i1_0.id,i1_0.jogo_id,j1_0.id,j1_0.categoria,j1_0.nome,j1_0.plataforma,j1_0.preco,i1_0.quantidade from itens_pedido i1_0 left join jogos j1_0 on j1_0.id=i1_0.jogo_id where i1_0.pedido_id=?
Hibernate: select i1_0.pedido_id,i1_0.id,i1_0.jogo_id,j1_0.id,j1_0.categoria,j1_0.nome,j1_0.plataforma,j1_0.preco,i1_0.quantidade from itens_pedido i1_0 left join jogos j1_0 on j1_0.id=i1_0.jogo_id where i1_0.pedido_id=?
2026-06-30T17:48:04.951-03:00 DEBUG 18924 --- [loja-jogos-api] [nio-8080-exec-4] org.hibernate.SQL                        : select i1_0.pedido_id,i1_0.id,i1_0.jogo_id,j1_0.id,j1_0.categoria,j1_0.nome,j1_0.plataforma,j1_0.preco,i1_0.quantidade from itens_pedido i1_0 left join jogos j1_0 on j1_0.id=i1_0.jogo_id where i1_0.pedido_id=?
Hibernate: select i1_0.pedido_id,i1_0.id,i1_0.jogo_id,j1_0.id,j1_0.categoria,j1_0.nome,j1_0.plataforma,j1_0.preco,i1_0.quantidade from itens_pedido i1_0 left join jogos j1_0 on j1_0.id=i1_0.jogo_id where i1_0.pedido_id=?
2026-06-30T17:48:04.954-03:00 DEBUG 18924 --- [loja-jogos-api] [nio-8080-exec-4] org.hibernate.SQL                        : select i1_0.pedido_id,i1_0.id,i1_0.jogo_id,j1_0.id,j1_0.categoria,j1_0.nome,j1_0.plataforma,j1_0.preco,i1_0.quantidade from itens_pedido i1_0 left join jogos j1_0 on j1_0.id=i1_0.jogo_id where i1_0.pedido_id=?
Hibernate: select i1_0.pedido_id,i1_0.id,i1_0.jogo_id,j1_0.id,j1_0.categoria,j1_0.nome,j1_0.plataforma,j1_0.preco,i1_0.quantidade from itens_pedido i1_0 left join jogos j1_0 on j1_0.id=i1_0.jogo_id where i1_0.pedido_id=?
2026-06-30T17:48:04.957-03:00 DEBUG 18924 --- [loja-jogos-api] [nio-8080-exec-4] org.hibernate.SQL                        : select i1_0.pedido_id,i1_0.id,i1_0.jogo_id,j1_0.id,j1_0.categoria,j1_0.nome,j1_0.plataforma,j1_0.preco,i1_0.quantidade from itens_pedido i1_0 left join jogos j1_0 on j1_0.id=i1_0.jogo_id where i1_0.pedido_id=?
Hibernate: select i1_0.pedido_id,i1_0.id,i1_0.jogo_id,j1_0.id,j1_0.categoria,j1_0.nome,j1_0.plataforma,j1_0.preco,i1_0.quantidade from itens_pedido i1_0 left join jogos j1_0 on j1_0.id=i1_0.jogo_id where i1_0.pedido_id=?
2026-06-30T17:48:04.961-03:00 DEBUG 18924 --- [loja-jogos-api] [nio-8080-exec-4] org.hibernate.SQL                        : select i1_0.pedido_id,i1_0.id,i1_0.jogo_id,j1_0.id,j1_0.categoria,j1_0.nome,j1_0.plataforma,j1_0.preco,i1_0.quantidade from itens_pedido i1_0 left join jogos j1_0 on j1_0.id=i1_0.jogo_id where i1_0.pedido_id=?
Hibernate: select i1_0.pedido_id,i1_0.id,i1_0.jogo_id,j1_0.id,j1_0.categoria,j1_0.nome,j1_0.plataforma,j1_0.preco,i1_0.quantidade from itens_pedido i1_0 left join jogos j1_0 on j1_0.id=i1_0.jogo_id where i1_0.pedido_id=?
2026-06-30T17:48:04.962-03:00 DEBUG 18924 --- [loja-jogos-api] [nio-8080-exec-4] org.hibernate.SQL                        : select i1_0.pedido_id,i1_0.id,i1_0.jogo_id,j1_0.id,j1_0.categoria,j1_0.nome,j1_0.plataforma,j1_0.preco,i1_0.quantidade from itens_pedido i1_0 left join jogos j1_0 on j1_0.id=i1_0.jogo_id where i1_0.pedido_id=?
Hibernate: select i1_0.pedido_id,i1_0.id,i1_0.jogo_id,j1_0.id,j1_0.categoria,j1_0.nome,j1_0.plataforma,j1_0.preco,i1_0.quantidade from itens_pedido i1_0 left join jogos j1_0 on j1_0.id=i1_0.jogo_id where i1_0.pedido_id=?
2026-06-30T17:48:04.963-03:00 DEBUG 18924 --- [loja-jogos-api] [nio-8080-exec-4] org.hibernate.SQL                        : select i1_0.pedido_id,i1_0.id,i1_0.jogo_id,j1_0.id,j1_0.categoria,j1_0.nome,j1_0.plataforma,j1_0.preco,i1_0.quantidade from itens_pedido i1_0 left join jogos j1_0 on j1_0.id=i1_0.jogo_id where i1_0.pedido_id=?
Hibernate: select i1_0.pedido_id,i1_0.id,i1_0.jogo_id,j1_0.id,j1_0.categoria,j1_0.nome,j1_0.plataforma,j1_0.preco,i1_0.quantidade from itens_pedido i1_0 left join jogos j1_0 on j1_0.id=i1_0.jogo_id where i1_0.pedido_id=?
2026-06-30T17:48:04.966-03:00 DEBUG 18924 --- [loja-jogos-api] [nio-8080-exec-4] o.s.w.s.m.m.a.HttpEntityMethodProcessor  : Using 'application/json', given [application/json, text/plain, */*] and supported [application/json, application/*+json]
2026-06-30T17:48:04.967-03:00 DEBUG 18924 --- [loja-jogos-api] [nio-8080-exec-4] o.s.w.s.m.m.a.HttpEntityMethodProcessor  : Writing [[PedidoResponseDTO[id=1, cliente=ClienteResponseDTO[id=1, nome=Teste CORS, email=teste.cors.17828478 (truncated)...]
2026-06-30T17:48:04.970-03:00 DEBUG 18924 --- [loja-jogos-api] [nio-8080-exec-4] o.s.web.servlet.DispatcherServlet        : Completed 200 OK
2026-06-30T17:48:04.977-03:00 DEBUG 18924 --- [loja-jogos-api] [nio-8080-exec-8] o.s.web.servlet.DispatcherServlet        : GET "/pedidos", parameters={}
2026-06-30T17:48:04.978-03:00 DEBUG 18924 --- [loja-jogos-api] [nio-8080-exec-8] s.w.s.m.m.a.RequestMappingHandlerMapping : Mapped to com.lojajogos.controller.PedidoController#listarTodos()
2026-06-30T17:48:04.981-03:00 DEBUG 18924 --- [loja-jogos-api] [nio-8080-exec-8] org.hibernate.SQL                        : select p1_0.id,p1_0.cliente_id,p1_0.cupom_desconto,p1_0.data_pedido,p1_0.mensagemia,p1_0.perfil_cliente,p1_0.recomendacoes,p1_0.status_pedido,p1_0.valor_total from pedidos p1_0
Hibernate: select p1_0.id,p1_0.cliente_id,p1_0.cupom_desconto,p1_0.data_pedido,p1_0.mensagemia,p1_0.perfil_cliente,p1_0.recomendacoes,p1_0.status_pedido,p1_0.valor_total from pedidos p1_0
2026-06-30T17:48:04.982-03:00 DEBUG 18924 --- [loja-jogos-api] [nio-8080-exec-8] org.hibernate.SQL                        : select c1_0.id,c1_0.bairro,c1_0.cep,c1_0.cidade,c1_0.email,c1_0.nome,c1_0.numero,c1_0.pais,c1_0.rua,c1_0.senha,c1_0.telefone from clientes c1_0 where c1_0.id=?
Hibernate: select c1_0.id,c1_0.bairro,c1_0.cep,c1_0.cidade,c1_0.email,c1_0.nome,c1_0.numero,c1_0.pais,c1_0.rua,c1_0.senha,c1_0.telefone from clientes c1_0 where c1_0.id=?
2026-06-30T17:48:04.985-03:00 DEBUG 18924 --- [loja-jogos-api] [nio-8080-exec-8] org.hibernate.SQL                        : select c1_0.id,c1_0.bairro,c1_0.cep,c1_0.cidade,c1_0.email,c1_0.nome,c1_0.numero,c1_0.pais,c1_0.rua,c1_0.senha,c1_0.telefone from clientes c1_0 where c1_0.id=?
Hibernate: select c1_0.id,c1_0.bairro,c1_0.cep,c1_0.cidade,c1_0.email,c1_0.nome,c1_0.numero,c1_0.pais,c1_0.rua,c1_0.senha,c1_0.telefone from clientes c1_0 where c1_0.id=?
2026-06-30T17:48:04.987-03:00 DEBUG 18924 --- [loja-jogos-api] [nio-8080-exec-8] org.hibernate.SQL                        : select c1_0.id,c1_0.bairro,c1_0.cep,c1_0.cidade,c1_0.email,c1_0.nome,c1_0.numero,c1_0.pais,c1_0.rua,c1_0.senha,c1_0.telefone from clientes c1_0 where c1_0.id=?
Hibernate: select c1_0.id,c1_0.bairro,c1_0.cep,c1_0.cidade,c1_0.email,c1_0.nome,c1_0.numero,c1_0.pais,c1_0.rua,c1_0.senha,c1_0.telefone from clientes c1_0 where c1_0.id=?
2026-06-30T17:48:04.989-03:00 DEBUG 18924 --- [loja-jogos-api] [nio-8080-exec-8] org.hibernate.SQL                        : select i1_0.pedido_id,i1_0.id,i1_0.jogo_id,j1_0.id,j1_0.categoria,j1_0.nome,j1_0.plataforma,j1_0.preco,i1_0.quantidade from itens_pedido i1_0 left join jogos j1_0 on j1_0.id=i1_0.jogo_id where i1_0.pedido_id=?
Hibernate: select i1_0.pedido_id,i1_0.id,i1_0.jogo_id,j1_0.id,j1_0.categoria,j1_0.nome,j1_0.plataforma,j1_0.preco,i1_0.quantidade from itens_pedido i1_0 left join jogos j1_0 on j1_0.id=i1_0.jogo_id where i1_0.pedido_id=?
2026-06-30T17:48:04.990-03:00 DEBUG 18924 --- [loja-jogos-api] [nio-8080-exec-8] org.hibernate.SQL                        : select i1_0.pedido_id,i1_0.id,i1_0.jogo_id,j1_0.id,j1_0.categoria,j1_0.nome,j1_0.plataforma,j1_0.preco,i1_0.quantidade from itens_pedido i1_0 left join jogos j1_0 on j1_0.id=i1_0.jogo_id where i1_0.pedido_id=?
Hibernate: select i1_0.pedido_id,i1_0.id,i1_0.jogo_id,j1_0.id,j1_0.categoria,j1_0.nome,j1_0.plataforma,j1_0.preco,i1_0.quantidade from itens_pedido i1_0 left join jogos j1_0 on j1_0.id=i1_0.jogo_id where i1_0.pedido_id=?
2026-06-30T17:48:04.992-03:00 DEBUG 18924 --- [loja-jogos-api] [nio-8080-exec-8] org.hibernate.SQL                        : select i1_0.pedido_id,i1_0.id,i1_0.jogo_id,j1_0.id,j1_0.categoria,j1_0.nome,j1_0.plataforma,j1_0.preco,i1_0.quantidade from itens_pedido i1_0 left join jogos j1_0 on j1_0.id=i1_0.jogo_id where i1_0.pedido_id=?
Hibernate: select i1_0.pedido_id,i1_0.id,i1_0.jogo_id,j1_0.id,j1_0.categoria,j1_0.nome,j1_0.plataforma,j1_0.preco,i1_0.quantidade from itens_pedido i1_0 left join jogos j1_0 on j1_0.id=i1_0.jogo_id where i1_0.pedido_id=?
2026-06-30T17:48:04.993-03:00 DEBUG 18924 --- [loja-jogos-api] [nio-8080-exec-8] org.hibernate.SQL                        : select i1_0.pedido_id,i1_0.id,i1_0.jogo_id,j1_0.id,j1_0.categoria,j1_0.nome,j1_0.plataforma,j1_0.preco,i1_0.quantidade from itens_pedido i1_0 left join jogos j1_0 on j1_0.id=i1_0.jogo_id where i1_0.pedido_id=?
Hibernate: select i1_0.pedido_id,i1_0.id,i1_0.jogo_id,j1_0.id,j1_0.categoria,j1_0.nome,j1_0.plataforma,j1_0.preco,i1_0.quantidade from itens_pedido i1_0 left join jogos j1_0 on j1_0.id=i1_0.jogo_id where i1_0.pedido_id=?
2026-06-30T17:48:04.995-03:00 DEBUG 18924 --- [loja-jogos-api] [nio-8080-exec-8] org.hibernate.SQL                        : select i1_0.pedido_id,i1_0.id,i1_0.jogo_id,j1_0.id,j1_0.categoria,j1_0.nome,j1_0.plataforma,j1_0.preco,i1_0.quantidade from itens_pedido i1_0 left join jogos j1_0 on j1_0.id=i1_0.jogo_id where i1_0.pedido_id=?
Hibernate: select i1_0.pedido_id,i1_0.id,i1_0.jogo_id,j1_0.id,j1_0.categoria,j1_0.nome,j1_0.plataforma,j1_0.preco,i1_0.quantidade from itens_pedido i1_0 left join jogos j1_0 on j1_0.id=i1_0.jogo_id where i1_0.pedido_id=?
2026-06-30T17:48:04.995-03:00 DEBUG 18924 --- [loja-jogos-api] [nio-8080-exec-8] org.hibernate.SQL                        : select i1_0.pedido_id,i1_0.id,i1_0.jogo_id,j1_0.id,j1_0.categoria,j1_0.nome,j1_0.plataforma,j1_0.preco,i1_0.quantidade from itens_pedido i1_0 left join jogos j1_0 on j1_0.id=i1_0.jogo_id where i1_0.pedido_id=?
Hibernate: select i1_0.pedido_id,i1_0.id,i1_0.jogo_id,j1_0.id,j1_0.categoria,j1_0.nome,j1_0.plataforma,j1_0.preco,i1_0.quantidade from itens_pedido i1_0 left join jogos j1_0 on j1_0.id=i1_0.jogo_id where i1_0.pedido_id=?
2026-06-30T17:48:04.996-03:00 DEBUG 18924 --- [loja-jogos-api] [nio-8080-exec-8] org.hibernate.SQL                        : select i1_0.pedido_id,i1_0.id,i1_0.jogo_id,j1_0.id,j1_0.categoria,j1_0.nome,j1_0.plataforma,j1_0.preco,i1_0.quantidade from itens_pedido i1_0 left join jogos j1_0 on j1_0.id=i1_0.jogo_id where i1_0.pedido_id=?
Hibernate: select i1_0.pedido_id,i1_0.id,i1_0.jogo_id,j1_0.id,j1_0.categoria,j1_0.nome,j1_0.plataforma,j1_0.preco,i1_0.quantidade from itens_pedido i1_0 left join jogos j1_0 on j1_0.id=i1_0.jogo_id where i1_0.pedido_id=?
2026-06-30T17:48:04.999-03:00 DEBUG 18924 --- [loja-jogos-api] [nio-8080-exec-8] org.hibernate.SQL                        : select i1_0.pedido_id,i1_0.id,i1_0.jogo_id,j1_0.id,j1_0.categoria,j1_0.nome,j1_0.plataforma,j1_0.preco,i1_0.quantidade from itens_pedido i1_0 left join jogos j1_0 on j1_0.id=i1_0.jogo_id where i1_0.pedido_id=?
Hibernate: select i1_0.pedido_id,i1_0.id,i1_0.jogo_id,j1_0.id,j1_0.categoria,j1_0.nome,j1_0.plataforma,j1_0.preco,i1_0.quantidade from itens_pedido i1_0 left join jogos j1_0 on j1_0.id=i1_0.jogo_id where i1_0.pedido_id=?
2026-06-30T17:48:05.001-03:00 DEBUG 18924 --- [loja-jogos-api] [nio-8080-exec-8] o.s.w.s.m.m.a.HttpEntityMethodProcessor  : Using 'application/json', given [application/json, text/plain, */*] and supported [application/json, application/*+json]
2026-06-30T17:48:05.002-03:00 DEBUG 18924 --- [loja-jogos-api] [nio-8080-exec-8] o.s.w.s.m.m.a.HttpEntityMethodProcessor  : Writing [[PedidoResponseDTO[id=1, cliente=ClienteResponseDTO[id=1, nome=Teste CORS, email=teste.cors.17828478 (truncated)...]
2026-06-30T17:48:05.004-03:00 DEBUG 18924 --- [loja-jogos-api] [nio-8080-exec-8] o.s.web.servlet.DispatcherServlet        : Completed 200 OK
2026-06-30T17:48:11.424-03:00 DEBUG 18924 --- [loja-jogos-api] [io-8080-exec-10] o.s.web.servlet.DispatcherServlet        : GET "/pedidos", parameters={}
2026-06-30T17:48:11.425-03:00 DEBUG 18924 --- [loja-jogos-api] [io-8080-exec-10] s.w.s.m.m.a.RequestMappingHandlerMapping : Mapped to com.lojajogos.controller.PedidoController#listarTodos()
2026-06-30T17:48:11.431-03:00 DEBUG 18924 --- [loja-jogos-api] [io-8080-exec-10] org.hibernate.SQL                        : select p1_0.id,p1_0.cliente_id,p1_0.cupom_desconto,p1_0.data_pedido,p1_0.mensagemia,p1_0.perfil_cliente,p1_0.recomendacoes,p1_0.status_pedido,p1_0.valor_total from pedidos p1_0
Hibernate: select p1_0.id,p1_0.cliente_id,p1_0.cupom_desconto,p1_0.data_pedido,p1_0.mensagemia,p1_0.perfil_cliente,p1_0.recomendacoes,p1_0.status_pedido,p1_0.valor_total from pedidos p1_0
2026-06-30T17:48:11.435-03:00 DEBUG 18924 --- [loja-jogos-api] [io-8080-exec-10] org.hibernate.SQL                        : select c1_0.id,c1_0.bairro,c1_0.cep,c1_0.cidade,c1_0.email,c1_0.nome,c1_0.numero,c1_0.pais,c1_0.rua,c1_0.senha,c1_0.telefone from clientes c1_0 where c1_0.id=?
Hibernate: select c1_0.id,c1_0.bairro,c1_0.cep,c1_0.cidade,c1_0.email,c1_0.nome,c1_0.numero,c1_0.pais,c1_0.rua,c1_0.senha,c1_0.telefone from clientes c1_0 where c1_0.id=?
2026-06-30T17:48:11.437-03:00 DEBUG 18924 --- [loja-jogos-api] [io-8080-exec-10] org.hibernate.SQL                        : select c1_0.id,c1_0.bairro,c1_0.cep,c1_0.cidade,c1_0.email,c1_0.nome,c1_0.numero,c1_0.pais,c1_0.rua,c1_0.senha,c1_0.telefone from clientes c1_0 where c1_0.id=?
Hibernate: select c1_0.id,c1_0.bairro,c1_0.cep,c1_0.cidade,c1_0.email,c1_0.nome,c1_0.numero,c1_0.pais,c1_0.rua,c1_0.senha,c1_0.telefone from clientes c1_0 where c1_0.id=?
2026-06-30T17:48:11.439-03:00 DEBUG 18924 --- [loja-jogos-api] [io-8080-exec-10] org.hibernate.SQL                        : select c1_0.id,c1_0.bairro,c1_0.cep,c1_0.cidade,c1_0.email,c1_0.nome,c1_0.numero,c1_0.pais,c1_0.rua,c1_0.senha,c1_0.telefone from clientes c1_0 where c1_0.id=?
Hibernate: select c1_0.id,c1_0.bairro,c1_0.cep,c1_0.cidade,c1_0.email,c1_0.nome,c1_0.numero,c1_0.pais,c1_0.rua,c1_0.senha,c1_0.telefone from clientes c1_0 where c1_0.id=?
2026-06-30T17:48:11.440-03:00 DEBUG 18924 --- [loja-jogos-api] [io-8080-exec-10] org.hibernate.SQL                        : select i1_0.pedido_id,i1_0.id,i1_0.jogo_id,j1_0.id,j1_0.categoria,j1_0.nome,j1_0.plataforma,j1_0.preco,i1_0.quantidade from itens_pedido i1_0 left join jogos j1_0 on j1_0.id=i1_0.jogo_id where i1_0.pedido_id=?
Hibernate: select i1_0.pedido_id,i1_0.id,i1_0.jogo_id,j1_0.id,j1_0.categoria,j1_0.nome,j1_0.plataforma,j1_0.preco,i1_0.quantidade from itens_pedido i1_0 left join jogos j1_0 on j1_0.id=i1_0.jogo_id where i1_0.pedido_id=?
2026-06-30T17:48:11.443-03:00 DEBUG 18924 --- [loja-jogos-api] [io-8080-exec-10] org.hibernate.SQL                        : select i1_0.pedido_id,i1_0.id,i1_0.jogo_id,j1_0.id,j1_0.categoria,j1_0.nome,j1_0.plataforma,j1_0.preco,i1_0.quantidade from itens_pedido i1_0 left join jogos j1_0 on j1_0.id=i1_0.jogo_id where i1_0.pedido_id=?
Hibernate: select i1_0.pedido_id,i1_0.id,i1_0.jogo_id,j1_0.id,j1_0.categoria,j1_0.nome,j1_0.plataforma,j1_0.preco,i1_0.quantidade from itens_pedido i1_0 left join jogos j1_0 on j1_0.id=i1_0.jogo_id where i1_0.pedido_id=?
2026-06-30T17:48:11.447-03:00 DEBUG 18924 --- [loja-jogos-api] [io-8080-exec-10] org.hibernate.SQL                        : select i1_0.pedido_id,i1_0.id,i1_0.jogo_id,j1_0.id,j1_0.categoria,j1_0.nome,j1_0.plataforma,j1_0.preco,i1_0.quantidade from itens_pedido i1_0 left join jogos j1_0 on j1_0.id=i1_0.jogo_id where i1_0.pedido_id=?
Hibernate: select i1_0.pedido_id,i1_0.id,i1_0.jogo_id,j1_0.id,j1_0.categoria,j1_0.nome,j1_0.plataforma,j1_0.preco,i1_0.quantidade from itens_pedido i1_0 left join jogos j1_0 on j1_0.id=i1_0.jogo_id where i1_0.pedido_id=?
2026-06-30T17:48:11.449-03:00 DEBUG 18924 --- [loja-jogos-api] [io-8080-exec-10] org.hibernate.SQL                        : select i1_0.pedido_id,i1_0.id,i1_0.jogo_id,j1_0.id,j1_0.categoria,j1_0.nome,j1_0.plataforma,j1_0.preco,i1_0.quantidade from itens_pedido i1_0 left join jogos j1_0 on j1_0.id=i1_0.jogo_id where i1_0.pedido_id=?
Hibernate: select i1_0.pedido_id,i1_0.id,i1_0.jogo_id,j1_0.id,j1_0.categoria,j1_0.nome,j1_0.plataforma,j1_0.preco,i1_0.quantidade from itens_pedido i1_0 left join jogos j1_0 on j1_0.id=i1_0.jogo_id where i1_0.pedido_id=?
2026-06-30T17:48:11.451-03:00 DEBUG 18924 --- [loja-jogos-api] [io-8080-exec-10] org.hibernate.SQL                        : select i1_0.pedido_id,i1_0.id,i1_0.jogo_id,j1_0.id,j1_0.categoria,j1_0.nome,j1_0.plataforma,j1_0.preco,i1_0.quantidade from itens_pedido i1_0 left join jogos j1_0 on j1_0.id=i1_0.jogo_id where i1_0.pedido_id=?
Hibernate: select i1_0.pedido_id,i1_0.id,i1_0.jogo_id,j1_0.id,j1_0.categoria,j1_0.nome,j1_0.plataforma,j1_0.preco,i1_0.quantidade from itens_pedido i1_0 left join jogos j1_0 on j1_0.id=i1_0.jogo_id where i1_0.pedido_id=?
2026-06-30T17:48:11.452-03:00 DEBUG 18924 --- [loja-jogos-api] [io-8080-exec-10] org.hibernate.SQL                        : select i1_0.pedido_id,i1_0.id,i1_0.jogo_id,j1_0.id,j1_0.categoria,j1_0.nome,j1_0.plataforma,j1_0.preco,i1_0.quantidade from itens_pedido i1_0 left join jogos j1_0 on j1_0.id=i1_0.jogo_id where i1_0.pedido_id=?
Hibernate: select i1_0.pedido_id,i1_0.id,i1_0.jogo_id,j1_0.id,j1_0.categoria,j1_0.nome,j1_0.plataforma,j1_0.preco,i1_0.quantidade from itens_pedido i1_0 left join jogos j1_0 on j1_0.id=i1_0.jogo_id where i1_0.pedido_id=?
2026-06-30T17:48:11.453-03:00 DEBUG 18924 --- [loja-jogos-api] [io-8080-exec-10] org.hibernate.SQL                        : select i1_0.pedido_id,i1_0.id,i1_0.jogo_id,j1_0.id,j1_0.categoria,j1_0.nome,j1_0.plataforma,j1_0.preco,i1_0.quantidade from itens_pedido i1_0 left join jogos j1_0 on j1_0.id=i1_0.jogo_id where i1_0.pedido_id=?
Hibernate: select i1_0.pedido_id,i1_0.id,i1_0.jogo_id,j1_0.id,j1_0.categoria,j1_0.nome,j1_0.plataforma,j1_0.preco,i1_0.quantidade from itens_pedido i1_0 left join jogos j1_0 on j1_0.id=i1_0.jogo_id where i1_0.pedido_id=?
2026-06-30T17:48:11.453-03:00 DEBUG 18924 --- [loja-jogos-api] [io-8080-exec-10] org.hibernate.SQL                        : select i1_0.pedido_id,i1_0.id,i1_0.jogo_id,j1_0.id,j1_0.categoria,j1_0.nome,j1_0.plataforma,j1_0.preco,i1_0.quantidade from itens_pedido i1_0 left join jogos j1_0 on j1_0.id=i1_0.jogo_id where i1_0.pedido_id=?
Hibernate: select i1_0.pedido_id,i1_0.id,i1_0.jogo_id,j1_0.id,j1_0.categoria,j1_0.nome,j1_0.plataforma,j1_0.preco,i1_0.quantidade from itens_pedido i1_0 left join jogos j1_0 on j1_0.id=i1_0.jogo_id where i1_0.pedido_id=?
2026-06-30T17:48:11.455-03:00 DEBUG 18924 --- [loja-jogos-api] [io-8080-exec-10] o.s.w.s.m.m.a.HttpEntityMethodProcessor  : Using 'application/json', given [application/json, text/plain, */*] and supported [application/json, application/*+json]
2026-06-30T17:48:11.457-03:00 DEBUG 18924 --- [loja-jogos-api] [io-8080-exec-10] o.s.w.s.m.m.a.HttpEntityMethodProcessor  : Writing [[PedidoResponseDTO[id=1, cliente=ClienteResponseDTO[id=1, nome=Teste CORS, email=teste.cors.17828478 (truncated)...]
2026-06-30T17:48:11.459-03:00 DEBUG 18924 --- [loja-jogos-api] [io-8080-exec-10] o.s.web.servlet.DispatcherServlet        : Completed 200 OK
2026-06-30T17:48:11.471-03:00 DEBUG 18924 --- [loja-jogos-api] [nio-8080-exec-3] o.s.web.servlet.DispatcherServlet        : GET "/pedidos", parameters={}
2026-06-30T17:48:11.472-03:00 DEBUG 18924 --- [loja-jogos-api] [nio-8080-exec-3] s.w.s.m.m.a.RequestMappingHandlerMapping : Mapped to com.lojajogos.controller.PedidoController#listarTodos()
2026-06-30T17:48:11.474-03:00 DEBUG 18924 --- [loja-jogos-api] [nio-8080-exec-3] org.hibernate.SQL                        : select p1_0.id,p1_0.cliente_id,p1_0.cupom_desconto,p1_0.data_pedido,p1_0.mensagemia,p1_0.perfil_cliente,p1_0.recomendacoes,p1_0.status_pedido,p1_0.valor_total from pedidos p1_0
Hibernate: select p1_0.id,p1_0.cliente_id,p1_0.cupom_desconto,p1_0.data_pedido,p1_0.mensagemia,p1_0.perfil_cliente,p1_0.recomendacoes,p1_0.status_pedido,p1_0.valor_total from pedidos p1_0
2026-06-30T17:48:11.476-03:00 DEBUG 18924 --- [loja-jogos-api] [nio-8080-exec-3] org.hibernate.SQL                        : select c1_0.id,c1_0.bairro,c1_0.cep,c1_0.cidade,c1_0.email,c1_0.nome,c1_0.numero,c1_0.pais,c1_0.rua,c1_0.senha,c1_0.telefone from clientes c1_0 where c1_0.id=?
Hibernate: select c1_0.id,c1_0.bairro,c1_0.cep,c1_0.cidade,c1_0.email,c1_0.nome,c1_0.numero,c1_0.pais,c1_0.rua,c1_0.senha,c1_0.telefone from clientes c1_0 where c1_0.id=?
2026-06-30T17:48:11.477-03:00 DEBUG 18924 --- [loja-jogos-api] [nio-8080-exec-3] org.hibernate.SQL                        : select c1_0.id,c1_0.bairro,c1_0.cep,c1_0.cidade,c1_0.email,c1_0.nome,c1_0.numero,c1_0.pais,c1_0.rua,c1_0.senha,c1_0.telefone from clientes c1_0 where c1_0.id=?
Hibernate: select c1_0.id,c1_0.bairro,c1_0.cep,c1_0.cidade,c1_0.email,c1_0.nome,c1_0.numero,c1_0.pais,c1_0.rua,c1_0.senha,c1_0.telefone from clientes c1_0 where c1_0.id=?
2026-06-30T17:48:11.478-03:00 DEBUG 18924 --- [loja-jogos-api] [nio-8080-exec-3] org.hibernate.SQL                        : select c1_0.id,c1_0.bairro,c1_0.cep,c1_0.cidade,c1_0.email,c1_0.nome,c1_0.numero,c1_0.pais,c1_0.rua,c1_0.senha,c1_0.telefone from clientes c1_0 where c1_0.id=?
Hibernate: select c1_0.id,c1_0.bairro,c1_0.cep,c1_0.cidade,c1_0.email,c1_0.nome,c1_0.numero,c1_0.pais,c1_0.rua,c1_0.senha,c1_0.telefone from clientes c1_0 where c1_0.id=?
2026-06-30T17:48:11.480-03:00 DEBUG 18924 --- [loja-jogos-api] [nio-8080-exec-3] org.hibernate.SQL                        : select i1_0.pedido_id,i1_0.id,i1_0.jogo_id,j1_0.id,j1_0.categoria,j1_0.nome,j1_0.plataforma,j1_0.preco,i1_0.quantidade from itens_pedido i1_0 left join jogos j1_0 on j1_0.id=i1_0.jogo_id where i1_0.pedido_id=?
Hibernate: select i1_0.pedido_id,i1_0.id,i1_0.jogo_id,j1_0.id,j1_0.categoria,j1_0.nome,j1_0.plataforma,j1_0.preco,i1_0.quantidade from itens_pedido i1_0 left join jogos j1_0 on j1_0.id=i1_0.jogo_id where i1_0.pedido_id=?
2026-06-30T17:48:11.483-03:00 DEBUG 18924 --- [loja-jogos-api] [nio-8080-exec-3] org.hibernate.SQL                        : select i1_0.pedido_id,i1_0.id,i1_0.jogo_id,j1_0.id,j1_0.categoria,j1_0.nome,j1_0.plataforma,j1_0.preco,i1_0.quantidade from itens_pedido i1_0 left join jogos j1_0 on j1_0.id=i1_0.jogo_id where i1_0.pedido_id=?
Hibernate: select i1_0.pedido_id,i1_0.id,i1_0.jogo_id,j1_0.id,j1_0.categoria,j1_0.nome,j1_0.plataforma,j1_0.preco,i1_0.quantidade from itens_pedido i1_0 left join jogos j1_0 on j1_0.id=i1_0.jogo_id where i1_0.pedido_id=?
2026-06-30T17:48:11.484-03:00 DEBUG 18924 --- [loja-jogos-api] [nio-8080-exec-3] org.hibernate.SQL                        : select i1_0.pedido_id,i1_0.id,i1_0.jogo_id,j1_0.id,j1_0.categoria,j1_0.nome,j1_0.plataforma,j1_0.preco,i1_0.quantidade from itens_pedido i1_0 left join jogos j1_0 on j1_0.id=i1_0.jogo_id where i1_0.pedido_id=?
Hibernate: select i1_0.pedido_id,i1_0.id,i1_0.jogo_id,j1_0.id,j1_0.categoria,j1_0.nome,j1_0.plataforma,j1_0.preco,i1_0.quantidade from itens_pedido i1_0 left join jogos j1_0 on j1_0.id=i1_0.jogo_id where i1_0.pedido_id=?
2026-06-30T17:48:11.486-03:00 DEBUG 18924 --- [loja-jogos-api] [nio-8080-exec-3] org.hibernate.SQL                        : select i1_0.pedido_id,i1_0.id,i1_0.jogo_id,j1_0.id,j1_0.categoria,j1_0.nome,j1_0.plataforma,j1_0.preco,i1_0.quantidade from itens_pedido i1_0 left join jogos j1_0 on j1_0.id=i1_0.jogo_id where i1_0.pedido_id=?
Hibernate: select i1_0.pedido_id,i1_0.id,i1_0.jogo_id,j1_0.id,j1_0.categoria,j1_0.nome,j1_0.plataforma,j1_0.preco,i1_0.quantidade from itens_pedido i1_0 left join jogos j1_0 on j1_0.id=i1_0.jogo_id where i1_0.pedido_id=?
2026-06-30T17:48:11.487-03:00 DEBUG 18924 --- [loja-jogos-api] [nio-8080-exec-3] org.hibernate.SQL                        : select i1_0.pedido_id,i1_0.id,i1_0.jogo_id,j1_0.id,j1_0.categoria,j1_0.nome,j1_0.plataforma,j1_0.preco,i1_0.quantidade from itens_pedido i1_0 left join jogos j1_0 on j1_0.id=i1_0.jogo_id where i1_0.pedido_id=?
Hibernate: select i1_0.pedido_id,i1_0.id,i1_0.jogo_id,j1_0.id,j1_0.categoria,j1_0.nome,j1_0.plataforma,j1_0.preco,i1_0.quantidade from itens_pedido i1_0 left join jogos j1_0 on j1_0.id=i1_0.jogo_id where i1_0.pedido_id=?
2026-06-30T17:48:11.488-03:00 DEBUG 18924 --- [loja-jogos-api] [nio-8080-exec-3] org.hibernate.SQL                        : select i1_0.pedido_id,i1_0.id,i1_0.jogo_id,j1_0.id,j1_0.categoria,j1_0.nome,j1_0.plataforma,j1_0.preco,i1_0.quantidade from itens_pedido i1_0 left join jogos j1_0 on j1_0.id=i1_0.jogo_id where i1_0.pedido_id=?
Hibernate: select i1_0.pedido_id,i1_0.id,i1_0.jogo_id,j1_0.id,j1_0.categoria,j1_0.nome,j1_0.plataforma,j1_0.preco,i1_0.quantidade from itens_pedido i1_0 left join jogos j1_0 on j1_0.id=i1_0.jogo_id where i1_0.pedido_id=?
2026-06-30T17:48:11.492-03:00 DEBUG 18924 --- [loja-jogos-api] [nio-8080-exec-3] org.hibernate.SQL                        : select i1_0.pedido_id,i1_0.id,i1_0.jogo_id,j1_0.id,j1_0.categoria,j1_0.nome,j1_0.plataforma,j1_0.preco,i1_0.quantidade from itens_pedido i1_0 left join jogos j1_0 on j1_0.id=i1_0.jogo_id where i1_0.pedido_id=?
Hibernate: select i1_0.pedido_id,i1_0.id,i1_0.jogo_id,j1_0.id,j1_0.categoria,j1_0.nome,j1_0.plataforma,j1_0.preco,i1_0.quantidade from itens_pedido i1_0 left join jogos j1_0 on j1_0.id=i1_0.jogo_id where i1_0.pedido_id=?
2026-06-30T17:48:11.494-03:00 DEBUG 18924 --- [loja-jogos-api] [nio-8080-exec-3] org.hibernate.SQL                        : select i1_0.pedido_id,i1_0.id,i1_0.jogo_id,j1_0.id,j1_0.categoria,j1_0.nome,j1_0.plataforma,j1_0.preco,i1_0.quantidade from itens_pedido i1_0 left join jogos j1_0 on j1_0.id=i1_0.jogo_id where i1_0.pedido_id=?
Hibernate: select i1_0.pedido_id,i1_0.id,i1_0.jogo_id,j1_0.id,j1_0.categoria,j1_0.nome,j1_0.plataforma,j1_0.preco,i1_0.quantidade from itens_pedido i1_0 left join jogos j1_0 on j1_0.id=i1_0.jogo_id where i1_0.pedido_id=?
2026-06-30T17:48:11.497-03:00 DEBUG 18924 --- [loja-jogos-api] [nio-8080-exec-3] o.s.w.s.m.m.a.HttpEntityMethodProcessor  : Using 'application/json', given [application/json, text/plain, */*] and supported [application/json, application/*+json]
2026-06-30T17:48:11.499-03:00 DEBUG 18924 --- [loja-jogos-api] [nio-8080-exec-3] o.s.w.s.m.m.a.HttpEntityMethodProcessor  : Writing [[PedidoResponseDTO[id=1, cliente=ClienteResponseDTO[id=1, nome=Teste CORS, email=teste.cors.17828478 (truncated)...]
2026-06-30T17:48:11.502-03:00 DEBUG 18924 --- [loja-jogos-api] [nio-8080-exec-3] o.s.web.servlet.DispatcherServlet        : Completed 200 OK
2026-06-30T17:48:17.269-03:00 DEBUG 18924 --- [loja-jogos-api] [nio-8080-exec-7] o.s.web.servlet.DispatcherServlet        : GET "/pedidos", parameters={}
2026-06-30T17:48:17.269-03:00 DEBUG 18924 --- [loja-jogos-api] [nio-8080-exec-7] s.w.s.m.m.a.RequestMappingHandlerMapping : Mapped to com.lojajogos.controller.PedidoController#listarTodos()
2026-06-30T17:48:17.272-03:00 DEBUG 18924 --- [loja-jogos-api] [nio-8080-exec-7] org.hibernate.SQL                        : select p1_0.id,p1_0.cliente_id,p1_0.cupom_desconto,p1_0.data_pedido,p1_0.mensagemia,p1_0.perfil_cliente,p1_0.recomendacoes,p1_0.status_pedido,p1_0.valor_total from pedidos p1_0
Hibernate: select p1_0.id,p1_0.cliente_id,p1_0.cupom_desconto,p1_0.data_pedido,p1_0.mensagemia,p1_0.perfil_cliente,p1_0.recomendacoes,p1_0.status_pedido,p1_0.valor_total from pedidos p1_0
2026-06-30T17:48:17.275-03:00 DEBUG 18924 --- [loja-jogos-api] [nio-8080-exec-7] org.hibernate.SQL                        : select c1_0.id,c1_0.bairro,c1_0.cep,c1_0.cidade,c1_0.email,c1_0.nome,c1_0.numero,c1_0.pais,c1_0.rua,c1_0.senha,c1_0.telefone from clientes c1_0 where c1_0.id=?
Hibernate: select c1_0.id,c1_0.bairro,c1_0.cep,c1_0.cidade,c1_0.email,c1_0.nome,c1_0.numero,c1_0.pais,c1_0.rua,c1_0.senha,c1_0.telefone from clientes c1_0 where c1_0.id=?
2026-06-30T17:48:17.278-03:00 DEBUG 18924 --- [loja-jogos-api] [nio-8080-exec-7] org.hibernate.SQL                        : select c1_0.id,c1_0.bairro,c1_0.cep,c1_0.cidade,c1_0.email,c1_0.nome,c1_0.numero,c1_0.pais,c1_0.rua,c1_0.senha,c1_0.telefone from clientes c1_0 where c1_0.id=?
Hibernate: select c1_0.id,c1_0.bairro,c1_0.cep,c1_0.cidade,c1_0.email,c1_0.nome,c1_0.numero,c1_0.pais,c1_0.rua,c1_0.senha,c1_0.telefone from clientes c1_0 where c1_0.id=?
2026-06-30T17:48:17.279-03:00 DEBUG 18924 --- [loja-jogos-api] [nio-8080-exec-7] org.hibernate.SQL                        : select c1_0.id,c1_0.bairro,c1_0.cep,c1_0.cidade,c1_0.email,c1_0.nome,c1_0.numero,c1_0.pais,c1_0.rua,c1_0.senha,c1_0.telefone from clientes c1_0 where c1_0.id=?
Hibernate: select c1_0.id,c1_0.bairro,c1_0.cep,c1_0.cidade,c1_0.email,c1_0.nome,c1_0.numero,c1_0.pais,c1_0.rua,c1_0.senha,c1_0.telefone from clientes c1_0 where c1_0.id=?
2026-06-30T17:48:17.281-03:00 DEBUG 18924 --- [loja-jogos-api] [nio-8080-exec-7] org.hibernate.SQL                        : select i1_0.pedido_id,i1_0.id,i1_0.jogo_id,j1_0.id,j1_0.categoria,j1_0.nome,j1_0.plataforma,j1_0.preco,i1_0.quantidade from itens_pedido i1_0 left join jogos j1_0 on j1_0.id=i1_0.jogo_id where i1_0.pedido_id=?
Hibernate: select i1_0.pedido_id,i1_0.id,i1_0.jogo_id,j1_0.id,j1_0.categoria,j1_0.nome,j1_0.plataforma,j1_0.preco,i1_0.quantidade from itens_pedido i1_0 left join jogos j1_0 on j1_0.id=i1_0.jogo_id where i1_0.pedido_id=?
2026-06-30T17:48:17.282-03:00 DEBUG 18924 --- [loja-jogos-api] [nio-8080-exec-7] org.hibernate.SQL                        : select i1_0.pedido_id,i1_0.id,i1_0.jogo_id,j1_0.id,j1_0.categoria,j1_0.nome,j1_0.plataforma,j1_0.preco,i1_0.quantidade from itens_pedido i1_0 left join jogos j1_0 on j1_0.id=i1_0.jogo_id where i1_0.pedido_id=?
Hibernate: select i1_0.pedido_id,i1_0.id,i1_0.jogo_id,j1_0.id,j1_0.categoria,j1_0.nome,j1_0.plataforma,j1_0.preco,i1_0.quantidade from itens_pedido i1_0 left join jogos j1_0 on j1_0.id=i1_0.jogo_id where i1_0.pedido_id=?
2026-06-30T17:48:17.284-03:00 DEBUG 18924 --- [loja-jogos-api] [nio-8080-exec-7] org.hibernate.SQL                        : select i1_0.pedido_id,i1_0.id,i1_0.jogo_id,j1_0.id,j1_0.categoria,j1_0.nome,j1_0.plataforma,j1_0.preco,i1_0.quantidade from itens_pedido i1_0 left join jogos j1_0 on j1_0.id=i1_0.jogo_id where i1_0.pedido_id=?
Hibernate: select i1_0.pedido_id,i1_0.id,i1_0.jogo_id,j1_0.id,j1_0.categoria,j1_0.nome,j1_0.plataforma,j1_0.preco,i1_0.quantidade from itens_pedido i1_0 left join jogos j1_0 on j1_0.id=i1_0.jogo_id where i1_0.pedido_id=?
2026-06-30T17:48:17.285-03:00 DEBUG 18924 --- [loja-jogos-api] [nio-8080-exec-7] org.hibernate.SQL                        : select i1_0.pedido_id,i1_0.id,i1_0.jogo_id,j1_0.id,j1_0.categoria,j1_0.nome,j1_0.plataforma,j1_0.preco,i1_0.quantidade from itens_pedido i1_0 left join jogos j1_0 on j1_0.id=i1_0.jogo_id where i1_0.pedido_id=?
Hibernate: select i1_0.pedido_id,i1_0.id,i1_0.jogo_id,j1_0.id,j1_0.categoria,j1_0.nome,j1_0.plataforma,j1_0.preco,i1_0.quantidade from itens_pedido i1_0 left join jogos j1_0 on j1_0.id=i1_0.jogo_id where i1_0.pedido_id=?
2026-06-30T17:48:17.286-03:00 DEBUG 18924 --- [loja-jogos-api] [nio-8080-exec-7] org.hibernate.SQL                        : select i1_0.pedido_id,i1_0.id,i1_0.jogo_id,j1_0.id,j1_0.categoria,j1_0.nome,j1_0.plataforma,j1_0.preco,i1_0.quantidade from itens_pedido i1_0 left join jogos j1_0 on j1_0.id=i1_0.jogo_id where i1_0.pedido_id=?
Hibernate: select i1_0.pedido_id,i1_0.id,i1_0.jogo_id,j1_0.id,j1_0.categoria,j1_0.nome,j1_0.plataforma,j1_0.preco,i1_0.quantidade from itens_pedido i1_0 left join jogos j1_0 on j1_0.id=i1_0.jogo_id where i1_0.pedido_id=?
2026-06-30T17:48:17.288-03:00 DEBUG 18924 --- [loja-jogos-api] [nio-8080-exec-7] org.hibernate.SQL                        : select i1_0.pedido_id,i1_0.id,i1_0.jogo_id,j1_0.id,j1_0.categoria,j1_0.nome,j1_0.plataforma,j1_0.preco,i1_0.quantidade from itens_pedido i1_0 left join jogos j1_0 on j1_0.id=i1_0.jogo_id where i1_0.pedido_id=?
Hibernate: select i1_0.pedido_id,i1_0.id,i1_0.jogo_id,j1_0.id,j1_0.categoria,j1_0.nome,j1_0.plataforma,j1_0.preco,i1_0.quantidade from itens_pedido i1_0 left join jogos j1_0 on j1_0.id=i1_0.jogo_id where i1_0.pedido_id=?
2026-06-30T17:48:17.290-03:00 DEBUG 18924 --- [loja-jogos-api] [nio-8080-exec-7] org.hibernate.SQL                        : select i1_0.pedido_id,i1_0.id,i1_0.jogo_id,j1_0.id,j1_0.categoria,j1_0.nome,j1_0.plataforma,j1_0.preco,i1_0.quantidade from itens_pedido i1_0 left join jogos j1_0 on j1_0.id=i1_0.jogo_id where i1_0.pedido_id=?
Hibernate: select i1_0.pedido_id,i1_0.id,i1_0.jogo_id,j1_0.id,j1_0.categoria,j1_0.nome,j1_0.plataforma,j1_0.preco,i1_0.quantidade from itens_pedido i1_0 left join jogos j1_0 on j1_0.id=i1_0.jogo_id where i1_0.pedido_id=?
2026-06-30T17:48:17.291-03:00 DEBUG 18924 --- [loja-jogos-api] [nio-8080-exec-7] org.hibernate.SQL                        : select i1_0.pedido_id,i1_0.id,i1_0.jogo_id,j1_0.id,j1_0.categoria,j1_0.nome,j1_0.plataforma,j1_0.preco,i1_0.quantidade from itens_pedido i1_0 left join jogos j1_0 on j1_0.id=i1_0.jogo_id where i1_0.pedido_id=?
Hibernate: select i1_0.pedido_id,i1_0.id,i1_0.jogo_id,j1_0.id,j1_0.categoria,j1_0.nome,j1_0.plataforma,j1_0.preco,i1_0.quantidade from itens_pedido i1_0 left join jogos j1_0 on j1_0.id=i1_0.jogo_id where i1_0.pedido_id=?
2026-06-30T17:48:17.295-03:00 DEBUG 18924 --- [loja-jogos-api] [nio-8080-exec-7] o.s.w.s.m.m.a.HttpEntityMethodProcessor  : Using 'application/json', given [application/json, text/plain, */*] and supported [application/json, application/*+json]
2026-06-30T17:48:17.297-03:00 DEBUG 18924 --- [loja-jogos-api] [nio-8080-exec-7] o.s.w.s.m.m.a.HttpEntityMethodProcessor  : Writing [[PedidoResponseDTO[id=1, cliente=ClienteResponseDTO[id=1, nome=Teste CORS, email=teste.cors.17828478 (truncated)...]
2026-06-30T17:48:17.299-03:00 DEBUG 18924 --- [loja-jogos-api] [nio-8080-exec-7] o.s.web.servlet.DispatcherServlet        : Completed 200 OK
2026-06-30T17:48:17.308-03:00 DEBUG 18924 --- [loja-jogos-api] [nio-8080-exec-9] o.s.web.servlet.DispatcherServlet        : GET "/pedidos", parameters={}
2026-06-30T17:48:17.309-03:00 DEBUG 18924 --- [loja-jogos-api] [nio-8080-exec-9] s.w.s.m.m.a.RequestMappingHandlerMapping : Mapped to com.lojajogos.controller.PedidoController#listarTodos()
2026-06-30T17:48:17.314-03:00 DEBUG 18924 --- [loja-jogos-api] [nio-8080-exec-9] org.hibernate.SQL                        : select p1_0.id,p1_0.cliente_id,p1_0.cupom_desconto,p1_0.data_pedido,p1_0.mensagemia,p1_0.perfil_cliente,p1_0.recomendacoes,p1_0.status_pedido,p1_0.valor_total from pedidos p1_0
Hibernate: select p1_0.id,p1_0.cliente_id,p1_0.cupom_desconto,p1_0.data_pedido,p1_0.mensagemia,p1_0.perfil_cliente,p1_0.recomendacoes,p1_0.status_pedido,p1_0.valor_total from pedidos p1_0
2026-06-30T17:48:17.315-03:00 DEBUG 18924 --- [loja-jogos-api] [nio-8080-exec-9] org.hibernate.SQL                        : select c1_0.id,c1_0.bairro,c1_0.cep,c1_0.cidade,c1_0.email,c1_0.nome,c1_0.numero,c1_0.pais,c1_0.rua,c1_0.senha,c1_0.telefone from clientes c1_0 where c1_0.id=?
Hibernate: select c1_0.id,c1_0.bairro,c1_0.cep,c1_0.cidade,c1_0.email,c1_0.nome,c1_0.numero,c1_0.pais,c1_0.rua,c1_0.senha,c1_0.telefone from clientes c1_0 where c1_0.id=?
2026-06-30T17:48:17.317-03:00 DEBUG 18924 --- [loja-jogos-api] [nio-8080-exec-9] org.hibernate.SQL                        : select c1_0.id,c1_0.bairro,c1_0.cep,c1_0.cidade,c1_0.email,c1_0.nome,c1_0.numero,c1_0.pais,c1_0.rua,c1_0.senha,c1_0.telefone from clientes c1_0 where c1_0.id=?
Hibernate: select c1_0.id,c1_0.bairro,c1_0.cep,c1_0.cidade,c1_0.email,c1_0.nome,c1_0.numero,c1_0.pais,c1_0.rua,c1_0.senha,c1_0.telefone from clientes c1_0 where c1_0.id=?
2026-06-30T17:48:17.318-03:00 DEBUG 18924 --- [loja-jogos-api] [nio-8080-exec-9] org.hibernate.SQL                        : select c1_0.id,c1_0.bairro,c1_0.cep,c1_0.cidade,c1_0.email,c1_0.nome,c1_0.numero,c1_0.pais,c1_0.rua,c1_0.senha,c1_0.telefone from clientes c1_0 where c1_0.id=?
Hibernate: select c1_0.id,c1_0.bairro,c1_0.cep,c1_0.cidade,c1_0.email,c1_0.nome,c1_0.numero,c1_0.pais,c1_0.rua,c1_0.senha,c1_0.telefone from clientes c1_0 where c1_0.id=?
2026-06-30T17:48:17.321-03:00 DEBUG 18924 --- [loja-jogos-api] [nio-8080-exec-9] org.hibernate.SQL                        : select i1_0.pedido_id,i1_0.id,i1_0.jogo_id,j1_0.id,j1_0.categoria,j1_0.nome,j1_0.plataforma,j1_0.preco,i1_0.quantidade from itens_pedido i1_0 left join jogos j1_0 on j1_0.id=i1_0.jogo_id where i1_0.pedido_id=?
Hibernate: select i1_0.pedido_id,i1_0.id,i1_0.jogo_id,j1_0.id,j1_0.categoria,j1_0.nome,j1_0.plataforma,j1_0.preco,i1_0.quantidade from itens_pedido i1_0 left join jogos j1_0 on j1_0.id=i1_0.jogo_id where i1_0.pedido_id=?
2026-06-30T17:48:17.323-03:00 DEBUG 18924 --- [loja-jogos-api] [nio-8080-exec-9] org.hibernate.SQL                        : select i1_0.pedido_id,i1_0.id,i1_0.jogo_id,j1_0.id,j1_0.categoria,j1_0.nome,j1_0.plataforma,j1_0.preco,i1_0.quantidade from itens_pedido i1_0 left join jogos j1_0 on j1_0.id=i1_0.jogo_id where i1_0.pedido_id=?
Hibernate: select i1_0.pedido_id,i1_0.id,i1_0.jogo_id,j1_0.id,j1_0.categoria,j1_0.nome,j1_0.plataforma,j1_0.preco,i1_0.quantidade from itens_pedido i1_0 left join jogos j1_0 on j1_0.id=i1_0.jogo_id where i1_0.pedido_id=?
2026-06-30T17:48:17.323-03:00 DEBUG 18924 --- [loja-jogos-api] [nio-8080-exec-9] org.hibernate.SQL                        : select i1_0.pedido_id,i1_0.id,i1_0.jogo_id,j1_0.id,j1_0.categoria,j1_0.nome,j1_0.plataforma,j1_0.preco,i1_0.quantidade from itens_pedido i1_0 left join jogos j1_0 on j1_0.id=i1_0.jogo_id where i1_0.pedido_id=?
Hibernate: select i1_0.pedido_id,i1_0.id,i1_0.jogo_id,j1_0.id,j1_0.categoria,j1_0.nome,j1_0.plataforma,j1_0.preco,i1_0.quantidade from itens_pedido i1_0 left join jogos j1_0 on j1_0.id=i1_0.jogo_id where i1_0.pedido_id=?
2026-06-30T17:48:17.326-03:00 DEBUG 18924 --- [loja-jogos-api] [nio-8080-exec-9] org.hibernate.SQL                        : select i1_0.pedido_id,i1_0.id,i1_0.jogo_id,j1_0.id,j1_0.categoria,j1_0.nome,j1_0.plataforma,j1_0.preco,i1_0.quantidade from itens_pedido i1_0 left join jogos j1_0 on j1_0.id=i1_0.jogo_id where i1_0.pedido_id=?
Hibernate: select i1_0.pedido_id,i1_0.id,i1_0.jogo_id,j1_0.id,j1_0.categoria,j1_0.nome,j1_0.plataforma,j1_0.preco,i1_0.quantidade from itens_pedido i1_0 left join jogos j1_0 on j1_0.id=i1_0.jogo_id where i1_0.pedido_id=?
2026-06-30T17:48:17.329-03:00 DEBUG 18924 --- [loja-jogos-api] [nio-8080-exec-9] org.hibernate.SQL                        : select i1_0.pedido_id,i1_0.id,i1_0.jogo_id,j1_0.id,j1_0.categoria,j1_0.nome,j1_0.plataforma,j1_0.preco,i1_0.quantidade from itens_pedido i1_0 left join jogos j1_0 on j1_0.id=i1_0.jogo_id where i1_0.pedido_id=?
Hibernate: select i1_0.pedido_id,i1_0.id,i1_0.jogo_id,j1_0.id,j1_0.categoria,j1_0.nome,j1_0.plataforma,j1_0.preco,i1_0.quantidade from itens_pedido i1_0 left join jogos j1_0 on j1_0.id=i1_0.jogo_id where i1_0.pedido_id=?
2026-06-30T17:48:17.332-03:00 DEBUG 18924 --- [loja-jogos-api] [nio-8080-exec-9] org.hibernate.SQL                        : select i1_0.pedido_id,i1_0.id,i1_0.jogo_id,j1_0.id,j1_0.categoria,j1_0.nome,j1_0.plataforma,j1_0.preco,i1_0.quantidade from itens_pedido i1_0 left join jogos j1_0 on j1_0.id=i1_0.jogo_id where i1_0.pedido_id=?
Hibernate: select i1_0.pedido_id,i1_0.id,i1_0.jogo_id,j1_0.id,j1_0.categoria,j1_0.nome,j1_0.plataforma,j1_0.preco,i1_0.quantidade from itens_pedido i1_0 left join jogos j1_0 on j1_0.id=i1_0.jogo_id where i1_0.pedido_id=?
2026-06-30T17:48:17.336-03:00 DEBUG 18924 --- [loja-jogos-api] [nio-8080-exec-9] org.hibernate.SQL                        : select i1_0.pedido_id,i1_0.id,i1_0.jogo_id,j1_0.id,j1_0.categoria,j1_0.nome,j1_0.plataforma,j1_0.preco,i1_0.quantidade from itens_pedido i1_0 left join jogos j1_0 on j1_0.id=i1_0.jogo_id where i1_0.pedido_id=?
Hibernate: select i1_0.pedido_id,i1_0.id,i1_0.jogo_id,j1_0.id,j1_0.categoria,j1_0.nome,j1_0.plataforma,j1_0.preco,i1_0.quantidade from itens_pedido i1_0 left join jogos j1_0 on j1_0.id=i1_0.jogo_id where i1_0.pedido_id=?
2026-06-30T17:48:17.337-03:00 DEBUG 18924 --- [loja-jogos-api] [nio-8080-exec-9] org.hibernate.SQL                        : select i1_0.pedido_id,i1_0.id,i1_0.jogo_id,j1_0.id,j1_0.categoria,j1_0.nome,j1_0.plataforma,j1_0.preco,i1_0.quantidade from itens_pedido i1_0 left join jogos j1_0 on j1_0.id=i1_0.jogo_id where i1_0.pedido_id=?
Hibernate: select i1_0.pedido_id,i1_0.id,i1_0.jogo_id,j1_0.id,j1_0.categoria,j1_0.nome,j1_0.plataforma,j1_0.preco,i1_0.quantidade from itens_pedido i1_0 left join jogos j1_0 on j1_0.id=i1_0.jogo_id where i1_0.pedido_id=?
2026-06-30T17:48:17.338-03:00 DEBUG 18924 --- [loja-jogos-api] [nio-8080-exec-9] o.s.w.s.m.m.a.HttpEntityMethodProcessor  : Using 'application/json', given [application/json, text/plain, */*] and supported [application/json, application/*+json]
2026-06-30T17:48:17.341-03:00 DEBUG 18924 --- [loja-jogos-api] [nio-8080-exec-9] o.s.w.s.m.m.a.HttpEntityMethodProcessor  : Writing [[PedidoResponseDTO[id=1, cliente=ClienteResponseDTO[id=1, nome=Teste CORS, email=teste.cors.17828478 (truncated)...]
2026-06-30T17:48:17.343-03:00 DEBUG 18924 --- [loja-jogos-api] [nio-8080-exec-9] o.s.web.servlet.DispatcherServlet        : Completed 200 OK
2026-06-30T17:51:03.561-03:00 DEBUG 18924 --- [loja-jogos-api] [io-8080-exec-10] o.s.web.servlet.DispatcherServlet        : GET "/clientes/2", parameters={}
2026-06-30T17:51:03.561-03:00 DEBUG 18924 --- [loja-jogos-api] [nio-8080-exec-8] o.s.web.servlet.DispatcherServlet        : GET "/pedidos", parameters={}
2026-06-30T17:51:03.567-03:00 DEBUG 18924 --- [loja-jogos-api] [io-8080-exec-10] s.w.s.m.m.a.RequestMappingHandlerMapping : Mapped to com.lojajogos.controller.ClienteController#buscarPorId(Long)
2026-06-30T17:51:03.571-03:00 DEBUG 18924 --- [loja-jogos-api] [nio-8080-exec-8] s.w.s.m.m.a.RequestMappingHandlerMapping : Mapped to com.lojajogos.controller.PedidoController#listarTodos()
2026-06-30T17:51:03.582-03:00 DEBUG 18924 --- [loja-jogos-api] [nio-8080-exec-8] org.hibernate.SQL                        : select p1_0.id,p1_0.cliente_id,p1_0.cupom_desconto,p1_0.data_pedido,p1_0.mensagemia,p1_0.perfil_cliente,p1_0.recomendacoes,p1_0.status_pedido,p1_0.valor_total from pedidos p1_0
Hibernate: select p1_0.id,p1_0.cliente_id,p1_0.cupom_desconto,p1_0.data_pedido,p1_0.mensagemia,p1_0.perfil_cliente,p1_0.recomendacoes,p1_0.status_pedido,p1_0.valor_total from pedidos p1_0
2026-06-30T17:51:03.585-03:00 DEBUG 18924 --- [loja-jogos-api] [nio-8080-exec-8] org.hibernate.SQL                        : select c1_0.id,c1_0.bairro,c1_0.cep,c1_0.cidade,c1_0.email,c1_0.nome,c1_0.numero,c1_0.pais,c1_0.rua,c1_0.senha,c1_0.telefone from clientes c1_0 where c1_0.id=?
Hibernate: select c1_0.id,c1_0.bairro,c1_0.cep,c1_0.cidade,c1_0.email,c1_0.nome,c1_0.numero,c1_0.pais,c1_0.rua,c1_0.senha,c1_0.telefone from clientes c1_0 where c1_0.id=?
2026-06-30T17:51:03.589-03:00 DEBUG 18924 --- [loja-jogos-api] [nio-8080-exec-8] org.hibernate.SQL                        : select c1_0.id,c1_0.bairro,c1_0.cep,c1_0.cidade,c1_0.email,c1_0.nome,c1_0.numero,c1_0.pais,c1_0.rua,c1_0.senha,c1_0.telefone from clientes c1_0 where c1_0.id=?
Hibernate: select c1_0.id,c1_0.bairro,c1_0.cep,c1_0.cidade,c1_0.email,c1_0.nome,c1_0.numero,c1_0.pais,c1_0.rua,c1_0.senha,c1_0.telefone from clientes c1_0 where c1_0.id=?
2026-06-30T17:51:03.585-03:00 DEBUG 18924 --- [loja-jogos-api] [io-8080-exec-10] org.hibernate.SQL                        : select c1_0.id,c1_0.bairro,c1_0.cep,c1_0.cidade,c1_0.email,c1_0.nome,c1_0.numero,c1_0.pais,c1_0.rua,c1_0.senha,c1_0.telefone from clientes c1_0 where c1_0.id=?
Hibernate: select c1_0.id,c1_0.bairro,c1_0.cep,c1_0.cidade,c1_0.email,c1_0.nome,c1_0.numero,c1_0.pais,c1_0.rua,c1_0.senha,c1_0.telefone from clientes c1_0 where c1_0.id=?
2026-06-30T17:51:03.611-03:00 DEBUG 18924 --- [loja-jogos-api] [nio-8080-exec-8] org.hibernate.SQL                        : select c1_0.id,c1_0.bairro,c1_0.cep,c1_0.cidade,c1_0.email,c1_0.nome,c1_0.numero,c1_0.pais,c1_0.rua,c1_0.senha,c1_0.telefone from clientes c1_0 where c1_0.id=?
Hibernate: select c1_0.id,c1_0.bairro,c1_0.cep,c1_0.cidade,c1_0.email,c1_0.nome,c1_0.numero,c1_0.pais,c1_0.rua,c1_0.senha,c1_0.telefone from clientes c1_0 where c1_0.id=?
2026-06-30T17:51:03.615-03:00 DEBUG 18924 --- [loja-jogos-api] [nio-8080-exec-8] org.hibernate.SQL                        : select i1_0.pedido_id,i1_0.id,i1_0.jogo_id,j1_0.id,j1_0.categoria,j1_0.nome,j1_0.plataforma,j1_0.preco,i1_0.quantidade from itens_pedido i1_0 left join jogos j1_0 on j1_0.id=i1_0.jogo_id where i1_0.pedido_id=?
Hibernate: select i1_0.pedido_id,i1_0.id,i1_0.jogo_id,j1_0.id,j1_0.categoria,j1_0.nome,j1_0.plataforma,j1_0.preco,i1_0.quantidade from itens_pedido i1_0 left join jogos j1_0 on j1_0.id=i1_0.jogo_id where i1_0.pedido_id=?
2026-06-30T17:51:03.621-03:00 DEBUG 18924 --- [loja-jogos-api] [nio-8080-exec-8] org.hibernate.SQL                        : select i1_0.pedido_id,i1_0.id,i1_0.jogo_id,j1_0.id,j1_0.categoria,j1_0.nome,j1_0.plataforma,j1_0.preco,i1_0.quantidade from itens_pedido i1_0 left join jogos j1_0 on j1_0.id=i1_0.jogo_id where i1_0.pedido_id=?
Hibernate: select i1_0.pedido_id,i1_0.id,i1_0.jogo_id,j1_0.id,j1_0.categoria,j1_0.nome,j1_0.plataforma,j1_0.preco,i1_0.quantidade from itens_pedido i1_0 left join jogos j1_0 on j1_0.id=i1_0.jogo_id where i1_0.pedido_id=?
2026-06-30T17:51:03.624-03:00 DEBUG 18924 --- [loja-jogos-api] [nio-8080-exec-8] org.hibernate.SQL                        : select i1_0.pedido_id,i1_0.id,i1_0.jogo_id,j1_0.id,j1_0.categoria,j1_0.nome,j1_0.plataforma,j1_0.preco,i1_0.quantidade from itens_pedido i1_0 left join jogos j1_0 on j1_0.id=i1_0.jogo_id where i1_0.pedido_id=?
Hibernate: select i1_0.pedido_id,i1_0.id,i1_0.jogo_id,j1_0.id,j1_0.categoria,j1_0.nome,j1_0.plataforma,j1_0.preco,i1_0.quantidade from itens_pedido i1_0 left join jogos j1_0 on j1_0.id=i1_0.jogo_id where i1_0.pedido_id=?
2026-06-30T17:51:03.628-03:00 DEBUG 18924 --- [loja-jogos-api] [nio-8080-exec-8] org.hibernate.SQL                        : select i1_0.pedido_id,i1_0.id,i1_0.jogo_id,j1_0.id,j1_0.categoria,j1_0.nome,j1_0.plataforma,j1_0.preco,i1_0.quantidade from itens_pedido i1_0 left join jogos j1_0 on j1_0.id=i1_0.jogo_id where i1_0.pedido_id=?
Hibernate: select i1_0.pedido_id,i1_0.id,i1_0.jogo_id,j1_0.id,j1_0.categoria,j1_0.nome,j1_0.plataforma,j1_0.preco,i1_0.quantidade from itens_pedido i1_0 left join jogos j1_0 on j1_0.id=i1_0.jogo_id where i1_0.pedido_id=?
2026-06-30T17:51:03.641-03:00 DEBUG 18924 --- [loja-jogos-api] [nio-8080-exec-8] org.hibernate.SQL                        : select i1_0.pedido_id,i1_0.id,i1_0.jogo_id,j1_0.id,j1_0.categoria,j1_0.nome,j1_0.plataforma,j1_0.preco,i1_0.quantidade from itens_pedido i1_0 left join jogos j1_0 on j1_0.id=i1_0.jogo_id where i1_0.pedido_id=?
Hibernate: select i1_0.pedido_id,i1_0.id,i1_0.jogo_id,j1_0.id,j1_0.categoria,j1_0.nome,j1_0.plataforma,j1_0.preco,i1_0.quantidade from itens_pedido i1_0 left join jogos j1_0 on j1_0.id=i1_0.jogo_id where i1_0.pedido_id=?
2026-06-30T17:51:03.644-03:00 DEBUG 18924 --- [loja-jogos-api] [nio-8080-exec-8] org.hibernate.SQL                        : select i1_0.pedido_id,i1_0.id,i1_0.jogo_id,j1_0.id,j1_0.categoria,j1_0.nome,j1_0.plataforma,j1_0.preco,i1_0.quantidade from itens_pedido i1_0 left join jogos j1_0 on j1_0.id=i1_0.jogo_id where i1_0.pedido_id=?
Hibernate: select i1_0.pedido_id,i1_0.id,i1_0.jogo_id,j1_0.id,j1_0.categoria,j1_0.nome,j1_0.plataforma,j1_0.preco,i1_0.quantidade from itens_pedido i1_0 left join jogos j1_0 on j1_0.id=i1_0.jogo_id where i1_0.pedido_id=?
2026-06-30T17:51:03.652-03:00 DEBUG 18924 --- [loja-jogos-api] [nio-8080-exec-8] org.hibernate.SQL                        : select i1_0.pedido_id,i1_0.id,i1_0.jogo_id,j1_0.id,j1_0.categoria,j1_0.nome,j1_0.plataforma,j1_0.preco,i1_0.quantidade from itens_pedido i1_0 left join jogos j1_0 on j1_0.id=i1_0.jogo_id where i1_0.pedido_id=?
Hibernate: select i1_0.pedido_id,i1_0.id,i1_0.jogo_id,j1_0.id,j1_0.categoria,j1_0.nome,j1_0.plataforma,j1_0.preco,i1_0.quantidade from itens_pedido i1_0 left join jogos j1_0 on j1_0.id=i1_0.jogo_id where i1_0.pedido_id=?
2026-06-30T17:51:03.657-03:00 DEBUG 18924 --- [loja-jogos-api] [nio-8080-exec-8] org.hibernate.SQL                        : select i1_0.pedido_id,i1_0.id,i1_0.jogo_id,j1_0.id,j1_0.categoria,j1_0.nome,j1_0.plataforma,j1_0.preco,i1_0.quantidade from itens_pedido i1_0 left join jogos j1_0 on j1_0.id=i1_0.jogo_id where i1_0.pedido_id=?
Hibernate: select i1_0.pedido_id,i1_0.id,i1_0.jogo_id,j1_0.id,j1_0.categoria,j1_0.nome,j1_0.plataforma,j1_0.preco,i1_0.quantidade from itens_pedido i1_0 left join jogos j1_0 on j1_0.id=i1_0.jogo_id where i1_0.pedido_id=?
2026-06-30T17:51:03.662-03:00 DEBUG 18924 --- [loja-jogos-api] [nio-8080-exec-8] o.s.w.s.m.m.a.HttpEntityMethodProcessor  : Using 'application/json', given [application/json, text/plain, */*] and supported [application/json, application/*+json]
2026-06-30T17:51:03.670-03:00 DEBUG 18924 --- [loja-jogos-api] [nio-8080-exec-8] o.s.w.s.m.m.a.HttpEntityMethodProcessor  : Writing [[PedidoResponseDTO[id=1, cliente=ClienteResponseDTO[id=1, nome=Teste CORS, email=teste.cors.17828478 (truncated)...]
2026-06-30T17:51:03.677-03:00 DEBUG 18924 --- [loja-jogos-api] [nio-8080-exec-8] o.s.web.servlet.DispatcherServlet        : Completed 200 OK
2026-06-30T17:51:03.688-03:00 DEBUG 18924 --- [loja-jogos-api] [io-8080-exec-10] o.s.w.s.m.m.a.HttpEntityMethodProcessor  : Using 'application/json', given [application/json, text/plain, */*] and supported [application/json, application/*+json]
2026-06-30T17:51:03.692-03:00 DEBUG 18924 --- [loja-jogos-api] [io-8080-exec-10] o.s.w.s.m.m.a.HttpEntityMethodProcessor  : Writing [ClienteResponseDTO[id=2, nome=kaguya , email=pedropositivoone@gmail.com, telefone=24992987857, cep=2 (truncated)...]
2026-06-30T17:51:03.696-03:00 DEBUG 18924 --- [loja-jogos-api] [io-8080-exec-10] o.s.web.servlet.DispatcherServlet        : Completed 200 OK
2026-06-30T17:51:03.698-03:00 DEBUG 18924 --- [loja-jogos-api] [nio-8080-exec-3] o.s.web.servlet.DispatcherServlet        : GET "/pedidos", parameters={}
2026-06-30T17:51:03.701-03:00 DEBUG 18924 --- [loja-jogos-api] [nio-8080-exec-3] s.w.s.m.m.a.RequestMappingHandlerMapping : Mapped to com.lojajogos.controller.PedidoController#listarTodos()
2026-06-30T17:51:03.711-03:00 DEBUG 18924 --- [loja-jogos-api] [nio-8080-exec-3] org.hibernate.SQL                        : select p1_0.id,p1_0.cliente_id,p1_0.cupom_desconto,p1_0.data_pedido,p1_0.mensagemia,p1_0.perfil_cliente,p1_0.recomendacoes,p1_0.status_pedido,p1_0.valor_total from pedidos p1_0
Hibernate: select p1_0.id,p1_0.cliente_id,p1_0.cupom_desconto,p1_0.data_pedido,p1_0.mensagemia,p1_0.perfil_cliente,p1_0.recomendacoes,p1_0.status_pedido,p1_0.valor_total from pedidos p1_0
2026-06-30T17:51:03.713-03:00 DEBUG 18924 --- [loja-jogos-api] [nio-8080-exec-3] org.hibernate.SQL                        : select c1_0.id,c1_0.bairro,c1_0.cep,c1_0.cidade,c1_0.email,c1_0.nome,c1_0.numero,c1_0.pais,c1_0.rua,c1_0.senha,c1_0.telefone from clientes c1_0 where c1_0.id=?
Hibernate: select c1_0.id,c1_0.bairro,c1_0.cep,c1_0.cidade,c1_0.email,c1_0.nome,c1_0.numero,c1_0.pais,c1_0.rua,c1_0.senha,c1_0.telefone from clientes c1_0 where c1_0.id=?
2026-06-30T17:51:03.716-03:00 DEBUG 18924 --- [loja-jogos-api] [nio-8080-exec-3] org.hibernate.SQL                        : select c1_0.id,c1_0.bairro,c1_0.cep,c1_0.cidade,c1_0.email,c1_0.nome,c1_0.numero,c1_0.pais,c1_0.rua,c1_0.senha,c1_0.telefone from clientes c1_0 where c1_0.id=?
Hibernate: select c1_0.id,c1_0.bairro,c1_0.cep,c1_0.cidade,c1_0.email,c1_0.nome,c1_0.numero,c1_0.pais,c1_0.rua,c1_0.senha,c1_0.telefone from clientes c1_0 where c1_0.id=?
2026-06-30T17:51:03.720-03:00 DEBUG 18924 --- [loja-jogos-api] [nio-8080-exec-3] org.hibernate.SQL                        : select c1_0.id,c1_0.bairro,c1_0.cep,c1_0.cidade,c1_0.email,c1_0.nome,c1_0.numero,c1_0.pais,c1_0.rua,c1_0.senha,c1_0.telefone from clientes c1_0 where c1_0.id=?
Hibernate: select c1_0.id,c1_0.bairro,c1_0.cep,c1_0.cidade,c1_0.email,c1_0.nome,c1_0.numero,c1_0.pais,c1_0.rua,c1_0.senha,c1_0.telefone from clientes c1_0 where c1_0.id=?
2026-06-30T17:51:03.725-03:00 DEBUG 18924 --- [loja-jogos-api] [nio-8080-exec-3] org.hibernate.SQL                        : select i1_0.pedido_id,i1_0.id,i1_0.jogo_id,j1_0.id,j1_0.categoria,j1_0.nome,j1_0.plataforma,j1_0.preco,i1_0.quantidade from itens_pedido i1_0 left join jogos j1_0 on j1_0.id=i1_0.jogo_id where i1_0.pedido_id=?
Hibernate: select i1_0.pedido_id,i1_0.id,i1_0.jogo_id,j1_0.id,j1_0.categoria,j1_0.nome,j1_0.plataforma,j1_0.preco,i1_0.quantidade from itens_pedido i1_0 left join jogos j1_0 on j1_0.id=i1_0.jogo_id where i1_0.pedido_id=?
2026-06-30T17:51:03.727-03:00 DEBUG 18924 --- [loja-jogos-api] [nio-8080-exec-3] org.hibernate.SQL                        : select i1_0.pedido_id,i1_0.id,i1_0.jogo_id,j1_0.id,j1_0.categoria,j1_0.nome,j1_0.plataforma,j1_0.preco,i1_0.quantidade from itens_pedido i1_0 left join jogos j1_0 on j1_0.id=i1_0.jogo_id where i1_0.pedido_id=?
Hibernate: select i1_0.pedido_id,i1_0.id,i1_0.jogo_id,j1_0.id,j1_0.categoria,j1_0.nome,j1_0.plataforma,j1_0.preco,i1_0.quantidade from itens_pedido i1_0 left join jogos j1_0 on j1_0.id=i1_0.jogo_id where i1_0.pedido_id=?
2026-06-30T17:51:03.728-03:00 DEBUG 18924 --- [loja-jogos-api] [nio-8080-exec-7] o.s.web.servlet.DispatcherServlet        : GET "/clientes/2", parameters={}
2026-06-30T17:51:03.730-03:00 DEBUG 18924 --- [loja-jogos-api] [nio-8080-exec-7] s.w.s.m.m.a.RequestMappingHandlerMapping : Mapped to com.lojajogos.controller.ClienteController#buscarPorId(Long)
2026-06-30T17:51:03.737-03:00 DEBUG 18924 --- [loja-jogos-api] [nio-8080-exec-3] org.hibernate.SQL                        : select i1_0.pedido_id,i1_0.id,i1_0.jogo_id,j1_0.id,j1_0.categoria,j1_0.nome,j1_0.plataforma,j1_0.preco,i1_0.quantidade from itens_pedido i1_0 left join jogos j1_0 on j1_0.id=i1_0.jogo_id where i1_0.pedido_id=?
Hibernate: select i1_0.pedido_id,i1_0.id,i1_0.jogo_id,j1_0.id,j1_0.categoria,j1_0.nome,j1_0.plataforma,j1_0.preco,i1_0.quantidade from itens_pedido i1_0 left join jogos j1_0 on j1_0.id=i1_0.jogo_id where i1_0.pedido_id=?
2026-06-30T17:51:03.744-03:00 DEBUG 18924 --- [loja-jogos-api] [nio-8080-exec-3] org.hibernate.SQL                        : select i1_0.pedido_id,i1_0.id,i1_0.jogo_id,j1_0.id,j1_0.categoria,j1_0.nome,j1_0.plataforma,j1_0.preco,i1_0.quantidade from itens_pedido i1_0 left join jogos j1_0 on j1_0.id=i1_0.jogo_id where i1_0.pedido_id=?
Hibernate: select i1_0.pedido_id,i1_0.id,i1_0.jogo_id,j1_0.id,j1_0.categoria,j1_0.nome,j1_0.plataforma,j1_0.preco,i1_0.quantidade from itens_pedido i1_0 left join jogos j1_0 on j1_0.id=i1_0.jogo_id where i1_0.pedido_id=?
2026-06-30T17:51:03.744-03:00 DEBUG 18924 --- [loja-jogos-api] [nio-8080-exec-7] org.hibernate.SQL                        : select c1_0.id,c1_0.bairro,c1_0.cep,c1_0.cidade,c1_0.email,c1_0.nome,c1_0.numero,c1_0.pais,c1_0.rua,c1_0.senha,c1_0.telefone from clientes c1_0 where c1_0.id=?
Hibernate: select c1_0.id,c1_0.bairro,c1_0.cep,c1_0.cidade,c1_0.email,c1_0.nome,c1_0.numero,c1_0.pais,c1_0.rua,c1_0.senha,c1_0.telefone from clientes c1_0 where c1_0.id=?
2026-06-30T17:51:03.746-03:00 DEBUG 18924 --- [loja-jogos-api] [nio-8080-exec-3] org.hibernate.SQL                        : select i1_0.pedido_id,i1_0.id,i1_0.jogo_id,j1_0.id,j1_0.categoria,j1_0.nome,j1_0.plataforma,j1_0.preco,i1_0.quantidade from itens_pedido i1_0 left join jogos j1_0 on j1_0.id=i1_0.jogo_id where i1_0.pedido_id=?
Hibernate: select i1_0.pedido_id,i1_0.id,i1_0.jogo_id,j1_0.id,j1_0.categoria,j1_0.nome,j1_0.plataforma,j1_0.preco,i1_0.quantidade from itens_pedido i1_0 left join jogos j1_0 on j1_0.id=i1_0.jogo_id where i1_0.pedido_id=?
2026-06-30T17:51:03.749-03:00 DEBUG 18924 --- [loja-jogos-api] [nio-8080-exec-7] o.s.w.s.m.m.a.HttpEntityMethodProcessor  : Using 'application/json', given [application/json, text/plain, */*] and supported [application/json, application/*+json]
2026-06-30T17:51:03.749-03:00 DEBUG 18924 --- [loja-jogos-api] [nio-8080-exec-3] org.hibernate.SQL                        : select i1_0.pedido_id,i1_0.id,i1_0.jogo_id,j1_0.id,j1_0.categoria,j1_0.nome,j1_0.plataforma,j1_0.preco,i1_0.quantidade from itens_pedido i1_0 left join jogos j1_0 on j1_0.id=i1_0.jogo_id where i1_0.pedido_id=?
Hibernate: select i1_0.pedido_id,i1_0.id,i1_0.jogo_id,j1_0.id,j1_0.categoria,j1_0.nome,j1_0.plataforma,j1_0.preco,i1_0.quantidade from itens_pedido i1_0 left join jogos j1_0 on j1_0.id=i1_0.jogo_id where i1_0.pedido_id=?
2026-06-30T17:51:03.749-03:00 DEBUG 18924 --- [loja-jogos-api] [nio-8080-exec-7] o.s.w.s.m.m.a.HttpEntityMethodProcessor  : Writing [ClienteResponseDTO[id=2, nome=kaguya , email=pedropositivoone@gmail.com, telefone=24992987857, cep=2 (truncated)...]
2026-06-30T17:51:03.753-03:00 DEBUG 18924 --- [loja-jogos-api] [nio-8080-exec-7] o.s.web.servlet.DispatcherServlet        : Completed 200 OK
2026-06-30T17:51:03.753-03:00 DEBUG 18924 --- [loja-jogos-api] [nio-8080-exec-3] org.hibernate.SQL                        : select i1_0.pedido_id,i1_0.id,i1_0.jogo_id,j1_0.id,j1_0.categoria,j1_0.nome,j1_0.plataforma,j1_0.preco,i1_0.quantidade from itens_pedido i1_0 left join jogos j1_0 on j1_0.id=i1_0.jogo_id where i1_0.pedido_id=?
Hibernate: select i1_0.pedido_id,i1_0.id,i1_0.jogo_id,j1_0.id,j1_0.categoria,j1_0.nome,j1_0.plataforma,j1_0.preco,i1_0.quantidade from itens_pedido i1_0 left join jogos j1_0 on j1_0.id=i1_0.jogo_id where i1_0.pedido_id=?
2026-06-30T17:51:03.757-03:00 DEBUG 18924 --- [loja-jogos-api] [nio-8080-exec-3] org.hibernate.SQL                        : select i1_0.pedido_id,i1_0.id,i1_0.jogo_id,j1_0.id,j1_0.categoria,j1_0.nome,j1_0.plataforma,j1_0.preco,i1_0.quantidade from itens_pedido i1_0 left join jogos j1_0 on j1_0.id=i1_0.jogo_id where i1_0.pedido_id=?
Hibernate: select i1_0.pedido_id,i1_0.id,i1_0.jogo_id,j1_0.id,j1_0.categoria,j1_0.nome,j1_0.plataforma,j1_0.preco,i1_0.quantidade from itens_pedido i1_0 left join jogos j1_0 on j1_0.id=i1_0.jogo_id where i1_0.pedido_id=?
2026-06-30T17:51:03.763-03:00 DEBUG 18924 --- [loja-jogos-api] [nio-8080-exec-3] o.s.w.s.m.m.a.HttpEntityMethodProcessor  : Using 'application/json', given [application/json, text/plain, */*] and supported [application/json, application/*+json]
2026-06-30T17:51:03.765-03:00 DEBUG 18924 --- [loja-jogos-api] [nio-8080-exec-3] o.s.w.s.m.m.a.HttpEntityMethodProcessor  : Writing [[PedidoResponseDTO[id=1, cliente=ClienteResponseDTO[id=1, nome=Teste CORS, email=teste.cors.17828478 (truncated)...]
2026-06-30T17:51:03.775-03:00 DEBUG 18924 --- [loja-jogos-api] [nio-8080-exec-3] o.s.web.servlet.DispatcherServlet        : Completed 200 OK
2026-06-30T17:52:33.916-03:00 DEBUG 18924 --- [loja-jogos-api] [nio-8080-exec-9] o.s.web.servlet.DispatcherServlet        : GET "/jogos", parameters={}
2026-06-30T17:52:33.920-03:00 DEBUG 18924 --- [loja-jogos-api] [nio-8080-exec-9] s.w.s.m.m.a.RequestMappingHandlerMapping : Mapped to com.lojajogos.controller.JogoController#listarTodos()
2026-06-30T17:52:33.929-03:00 DEBUG 18924 --- [loja-jogos-api] [nio-8080-exec-9] org.hibernate.SQL                        : select j1_0.id,j1_0.categoria,j1_0.nome,j1_0.plataforma,j1_0.preco from jogos j1_0
Hibernate: select j1_0.id,j1_0.categoria,j1_0.nome,j1_0.plataforma,j1_0.preco from jogos j1_0
2026-06-30T17:52:33.936-03:00 DEBUG 18924 --- [loja-jogos-api] [nio-8080-exec-9] o.s.w.s.m.m.a.HttpEntityMethodProcessor  : Using 'application/json', given [application/json, text/plain, */*] and supported [application/json, application/*+json]
2026-06-30T17:52:33.937-03:00 DEBUG 18924 --- [loja-jogos-api] [nio-8080-exec-9] o.s.w.s.m.m.a.HttpEntityMethodProcessor  : Writing [[JogoResponseDTO[id=1, nome=Halo Infinite, categoria=Acao, plataforma=Xbox Series, preco=199.90], Jo (truncated)...]
2026-06-30T17:52:33.939-03:00 DEBUG 18924 --- [loja-jogos-api] [nio-8080-exec-9] o.s.web.servlet.DispatcherServlet        : Completed 200 OK
2026-06-30T17:52:33.949-03:00 DEBUG 18924 --- [loja-jogos-api] [nio-8080-exec-6] o.s.web.servlet.DispatcherServlet        : GET "/jogos", parameters={}
2026-06-30T17:52:33.949-03:00 DEBUG 18924 --- [loja-jogos-api] [nio-8080-exec-6] s.w.s.m.m.a.RequestMappingHandlerMapping : Mapped to com.lojajogos.controller.JogoController#listarTodos()
2026-06-30T17:52:33.952-03:00 DEBUG 18924 --- [loja-jogos-api] [nio-8080-exec-6] org.hibernate.SQL                        : select j1_0.id,j1_0.categoria,j1_0.nome,j1_0.plataforma,j1_0.preco from jogos j1_0
Hibernate: select j1_0.id,j1_0.categoria,j1_0.nome,j1_0.plataforma,j1_0.preco from jogos j1_0
2026-06-30T17:52:33.955-03:00 DEBUG 18924 --- [loja-jogos-api] [nio-8080-exec-6] o.s.w.s.m.m.a.HttpEntityMethodProcessor  : Using 'application/json', given [application/json, text/plain, */*] and supported [application/json, application/*+json]
2026-06-30T17:52:33.956-03:00 DEBUG 18924 --- [loja-jogos-api] [nio-8080-exec-6] o.s.w.s.m.m.a.HttpEntityMethodProcessor  : Writing [[JogoResponseDTO[id=1, nome=Halo Infinite, categoria=Acao, plataforma=Xbox Series, preco=199.90], Jo (truncated)...]
2026-06-30T17:52:33.959-03:00 DEBUG 18924 --- [loja-jogos-api] [nio-8080-exec-6] o.s.web.servlet.DispatcherServlet        : Completed 200 OK
2026-06-30T17:52:42.423-03:00 DEBUG 18924 --- [loja-jogos-api] [nio-8080-exec-2] o.s.web.servlet.DispatcherServlet        : GET "/jogos", parameters={}
2026-06-30T17:52:42.426-03:00 DEBUG 18924 --- [loja-jogos-api] [nio-8080-exec-2] s.w.s.m.m.a.RequestMappingHandlerMapping : Mapped to com.lojajogos.controller.JogoController#listarTodos()
2026-06-30T17:52:42.428-03:00 DEBUG 18924 --- [loja-jogos-api] [nio-8080-exec-2] org.hibernate.SQL                        : select j1_0.id,j1_0.categoria,j1_0.nome,j1_0.plataforma,j1_0.preco from jogos j1_0
Hibernate: select j1_0.id,j1_0.categoria,j1_0.nome,j1_0.plataforma,j1_0.preco from jogos j1_0
2026-06-30T17:52:42.431-03:00 DEBUG 18924 --- [loja-jogos-api] [nio-8080-exec-2] o.s.w.s.m.m.a.HttpEntityMethodProcessor  : Using 'application/json', given [application/json, text/plain, */*] and supported [application/json, application/*+json]
2026-06-30T17:52:42.433-03:00 DEBUG 18924 --- [loja-jogos-api] [nio-8080-exec-2] o.s.w.s.m.m.a.HttpEntityMethodProcessor  : Writing [[JogoResponseDTO[id=1, nome=Halo Infinite, categoria=Acao, plataforma=Xbox Series, preco=199.90], Jo (truncated)...]
2026-06-30T17:52:42.436-03:00 DEBUG 18924 --- [loja-jogos-api] [nio-8080-exec-2] o.s.web.servlet.DispatcherServlet        : Completed 200 OK
2026-06-30T17:52:42.445-03:00 DEBUG 18924 --- [loja-jogos-api] [nio-8080-exec-5] o.s.web.servlet.DispatcherServlet        : GET "/jogos", parameters={}
2026-06-30T17:52:42.446-03:00 DEBUG 18924 --- [loja-jogos-api] [nio-8080-exec-5] s.w.s.m.m.a.RequestMappingHandlerMapping : Mapped to com.lojajogos.controller.JogoController#listarTodos()
2026-06-30T17:52:42.449-03:00 DEBUG 18924 --- [loja-jogos-api] [nio-8080-exec-5] org.hibernate.SQL                        : select j1_0.id,j1_0.categoria,j1_0.nome,j1_0.plataforma,j1_0.preco from jogos j1_0
Hibernate: select j1_0.id,j1_0.categoria,j1_0.nome,j1_0.plataforma,j1_0.preco from jogos j1_0
2026-06-30T17:52:42.451-03:00 DEBUG 18924 --- [loja-jogos-api] [nio-8080-exec-5] o.s.w.s.m.m.a.HttpEntityMethodProcessor  : Using 'application/json', given [application/json, text/plain, */*] and supported [application/json, application/*+json]
2026-06-30T17:52:42.453-03:00 DEBUG 18924 --- [loja-jogos-api] [nio-8080-exec-5] o.s.w.s.m.m.a.HttpEntityMethodProcessor  : Writing [[JogoResponseDTO[id=1, nome=Halo Infinite, categoria=Acao, plataforma=Xbox Series, preco=199.90], Jo (truncated)...]
2026-06-30T17:52:42.454-03:00 DEBUG 18924 --- [loja-jogos-api] [nio-8080-exec-5] o.s.web.servlet.DispatcherServlet        : Completed 200 OK
2026-06-30T17:52:56.780-03:00 DEBUG 18924 --- [loja-jogos-api] [nio-8080-exec-4] o.s.web.servlet.DispatcherServlet        : POST "/pedidos", parameters={}
2026-06-30T17:52:56.782-03:00 DEBUG 18924 --- [loja-jogos-api] [nio-8080-exec-4] s.w.s.m.m.a.RequestMappingHandlerMapping : Mapped to com.lojajogos.controller.PedidoController#salvar(PedidoRequestDTO)
2026-06-30T17:52:56.809-03:00 DEBUG 18924 --- [loja-jogos-api] [nio-8080-exec-4] m.m.a.RequestResponseBodyMethodProcessor : Read "application/json;charset=UTF-8" to [PedidoRequestDTO[clienteId=2, itens=[ItemPedidoRequestDTO[jogoId=22, quantidade=1]], statusPedido=PE (truncated)...]
2026-06-30T17:52:56.829-03:00 DEBUG 18924 --- [loja-jogos-api] [nio-8080-exec-4] org.hibernate.SQL                        : select c1_0.id,c1_0.bairro,c1_0.cep,c1_0.cidade,c1_0.email,c1_0.nome,c1_0.numero,c1_0.pais,c1_0.rua,c1_0.senha,c1_0.telefone from clientes c1_0 where c1_0.id=?
Hibernate: select c1_0.id,c1_0.bairro,c1_0.cep,c1_0.cidade,c1_0.email,c1_0.nome,c1_0.numero,c1_0.pais,c1_0.rua,c1_0.senha,c1_0.telefone from clientes c1_0 where c1_0.id=?
2026-06-30T17:52:56.833-03:00 DEBUG 18924 --- [loja-jogos-api] [nio-8080-exec-4] org.hibernate.SQL                        : select j1_0.id,j1_0.categoria,j1_0.nome,j1_0.plataforma,j1_0.preco from jogos j1_0 where j1_0.id=?
Hibernate: select j1_0.id,j1_0.categoria,j1_0.nome,j1_0.plataforma,j1_0.preco from jogos j1_0 where j1_0.id=?
2026-06-30T17:52:56.844-03:00 DEBUG 18924 --- [loja-jogos-api] [nio-8080-exec-4] org.hibernate.SQL                        : insert into pedidos (cliente_id,cupom_desconto,data_pedido,mensagemia,perfil_cliente,recomendacoes,status_pedido,valor_total,id) values (?,?,?,?,?,?,?,?,default)
Hibernate: insert into pedidos (cliente_id,cupom_desconto,data_pedido,mensagemia,perfil_cliente,recomendacoes,status_pedido,valor_total,id) values (?,?,?,?,?,?,?,?,default)
2026-06-30T17:52:56.853-03:00 DEBUG 18924 --- [loja-jogos-api] [nio-8080-exec-4] org.hibernate.SQL                        : insert into itens_pedido (jogo_id,pedido_id,quantidade,id) values (?,?,?,default)
Hibernate: insert into itens_pedido (jogo_id,pedido_id,quantidade,id) values (?,?,?,default)
2026-06-30T17:52:56.859-03:00 DEBUG 18924 --- [loja-jogos-api] [nio-8080-exec-4] o.s.web.client.RestTemplate              : HTTP POST http://localhost:5678/webhook-test/pedidos
2026-06-30T17:52:56.864-03:00 DEBUG 18924 --- [loja-jogos-api] [nio-8080-exec-4] o.s.web.client.RestTemplate              : Accept=[application/json, application/*+json]
2026-06-30T17:52:56.865-03:00 DEBUG 18924 --- [loja-jogos-api] [nio-8080-exec-4] o.s.web.client.RestTemplate              : Writing [{cliente=kaguya , cidade=Petrópolis, produtos=[Marvel's Spider-Man 2], valorTotal=349.90, id=9}] with org.springframework.http.converter.json.MappingJackson2HttpMessageConverter
2026-06-30T17:52:57.202-03:00 DEBUG 18924 --- [loja-jogos-api] [nio-8080-exec-4] o.s.web.client.RestTemplate              : Response 404 NOT_FOUND
2026-06-30T17:52:57.411-03:00 ERROR 18924 --- [loja-jogos-api] [nio-8080-exec-4] com.lojajogos.service.PedidoService      : Erro ao enviar pedido 9 para automação n8n: 404 Not Found: "{"code":404,"message":"The requested webhook \"pedidos\" is not registered.","hint":"Click the 'Execute workflow' button on the canvas, then try again. (In test mode, the webhook only works for one call after you click this button)","stacktrace":"ResponseError: The requested webhook \"pedidos\" is not registered.\n    at TestWebhooks.getWebhookMethods (C:\\Users\\Pedro Henrique\\AppData\\Roaming\\npm\\node_modules\\n8n\\src\\webhooks\\test-webhooks.ts:273:37)\n    at TestWebhooks.executeWebhook (C:\\Users\\Pedro Henrique\\AppData\\Roaming\\npm\\node_modules\\n8n\\src\\webhooks\\test-webhooks.ts:97:22)\n    at WebhookRequestHandler.handleRequest (C:\\Users\\Pedro Henrique\\AppData\\Roaming\\npm\\node_modules\\n8n\\src\\webhooks\\webhook-request-handler.ts:64:21)\n    at C:\\Users\\Pedro Henrique\\AppData\\Roaming\\npm\\node_modules\\n8n\\src\\webhooks\\webhook-request-handler.ts:247:3"}"

org.springframework.web.client.HttpClientErrorException$NotFound: 404 Not Found: "{"code":404,"message":"The requested webhook \"pedidos\" is not registered.","hint":"Click the 'Execute workflow' button on the canvas, then try again. (In test mode, the webhook only works for one call after you click this button)","stacktrace":"ResponseError: The requested webhook \"pedidos\" is not registered.\n    at TestWebhooks.getWebhookMethods (C:\\Users\\Pedro Henrique\\AppData\\Roaming\\npm\\node_modules\\n8n\\src\\webhooks\\test-webhooks.ts:273:37)\n    at TestWebhooks.executeWebhook (C:\\Users\\Pedro Henrique\\AppData\\Roaming\\npm\\node_modules\\n8n\\src\\webhooks\\test-webhooks.ts:97:22)\n    at WebhookRequestHandler.handleRequest (C:\\Users\\Pedro Henrique\\AppData\\Roaming\\npm\\node_modules\\n8n\\src\\webhooks\\webhook-request-handler.ts:64:21)\n    at C:\\Users\\Pedro Henrique\\AppData\\Roaming\\npm\\node_modules\\n8n\\src\\webhooks\\webhook-request-handler.ts:247:3"}"
	at org.springframework.web.client.HttpClientErrorException.create(HttpClientErrorException.java:112) ~[spring-web-6.1.14.jar:6.1.14]
	at org.springframework.web.client.DefaultResponseErrorHandler.handleError(DefaultResponseErrorHandler.java:183) ~[spring-web-6.1.14.jar:6.1.14]
	at org.springframework.web.client.DefaultResponseErrorHandler.handleError(DefaultResponseErrorHandler.java:137) ~[spring-web-6.1.14.jar:6.1.14]
	at org.springframework.web.client.ResponseErrorHandler.handleError(ResponseErrorHandler.java:63) ~[spring-web-6.1.14.jar:6.1.14]
	at org.springframework.web.client.RestTemplate.handleResponse(RestTemplate.java:942) ~[spring-web-6.1.14.jar:6.1.14]
	at org.springframework.web.client.RestTemplate.doExecute(RestTemplate.java:891) ~[spring-web-6.1.14.jar:6.1.14]
	at org.springframework.web.client.RestTemplate.execute(RestTemplate.java:790) ~[spring-web-6.1.14.jar:6.1.14]
	at org.springframework.web.client.RestTemplate.postForEntity(RestTemplate.java:538) ~[spring-web-6.1.14.jar:6.1.14]
	at com.lojajogos.service.PedidoService.enviarPedidoParaAutomacao(PedidoService.java:199) ~[classes/:na]
	at com.lojajogos.service.PedidoService.salvar(PedidoService.java:54) ~[classes/:na]
	at java.base/jdk.internal.reflect.NativeMethodAccessorImpl.invoke0(Native Method) ~[na:na]
	at java.base/jdk.internal.reflect.NativeMethodAccessorImpl.invoke(NativeMethodAccessorImpl.java:77) ~[na:na]
	at java.base/jdk.internal.reflect.DelegatingMethodAccessorImpl.invoke(DelegatingMethodAccessorImpl.java:43) ~[na:na]
	at java.base/java.lang.reflect.Method.invoke(Method.java:568) ~[na:na]
	at org.springframework.aop.support.AopUtils.invokeJoinpointUsingReflection(AopUtils.java:355) ~[spring-aop-6.1.14.jar:6.1.14]
	at org.springframework.aop.framework.ReflectiveMethodInvocation.invokeJoinpoint(ReflectiveMethodInvocation.java:196) ~[spring-aop-6.1.14.jar:6.1.14]
	at org.springframework.aop.framework.ReflectiveMethodInvocation.proceed(ReflectiveMethodInvocation.java:163) ~[spring-aop-6.1.14.jar:6.1.14]
	at org.springframework.aop.framework.CglibAopProxy$CglibMethodInvocation.proceed(CglibAopProxy.java:768) ~[spring-aop-6.1.14.jar:6.1.14]
	at org.springframework.transaction.interceptor.TransactionAspectSupport.invokeWithinTransaction(TransactionAspectSupport.java:379) ~[spring-tx-6.1.14.jar:6.1.14]
	at org.springframework.transaction.interceptor.TransactionInterceptor.invoke(TransactionInterceptor.java:119) ~[spring-tx-6.1.14.jar:6.1.14]
	at org.springframework.aop.framework.ReflectiveMethodInvocation.proceed(ReflectiveMethodInvocation.java:184) ~[spring-aop-6.1.14.jar:6.1.14]
	at org.springframework.aop.framework.CglibAopProxy$CglibMethodInvocation.proceed(CglibAopProxy.java:768) ~[spring-aop-6.1.14.jar:6.1.14]
	at org.springframework.aop.framework.CglibAopProxy$DynamicAdvisedInterceptor.intercept(CglibAopProxy.java:720) ~[spring-aop-6.1.14.jar:6.1.14]
	at com.lojajogos.service.PedidoService$$SpringCGLIB$$0.salvar(<generated>) ~[classes/:na]
	at com.lojajogos.controller.PedidoController.salvar(PedidoController.java:32) ~[classes/:na]
	at java.base/jdk.internal.reflect.NativeMethodAccessorImpl.invoke0(Native Method) ~[na:na]
	at java.base/jdk.internal.reflect.NativeMethodAccessorImpl.invoke(NativeMethodAccessorImpl.java:77) ~[na:na]
	at java.base/jdk.internal.reflect.DelegatingMethodAccessorImpl.invoke(DelegatingMethodAccessorImpl.java:43) ~[na:na]
	at java.base/java.lang.reflect.Method.invoke(Method.java:568) ~[na:na]
	at org.springframework.web.method.support.InvocableHandlerMethod.doInvoke(InvocableHandlerMethod.java:255) ~[spring-web-6.1.14.jar:6.1.14]
	at org.springframework.web.method.support.InvocableHandlerMethod.invokeForRequest(InvocableHandlerMethod.java:188) ~[spring-web-6.1.14.jar:6.1.14]
	at org.springframework.web.servlet.mvc.method.annotation.ServletInvocableHandlerMethod.invokeAndHandle(ServletInvocableHandlerMethod.java:118) ~[spring-webmvc-6.1.14.jar:6.1.14]
	at org.springframework.web.servlet.mvc.method.annotation.RequestMappingHandlerAdapter.invokeHandlerMethod(RequestMappingHandlerAdapter.java:926) ~[spring-webmvc-6.1.14.jar:6.1.14]
	at org.springframework.web.servlet.mvc.method.annotation.RequestMappingHandlerAdapter.handleInternal(RequestMappingHandlerAdapter.java:831) ~[spring-webmvc-6.1.14.jar:6.1.14]
	at org.springframework.web.servlet.mvc.method.AbstractHandlerMethodAdapter.handle(AbstractHandlerMethodAdapter.java:87) ~[spring-webmvc-6.1.14.jar:6.1.14]
	at org.springframework.web.servlet.DispatcherServlet.doDispatch(DispatcherServlet.java:1089) ~[spring-webmvc-6.1.14.jar:6.1.14]
	at org.springframework.web.servlet.DispatcherServlet.doService(DispatcherServlet.java:979) ~[spring-webmvc-6.1.14.jar:6.1.14]
	at org.springframework.web.servlet.FrameworkServlet.processRequest(FrameworkServlet.java:1014) ~[spring-webmvc-6.1.14.jar:6.1.14]
	at org.springframework.web.servlet.FrameworkServlet.doPost(FrameworkServlet.java:914) ~[spring-webmvc-6.1.14.jar:6.1.14]
	at jakarta.servlet.http.HttpServlet.service(HttpServlet.java:590) ~[tomcat-embed-core-10.1.31.jar:6.0]
	at org.springframework.web.servlet.FrameworkServlet.service(FrameworkServlet.java:885) ~[spring-webmvc-6.1.14.jar:6.1.14]
	at jakarta.servlet.http.HttpServlet.service(HttpServlet.java:658) ~[tomcat-embed-core-10.1.31.jar:6.0]
	at org.apache.catalina.core.ApplicationFilterChain.internalDoFilter(ApplicationFilterChain.java:195) ~[tomcat-embed-core-10.1.31.jar:10.1.31]
	at org.apache.catalina.core.ApplicationFilterChain.doFilter(ApplicationFilterChain.java:140) ~[tomcat-embed-core-10.1.31.jar:10.1.31]
	at org.apache.tomcat.websocket.server.WsFilter.doFilter(WsFilter.java:51) ~[tomcat-embed-websocket-10.1.31.jar:10.1.31]
	at org.apache.catalina.core.ApplicationFilterChain.internalDoFilter(ApplicationFilterChain.java:164) ~[tomcat-embed-core-10.1.31.jar:10.1.31]
	at org.apache.catalina.core.ApplicationFilterChain.doFilter(ApplicationFilterChain.java:140) ~[tomcat-embed-core-10.1.31.jar:10.1.31]
	at org.springframework.web.filter.RequestContextFilter.doFilterInternal(RequestContextFilter.java:100) ~[spring-web-6.1.14.jar:6.1.14]
	at org.springframework.web.filter.OncePerRequestFilter.doFilter(OncePerRequestFilter.java:116) ~[spring-web-6.1.14.jar:6.1.14]
	at org.apache.catalina.core.ApplicationFilterChain.internalDoFilter(ApplicationFilterChain.java:164) ~[tomcat-embed-core-10.1.31.jar:10.1.31]
	at org.apache.catalina.core.ApplicationFilterChain.doFilter(ApplicationFilterChain.java:140) ~[tomcat-embed-core-10.1.31.jar:10.1.31]
	at org.springframework.web.filter.FormContentFilter.doFilterInternal(FormContentFilter.java:93) ~[spring-web-6.1.14.jar:6.1.14]
	at org.springframework.web.filter.OncePerRequestFilter.doFilter(OncePerRequestFilter.java:116) ~[spring-web-6.1.14.jar:6.1.14]
	at org.apache.catalina.core.ApplicationFilterChain.internalDoFilter(ApplicationFilterChain.java:164) ~[tomcat-embed-core-10.1.31.jar:10.1.31]
	at org.apache.catalina.core.ApplicationFilterChain.doFilter(ApplicationFilterChain.java:140) ~[tomcat-embed-core-10.1.31.jar:10.1.31]
	at org.springframework.web.filter.CharacterEncodingFilter.doFilterInternal(CharacterEncodingFilter.java:201) ~[spring-web-6.1.14.jar:6.1.14]
	at org.springframework.web.filter.OncePerRequestFilter.doFilter(OncePerRequestFilter.java:116) ~[spring-web-6.1.14.jar:6.1.14]
	at org.apache.catalina.core.ApplicationFilterChain.internalDoFilter(ApplicationFilterChain.java:164) ~[tomcat-embed-core-10.1.31.jar:10.1.31]
	at org.apache.catalina.core.ApplicationFilterChain.doFilter(ApplicationFilterChain.java:140) ~[tomcat-embed-core-10.1.31.jar:10.1.31]
	at org.apache.catalina.core.StandardWrapperValve.invoke(StandardWrapperValve.java:167) ~[tomcat-embed-core-10.1.31.jar:10.1.31]
	at org.apache.catalina.core.StandardContextValve.invoke(StandardContextValve.java:90) ~[tomcat-embed-core-10.1.31.jar:10.1.31]
	at org.apache.catalina.authenticator.AuthenticatorBase.invoke(AuthenticatorBase.java:483) ~[tomcat-embed-core-10.1.31.jar:10.1.31]
	at org.apache.catalina.core.StandardHostValve.invoke(StandardHostValve.java:115) ~[tomcat-embed-core-10.1.31.jar:10.1.31]
	at org.apache.catalina.valves.ErrorReportValve.invoke(ErrorReportValve.java:93) ~[tomcat-embed-core-10.1.31.jar:10.1.31]
	at org.apache.catalina.core.StandardEngineValve.invoke(StandardEngineValve.java:74) ~[tomcat-embed-core-10.1.31.jar:10.1.31]
	at org.apache.catalina.connector.CoyoteAdapter.service(CoyoteAdapter.java:344) ~[tomcat-embed-core-10.1.31.jar:10.1.31]
	at org.apache.coyote.http11.Http11Processor.service(Http11Processor.java:384) ~[tomcat-embed-core-10.1.31.jar:10.1.31]
	at org.apache.coyote.AbstractProcessorLight.process(AbstractProcessorLight.java:63) ~[tomcat-embed-core-10.1.31.jar:10.1.31]
	at org.apache.coyote.AbstractProtocol$ConnectionHandler.process(AbstractProtocol.java:905) ~[tomcat-embed-core-10.1.31.jar:10.1.31]
	at org.apache.tomcat.util.net.NioEndpoint$SocketProcessor.doRun(NioEndpoint.java:1741) ~[tomcat-embed-core-10.1.31.jar:10.1.31]
	at org.apache.tomcat.util.net.SocketProcessorBase.run(SocketProcessorBase.java:52) ~[tomcat-embed-core-10.1.31.jar:10.1.31]
	at org.apache.tomcat.util.threads.ThreadPoolExecutor.runWorker(ThreadPoolExecutor.java:1190) ~[tomcat-embed-core-10.1.31.jar:10.1.31]
	at org.apache.tomcat.util.threads.ThreadPoolExecutor$Worker.run(ThreadPoolExecutor.java:659) ~[tomcat-embed-core-10.1.31.jar:10.1.31]
	at org.apache.tomcat.util.threads.TaskThread$WrappingRunnable.run(TaskThread.java:63) ~[tomcat-embed-core-10.1.31.jar:10.1.31]
	at java.base/java.lang.Thread.run(Thread.java:842) ~[na:na]

2026-06-30T17:52:57.476-03:00 DEBUG 18924 --- [loja-jogos-api] [nio-8080-exec-4] o.s.w.s.m.m.a.HttpEntityMethodProcessor  : Using 'application/json', given [application/json, text/plain, */*] and supported [application/json, application/*+json]
2026-06-30T17:52:57.477-03:00 DEBUG 18924 --- [loja-jogos-api] [nio-8080-exec-4] o.s.w.s.m.m.a.HttpEntityMethodProcessor  : Writing [PedidoResponseDTO[id=9, cliente=ClienteResponseDTO[id=2, nome=kaguya , email=pedropositivoone@gmail. (truncated)...]
2026-06-30T17:52:57.478-03:00 DEBUG 18924 --- [loja-jogos-api] [nio-8080-exec-4] o.s.web.servlet.DispatcherServlet        : Completed 201 CREATED
2026-06-30T17:52:57.494-03:00 DEBUG 18924 --- [loja-jogos-api] [nio-8080-exec-1] o.s.web.servlet.DispatcherServlet        : GET "/pedidos", parameters={}
2026-06-30T17:52:57.496-03:00 DEBUG 18924 --- [loja-jogos-api] [nio-8080-exec-1] s.w.s.m.m.a.RequestMappingHandlerMapping : Mapped to com.lojajogos.controller.PedidoController#listarTodos()
2026-06-30T17:52:57.499-03:00 DEBUG 18924 --- [loja-jogos-api] [nio-8080-exec-1] org.hibernate.SQL                        : select p1_0.id,p1_0.cliente_id,p1_0.cupom_desconto,p1_0.data_pedido,p1_0.mensagemia,p1_0.perfil_cliente,p1_0.recomendacoes,p1_0.status_pedido,p1_0.valor_total from pedidos p1_0
Hibernate: select p1_0.id,p1_0.cliente_id,p1_0.cupom_desconto,p1_0.data_pedido,p1_0.mensagemia,p1_0.perfil_cliente,p1_0.recomendacoes,p1_0.status_pedido,p1_0.valor_total from pedidos p1_0
2026-06-30T17:52:57.502-03:00 DEBUG 18924 --- [loja-jogos-api] [nio-8080-exec-1] org.hibernate.SQL                        : select c1_0.id,c1_0.bairro,c1_0.cep,c1_0.cidade,c1_0.email,c1_0.nome,c1_0.numero,c1_0.pais,c1_0.rua,c1_0.senha,c1_0.telefone from clientes c1_0 where c1_0.id=?
Hibernate: select c1_0.id,c1_0.bairro,c1_0.cep,c1_0.cidade,c1_0.email,c1_0.nome,c1_0.numero,c1_0.pais,c1_0.rua,c1_0.senha,c1_0.telefone from clientes c1_0 where c1_0.id=?
2026-06-30T17:52:57.503-03:00 DEBUG 18924 --- [loja-jogos-api] [nio-8080-exec-1] org.hibernate.SQL                        : select c1_0.id,c1_0.bairro,c1_0.cep,c1_0.cidade,c1_0.email,c1_0.nome,c1_0.numero,c1_0.pais,c1_0.rua,c1_0.senha,c1_0.telefone from clientes c1_0 where c1_0.id=?
Hibernate: select c1_0.id,c1_0.bairro,c1_0.cep,c1_0.cidade,c1_0.email,c1_0.nome,c1_0.numero,c1_0.pais,c1_0.rua,c1_0.senha,c1_0.telefone from clientes c1_0 where c1_0.id=?
2026-06-30T17:52:57.504-03:00 DEBUG 18924 --- [loja-jogos-api] [nio-8080-exec-1] org.hibernate.SQL                        : select c1_0.id,c1_0.bairro,c1_0.cep,c1_0.cidade,c1_0.email,c1_0.nome,c1_0.numero,c1_0.pais,c1_0.rua,c1_0.senha,c1_0.telefone from clientes c1_0 where c1_0.id=?
Hibernate: select c1_0.id,c1_0.bairro,c1_0.cep,c1_0.cidade,c1_0.email,c1_0.nome,c1_0.numero,c1_0.pais,c1_0.rua,c1_0.senha,c1_0.telefone from clientes c1_0 where c1_0.id=?
2026-06-30T17:52:57.506-03:00 DEBUG 18924 --- [loja-jogos-api] [nio-8080-exec-1] org.hibernate.SQL                        : select i1_0.pedido_id,i1_0.id,i1_0.jogo_id,j1_0.id,j1_0.categoria,j1_0.nome,j1_0.plataforma,j1_0.preco,i1_0.quantidade from itens_pedido i1_0 left join jogos j1_0 on j1_0.id=i1_0.jogo_id where i1_0.pedido_id=?
Hibernate: select i1_0.pedido_id,i1_0.id,i1_0.jogo_id,j1_0.id,j1_0.categoria,j1_0.nome,j1_0.plataforma,j1_0.preco,i1_0.quantidade from itens_pedido i1_0 left join jogos j1_0 on j1_0.id=i1_0.jogo_id where i1_0.pedido_id=?
2026-06-30T17:52:57.507-03:00 DEBUG 18924 --- [loja-jogos-api] [nio-8080-exec-1] org.hibernate.SQL                        : select i1_0.pedido_id,i1_0.id,i1_0.jogo_id,j1_0.id,j1_0.categoria,j1_0.nome,j1_0.plataforma,j1_0.preco,i1_0.quantidade from itens_pedido i1_0 left join jogos j1_0 on j1_0.id=i1_0.jogo_id where i1_0.pedido_id=?
Hibernate: select i1_0.pedido_id,i1_0.id,i1_0.jogo_id,j1_0.id,j1_0.categoria,j1_0.nome,j1_0.plataforma,j1_0.preco,i1_0.quantidade from itens_pedido i1_0 left join jogos j1_0 on j1_0.id=i1_0.jogo_id where i1_0.pedido_id=?
2026-06-30T17:52:57.508-03:00 DEBUG 18924 --- [loja-jogos-api] [nio-8080-exec-1] org.hibernate.SQL                        : select i1_0.pedido_id,i1_0.id,i1_0.jogo_id,j1_0.id,j1_0.categoria,j1_0.nome,j1_0.plataforma,j1_0.preco,i1_0.quantidade from itens_pedido i1_0 left join jogos j1_0 on j1_0.id=i1_0.jogo_id where i1_0.pedido_id=?
Hibernate: select i1_0.pedido_id,i1_0.id,i1_0.jogo_id,j1_0.id,j1_0.categoria,j1_0.nome,j1_0.plataforma,j1_0.preco,i1_0.quantidade from itens_pedido i1_0 left join jogos j1_0 on j1_0.id=i1_0.jogo_id where i1_0.pedido_id=?
2026-06-30T17:52:57.510-03:00 DEBUG 18924 --- [loja-jogos-api] [nio-8080-exec-1] org.hibernate.SQL                        : select i1_0.pedido_id,i1_0.id,i1_0.jogo_id,j1_0.id,j1_0.categoria,j1_0.nome,j1_0.plataforma,j1_0.preco,i1_0.quantidade from itens_pedido i1_0 left join jogos j1_0 on j1_0.id=i1_0.jogo_id where i1_0.pedido_id=?
Hibernate: select i1_0.pedido_id,i1_0.id,i1_0.jogo_id,j1_0.id,j1_0.categoria,j1_0.nome,j1_0.plataforma,j1_0.preco,i1_0.quantidade from itens_pedido i1_0 left join jogos j1_0 on j1_0.id=i1_0.jogo_id where i1_0.pedido_id=?
2026-06-30T17:52:57.513-03:00 DEBUG 18924 --- [loja-jogos-api] [nio-8080-exec-1] org.hibernate.SQL                        : select i1_0.pedido_id,i1_0.id,i1_0.jogo_id,j1_0.id,j1_0.categoria,j1_0.nome,j1_0.plataforma,j1_0.preco,i1_0.quantidade from itens_pedido i1_0 left join jogos j1_0 on j1_0.id=i1_0.jogo_id where i1_0.pedido_id=?
Hibernate: select i1_0.pedido_id,i1_0.id,i1_0.jogo_id,j1_0.id,j1_0.categoria,j1_0.nome,j1_0.plataforma,j1_0.preco,i1_0.quantidade from itens_pedido i1_0 left join jogos j1_0 on j1_0.id=i1_0.jogo_id where i1_0.pedido_id=?
2026-06-30T17:52:57.515-03:00 DEBUG 18924 --- [loja-jogos-api] [nio-8080-exec-1] org.hibernate.SQL                        : select i1_0.pedido_id,i1_0.id,i1_0.jogo_id,j1_0.id,j1_0.categoria,j1_0.nome,j1_0.plataforma,j1_0.preco,i1_0.quantidade from itens_pedido i1_0 left join jogos j1_0 on j1_0.id=i1_0.jogo_id where i1_0.pedido_id=?
Hibernate: select i1_0.pedido_id,i1_0.id,i1_0.jogo_id,j1_0.id,j1_0.categoria,j1_0.nome,j1_0.plataforma,j1_0.preco,i1_0.quantidade from itens_pedido i1_0 left join jogos j1_0 on j1_0.id=i1_0.jogo_id where i1_0.pedido_id=?
2026-06-30T17:52:57.516-03:00 DEBUG 18924 --- [loja-jogos-api] [nio-8080-exec-1] org.hibernate.SQL                        : select i1_0.pedido_id,i1_0.id,i1_0.jogo_id,j1_0.id,j1_0.categoria,j1_0.nome,j1_0.plataforma,j1_0.preco,i1_0.quantidade from itens_pedido i1_0 left join jogos j1_0 on j1_0.id=i1_0.jogo_id where i1_0.pedido_id=?
Hibernate: select i1_0.pedido_id,i1_0.id,i1_0.jogo_id,j1_0.id,j1_0.categoria,j1_0.nome,j1_0.plataforma,j1_0.preco,i1_0.quantidade from itens_pedido i1_0 left join jogos j1_0 on j1_0.id=i1_0.jogo_id where i1_0.pedido_id=?
2026-06-30T17:52:57.518-03:00 DEBUG 18924 --- [loja-jogos-api] [nio-8080-exec-1] org.hibernate.SQL                        : select i1_0.pedido_id,i1_0.id,i1_0.jogo_id,j1_0.id,j1_0.categoria,j1_0.nome,j1_0.plataforma,j1_0.preco,i1_0.quantidade from itens_pedido i1_0 left join jogos j1_0 on j1_0.id=i1_0.jogo_id where i1_0.pedido_id=?
Hibernate: select i1_0.pedido_id,i1_0.id,i1_0.jogo_id,j1_0.id,j1_0.categoria,j1_0.nome,j1_0.plataforma,j1_0.preco,i1_0.quantidade from itens_pedido i1_0 left join jogos j1_0 on j1_0.id=i1_0.jogo_id where i1_0.pedido_id=?
2026-06-30T17:52:57.519-03:00 DEBUG 18924 --- [loja-jogos-api] [nio-8080-exec-1] org.hibernate.SQL                        : select i1_0.pedido_id,i1_0.id,i1_0.jogo_id,j1_0.id,j1_0.categoria,j1_0.nome,j1_0.plataforma,j1_0.preco,i1_0.quantidade from itens_pedido i1_0 left join jogos j1_0 on j1_0.id=i1_0.jogo_id where i1_0.pedido_id=?
Hibernate: select i1_0.pedido_id,i1_0.id,i1_0.jogo_id,j1_0.id,j1_0.categoria,j1_0.nome,j1_0.plataforma,j1_0.preco,i1_0.quantidade from itens_pedido i1_0 left join jogos j1_0 on j1_0.id=i1_0.jogo_id where i1_0.pedido_id=?
2026-06-30T17:52:57.524-03:00 DEBUG 18924 --- [loja-jogos-api] [nio-8080-exec-1] o.s.w.s.m.m.a.HttpEntityMethodProcessor  : Using 'application/json', given [application/json, text/plain, */*] and supported [application/json, application/*+json]
2026-06-30T17:52:57.526-03:00 DEBUG 18924 --- [loja-jogos-api] [nio-8080-exec-1] o.s.w.s.m.m.a.HttpEntityMethodProcessor  : Writing [[PedidoResponseDTO[id=1, cliente=ClienteResponseDTO[id=1, nome=Teste CORS, email=teste.cors.17828478 (truncated)...]
2026-06-30T17:52:57.529-03:00 DEBUG 18924 --- [loja-jogos-api] [nio-8080-exec-1] o.s.web.servlet.DispatcherServlet        : Completed 200 OK
2026-06-30T17:52:57.539-03:00 DEBUG 18924 --- [loja-jogos-api] [nio-8080-exec-8] o.s.web.servlet.DispatcherServlet        : GET "/pedidos", parameters={}
2026-06-30T17:52:57.540-03:00 DEBUG 18924 --- [loja-jogos-api] [nio-8080-exec-8] s.w.s.m.m.a.RequestMappingHandlerMapping : Mapped to com.lojajogos.controller.PedidoController#listarTodos()
2026-06-30T17:52:57.543-03:00 DEBUG 18924 --- [loja-jogos-api] [nio-8080-exec-8] org.hibernate.SQL                        : select p1_0.id,p1_0.cliente_id,p1_0.cupom_desconto,p1_0.data_pedido,p1_0.mensagemia,p1_0.perfil_cliente,p1_0.recomendacoes,p1_0.status_pedido,p1_0.valor_total from pedidos p1_0
Hibernate: select p1_0.id,p1_0.cliente_id,p1_0.cupom_desconto,p1_0.data_pedido,p1_0.mensagemia,p1_0.perfil_cliente,p1_0.recomendacoes,p1_0.status_pedido,p1_0.valor_total from pedidos p1_0
2026-06-30T17:52:57.545-03:00 DEBUG 18924 --- [loja-jogos-api] [nio-8080-exec-8] org.hibernate.SQL                        : select c1_0.id,c1_0.bairro,c1_0.cep,c1_0.cidade,c1_0.email,c1_0.nome,c1_0.numero,c1_0.pais,c1_0.rua,c1_0.senha,c1_0.telefone from clientes c1_0 where c1_0.id=?
Hibernate: select c1_0.id,c1_0.bairro,c1_0.cep,c1_0.cidade,c1_0.email,c1_0.nome,c1_0.numero,c1_0.pais,c1_0.rua,c1_0.senha,c1_0.telefone from clientes c1_0 where c1_0.id=?
2026-06-30T17:52:57.547-03:00 DEBUG 18924 --- [loja-jogos-api] [nio-8080-exec-8] org.hibernate.SQL                        : select c1_0.id,c1_0.bairro,c1_0.cep,c1_0.cidade,c1_0.email,c1_0.nome,c1_0.numero,c1_0.pais,c1_0.rua,c1_0.senha,c1_0.telefone from clientes c1_0 where c1_0.id=?
Hibernate: select c1_0.id,c1_0.bairro,c1_0.cep,c1_0.cidade,c1_0.email,c1_0.nome,c1_0.numero,c1_0.pais,c1_0.rua,c1_0.senha,c1_0.telefone from clientes c1_0 where c1_0.id=?
2026-06-30T17:52:57.549-03:00 DEBUG 18924 --- [loja-jogos-api] [nio-8080-exec-8] org.hibernate.SQL                        : select c1_0.id,c1_0.bairro,c1_0.cep,c1_0.cidade,c1_0.email,c1_0.nome,c1_0.numero,c1_0.pais,c1_0.rua,c1_0.senha,c1_0.telefone from clientes c1_0 where c1_0.id=?
Hibernate: select c1_0.id,c1_0.bairro,c1_0.cep,c1_0.cidade,c1_0.email,c1_0.nome,c1_0.numero,c1_0.pais,c1_0.rua,c1_0.senha,c1_0.telefone from clientes c1_0 where c1_0.id=?
2026-06-30T17:52:57.552-03:00 DEBUG 18924 --- [loja-jogos-api] [nio-8080-exec-8] org.hibernate.SQL                        : select i1_0.pedido_id,i1_0.id,i1_0.jogo_id,j1_0.id,j1_0.categoria,j1_0.nome,j1_0.plataforma,j1_0.preco,i1_0.quantidade from itens_pedido i1_0 left join jogos j1_0 on j1_0.id=i1_0.jogo_id where i1_0.pedido_id=?
Hibernate: select i1_0.pedido_id,i1_0.id,i1_0.jogo_id,j1_0.id,j1_0.categoria,j1_0.nome,j1_0.plataforma,j1_0.preco,i1_0.quantidade from itens_pedido i1_0 left join jogos j1_0 on j1_0.id=i1_0.jogo_id where i1_0.pedido_id=?
2026-06-30T17:52:57.554-03:00 DEBUG 18924 --- [loja-jogos-api] [nio-8080-exec-8] org.hibernate.SQL                        : select i1_0.pedido_id,i1_0.id,i1_0.jogo_id,j1_0.id,j1_0.categoria,j1_0.nome,j1_0.plataforma,j1_0.preco,i1_0.quantidade from itens_pedido i1_0 left join jogos j1_0 on j1_0.id=i1_0.jogo_id where i1_0.pedido_id=?
Hibernate: select i1_0.pedido_id,i1_0.id,i1_0.jogo_id,j1_0.id,j1_0.categoria,j1_0.nome,j1_0.plataforma,j1_0.preco,i1_0.quantidade from itens_pedido i1_0 left join jogos j1_0 on j1_0.id=i1_0.jogo_id where i1_0.pedido_id=?
2026-06-30T17:52:57.558-03:00 DEBUG 18924 --- [loja-jogos-api] [nio-8080-exec-8] org.hibernate.SQL                        : select i1_0.pedido_id,i1_0.id,i1_0.jogo_id,j1_0.id,j1_0.categoria,j1_0.nome,j1_0.plataforma,j1_0.preco,i1_0.quantidade from itens_pedido i1_0 left join jogos j1_0 on j1_0.id=i1_0.jogo_id where i1_0.pedido_id=?
Hibernate: select i1_0.pedido_id,i1_0.id,i1_0.jogo_id,j1_0.id,j1_0.categoria,j1_0.nome,j1_0.plataforma,j1_0.preco,i1_0.quantidade from itens_pedido i1_0 left join jogos j1_0 on j1_0.id=i1_0.jogo_id where i1_0.pedido_id=?
2026-06-30T17:52:57.563-03:00 DEBUG 18924 --- [loja-jogos-api] [nio-8080-exec-8] org.hibernate.SQL                        : select i1_0.pedido_id,i1_0.id,i1_0.jogo_id,j1_0.id,j1_0.categoria,j1_0.nome,j1_0.plataforma,j1_0.preco,i1_0.quantidade from itens_pedido i1_0 left join jogos j1_0 on j1_0.id=i1_0.jogo_id where i1_0.pedido_id=?
Hibernate: select i1_0.pedido_id,i1_0.id,i1_0.jogo_id,j1_0.id,j1_0.categoria,j1_0.nome,j1_0.plataforma,j1_0.preco,i1_0.quantidade from itens_pedido i1_0 left join jogos j1_0 on j1_0.id=i1_0.jogo_id where i1_0.pedido_id=?
2026-06-30T17:52:57.566-03:00 DEBUG 18924 --- [loja-jogos-api] [nio-8080-exec-8] org.hibernate.SQL                        : select i1_0.pedido_id,i1_0.id,i1_0.jogo_id,j1_0.id,j1_0.categoria,j1_0.nome,j1_0.plataforma,j1_0.preco,i1_0.quantidade from itens_pedido i1_0 left join jogos j1_0 on j1_0.id=i1_0.jogo_id where i1_0.pedido_id=?
Hibernate: select i1_0.pedido_id,i1_0.id,i1_0.jogo_id,j1_0.id,j1_0.categoria,j1_0.nome,j1_0.plataforma,j1_0.preco,i1_0.quantidade from itens_pedido i1_0 left join jogos j1_0 on j1_0.id=i1_0.jogo_id where i1_0.pedido_id=?
2026-06-30T17:52:57.569-03:00 DEBUG 18924 --- [loja-jogos-api] [nio-8080-exec-8] org.hibernate.SQL                        : select i1_0.pedido_id,i1_0.id,i1_0.jogo_id,j1_0.id,j1_0.categoria,j1_0.nome,j1_0.plataforma,j1_0.preco,i1_0.quantidade from itens_pedido i1_0 left join jogos j1_0 on j1_0.id=i1_0.jogo_id where i1_0.pedido_id=?
Hibernate: select i1_0.pedido_id,i1_0.id,i1_0.jogo_id,j1_0.id,j1_0.categoria,j1_0.nome,j1_0.plataforma,j1_0.preco,i1_0.quantidade from itens_pedido i1_0 left join jogos j1_0 on j1_0.id=i1_0.jogo_id where i1_0.pedido_id=?
2026-06-30T17:52:57.570-03:00 DEBUG 18924 --- [loja-jogos-api] [nio-8080-exec-8] org.hibernate.SQL                        : select i1_0.pedido_id,i1_0.id,i1_0.jogo_id,j1_0.id,j1_0.categoria,j1_0.nome,j1_0.plataforma,j1_0.preco,i1_0.quantidade from itens_pedido i1_0 left join jogos j1_0 on j1_0.id=i1_0.jogo_id where i1_0.pedido_id=?
Hibernate: select i1_0.pedido_id,i1_0.id,i1_0.jogo_id,j1_0.id,j1_0.categoria,j1_0.nome,j1_0.plataforma,j1_0.preco,i1_0.quantidade from itens_pedido i1_0 left join jogos j1_0 on j1_0.id=i1_0.jogo_id where i1_0.pedido_id=?
2026-06-30T17:52:57.572-03:00 DEBUG 18924 --- [loja-jogos-api] [nio-8080-exec-8] org.hibernate.SQL                        : select i1_0.pedido_id,i1_0.id,i1_0.jogo_id,j1_0.id,j1_0.categoria,j1_0.nome,j1_0.plataforma,j1_0.preco,i1_0.quantidade from itens_pedido i1_0 left join jogos j1_0 on j1_0.id=i1_0.jogo_id where i1_0.pedido_id=?
Hibernate: select i1_0.pedido_id,i1_0.id,i1_0.jogo_id,j1_0.id,j1_0.categoria,j1_0.nome,j1_0.plataforma,j1_0.preco,i1_0.quantidade from itens_pedido i1_0 left join jogos j1_0 on j1_0.id=i1_0.jogo_id where i1_0.pedido_id=?
2026-06-30T17:52:57.573-03:00 DEBUG 18924 --- [loja-jogos-api] [nio-8080-exec-8] org.hibernate.SQL                        : select i1_0.pedido_id,i1_0.id,i1_0.jogo_id,j1_0.id,j1_0.categoria,j1_0.nome,j1_0.plataforma,j1_0.preco,i1_0.quantidade from itens_pedido i1_0 left join jogos j1_0 on j1_0.id=i1_0.jogo_id where i1_0.pedido_id=?
Hibernate: select i1_0.pedido_id,i1_0.id,i1_0.jogo_id,j1_0.id,j1_0.categoria,j1_0.nome,j1_0.plataforma,j1_0.preco,i1_0.quantidade from itens_pedido i1_0 left join jogos j1_0 on j1_0.id=i1_0.jogo_id where i1_0.pedido_id=?
2026-06-30T17:52:57.574-03:00 DEBUG 18924 --- [loja-jogos-api] [nio-8080-exec-8] o.s.w.s.m.m.a.HttpEntityMethodProcessor  : Using 'application/json', given [application/json, text/plain, */*] and supported [application/json, application/*+json]
2026-06-30T17:52:57.575-03:00 DEBUG 18924 --- [loja-jogos-api] [nio-8080-exec-8] o.s.w.s.m.m.a.HttpEntityMethodProcessor  : Writing [[PedidoResponseDTO[id=1, cliente=ClienteResponseDTO[id=1, nome=Teste CORS, email=teste.cors.17828478 (truncated)...]
2026-06-30T17:52:57.577-03:00 DEBUG 18924 --- [loja-jogos-api] [nio-8080-exec-8] o.s.web.servlet.DispatcherServlet        : Completed 200 OK
2026-06-30T17:53:01.042-03:00 DEBUG 18924 --- [loja-jogos-api] [io-8080-exec-10] o.s.web.servlet.DispatcherServlet        : GET "/pedidos", parameters={}
2026-06-30T17:53:01.043-03:00 DEBUG 18924 --- [loja-jogos-api] [io-8080-exec-10] s.w.s.m.m.a.RequestMappingHandlerMapping : Mapped to com.lojajogos.controller.PedidoController#listarTodos()
2026-06-30T17:53:01.046-03:00 DEBUG 18924 --- [loja-jogos-api] [io-8080-exec-10] org.hibernate.SQL                        : select p1_0.id,p1_0.cliente_id,p1_0.cupom_desconto,p1_0.data_pedido,p1_0.mensagemia,p1_0.perfil_cliente,p1_0.recomendacoes,p1_0.status_pedido,p1_0.valor_total from pedidos p1_0
Hibernate: select p1_0.id,p1_0.cliente_id,p1_0.cupom_desconto,p1_0.data_pedido,p1_0.mensagemia,p1_0.perfil_cliente,p1_0.recomendacoes,p1_0.status_pedido,p1_0.valor_total from pedidos p1_0
2026-06-30T17:53:01.050-03:00 DEBUG 18924 --- [loja-jogos-api] [io-8080-exec-10] org.hibernate.SQL                        : select c1_0.id,c1_0.bairro,c1_0.cep,c1_0.cidade,c1_0.email,c1_0.nome,c1_0.numero,c1_0.pais,c1_0.rua,c1_0.senha,c1_0.telefone from clientes c1_0 where c1_0.id=?
Hibernate: select c1_0.id,c1_0.bairro,c1_0.cep,c1_0.cidade,c1_0.email,c1_0.nome,c1_0.numero,c1_0.pais,c1_0.rua,c1_0.senha,c1_0.telefone from clientes c1_0 where c1_0.id=?
2026-06-30T17:53:01.053-03:00 DEBUG 18924 --- [loja-jogos-api] [io-8080-exec-10] org.hibernate.SQL                        : select c1_0.id,c1_0.bairro,c1_0.cep,c1_0.cidade,c1_0.email,c1_0.nome,c1_0.numero,c1_0.pais,c1_0.rua,c1_0.senha,c1_0.telefone from clientes c1_0 where c1_0.id=?
Hibernate: select c1_0.id,c1_0.bairro,c1_0.cep,c1_0.cidade,c1_0.email,c1_0.nome,c1_0.numero,c1_0.pais,c1_0.rua,c1_0.senha,c1_0.telefone from clientes c1_0 where c1_0.id=?
2026-06-30T17:53:01.056-03:00 DEBUG 18924 --- [loja-jogos-api] [io-8080-exec-10] org.hibernate.SQL                        : select c1_0.id,c1_0.bairro,c1_0.cep,c1_0.cidade,c1_0.email,c1_0.nome,c1_0.numero,c1_0.pais,c1_0.rua,c1_0.senha,c1_0.telefone from clientes c1_0 where c1_0.id=?
Hibernate: select c1_0.id,c1_0.bairro,c1_0.cep,c1_0.cidade,c1_0.email,c1_0.nome,c1_0.numero,c1_0.pais,c1_0.rua,c1_0.senha,c1_0.telefone from clientes c1_0 where c1_0.id=?
2026-06-30T17:53:01.059-03:00 DEBUG 18924 --- [loja-jogos-api] [io-8080-exec-10] org.hibernate.SQL                        : select i1_0.pedido_id,i1_0.id,i1_0.jogo_id,j1_0.id,j1_0.categoria,j1_0.nome,j1_0.plataforma,j1_0.preco,i1_0.quantidade from itens_pedido i1_0 left join jogos j1_0 on j1_0.id=i1_0.jogo_id where i1_0.pedido_id=?
Hibernate: select i1_0.pedido_id,i1_0.id,i1_0.jogo_id,j1_0.id,j1_0.categoria,j1_0.nome,j1_0.plataforma,j1_0.preco,i1_0.quantidade from itens_pedido i1_0 left join jogos j1_0 on j1_0.id=i1_0.jogo_id where i1_0.pedido_id=?
2026-06-30T17:53:01.068-03:00 DEBUG 18924 --- [loja-jogos-api] [io-8080-exec-10] org.hibernate.SQL                        : select i1_0.pedido_id,i1_0.id,i1_0.jogo_id,j1_0.id,j1_0.categoria,j1_0.nome,j1_0.plataforma,j1_0.preco,i1_0.quantidade from itens_pedido i1_0 left join jogos j1_0 on j1_0.id=i1_0.jogo_id where i1_0.pedido_id=?
Hibernate: select i1_0.pedido_id,i1_0.id,i1_0.jogo_id,j1_0.id,j1_0.categoria,j1_0.nome,j1_0.plataforma,j1_0.preco,i1_0.quantidade from itens_pedido i1_0 left join jogos j1_0 on j1_0.id=i1_0.jogo_id where i1_0.pedido_id=?
2026-06-30T17:53:01.071-03:00 DEBUG 18924 --- [loja-jogos-api] [io-8080-exec-10] org.hibernate.SQL                        : select i1_0.pedido_id,i1_0.id,i1_0.jogo_id,j1_0.id,j1_0.categoria,j1_0.nome,j1_0.plataforma,j1_0.preco,i1_0.quantidade from itens_pedido i1_0 left join jogos j1_0 on j1_0.id=i1_0.jogo_id where i1_0.pedido_id=?
Hibernate: select i1_0.pedido_id,i1_0.id,i1_0.jogo_id,j1_0.id,j1_0.categoria,j1_0.nome,j1_0.plataforma,j1_0.preco,i1_0.quantidade from itens_pedido i1_0 left join jogos j1_0 on j1_0.id=i1_0.jogo_id where i1_0.pedido_id=?
2026-06-30T17:53:01.072-03:00 DEBUG 18924 --- [loja-jogos-api] [io-8080-exec-10] org.hibernate.SQL                        : select i1_0.pedido_id,i1_0.id,i1_0.jogo_id,j1_0.id,j1_0.categoria,j1_0.nome,j1_0.plataforma,j1_0.preco,i1_0.quantidade from itens_pedido i1_0 left join jogos j1_0 on j1_0.id=i1_0.jogo_id where i1_0.pedido_id=?
Hibernate: select i1_0.pedido_id,i1_0.id,i1_0.jogo_id,j1_0.id,j1_0.categoria,j1_0.nome,j1_0.plataforma,j1_0.preco,i1_0.quantidade from itens_pedido i1_0 left join jogos j1_0 on j1_0.id=i1_0.jogo_id where i1_0.pedido_id=?
2026-06-30T17:53:01.073-03:00 DEBUG 18924 --- [loja-jogos-api] [io-8080-exec-10] org.hibernate.SQL                        : select i1_0.pedido_id,i1_0.id,i1_0.jogo_id,j1_0.id,j1_0.categoria,j1_0.nome,j1_0.plataforma,j1_0.preco,i1_0.quantidade from itens_pedido i1_0 left join jogos j1_0 on j1_0.id=i1_0.jogo_id where i1_0.pedido_id=?
Hibernate: select i1_0.pedido_id,i1_0.id,i1_0.jogo_id,j1_0.id,j1_0.categoria,j1_0.nome,j1_0.plataforma,j1_0.preco,i1_0.quantidade from itens_pedido i1_0 left join jogos j1_0 on j1_0.id=i1_0.jogo_id where i1_0.pedido_id=?
2026-06-30T17:53:01.075-03:00 DEBUG 18924 --- [loja-jogos-api] [io-8080-exec-10] org.hibernate.SQL                        : select i1_0.pedido_id,i1_0.id,i1_0.jogo_id,j1_0.id,j1_0.categoria,j1_0.nome,j1_0.plataforma,j1_0.preco,i1_0.quantidade from itens_pedido i1_0 left join jogos j1_0 on j1_0.id=i1_0.jogo_id where i1_0.pedido_id=?
Hibernate: select i1_0.pedido_id,i1_0.id,i1_0.jogo_id,j1_0.id,j1_0.categoria,j1_0.nome,j1_0.plataforma,j1_0.preco,i1_0.quantidade from itens_pedido i1_0 left join jogos j1_0 on j1_0.id=i1_0.jogo_id where i1_0.pedido_id=?
2026-06-30T17:53:01.076-03:00 DEBUG 18924 --- [loja-jogos-api] [io-8080-exec-10] org.hibernate.SQL                        : select i1_0.pedido_id,i1_0.id,i1_0.jogo_id,j1_0.id,j1_0.categoria,j1_0.nome,j1_0.plataforma,j1_0.preco,i1_0.quantidade from itens_pedido i1_0 left join jogos j1_0 on j1_0.id=i1_0.jogo_id where i1_0.pedido_id=?
Hibernate: select i1_0.pedido_id,i1_0.id,i1_0.jogo_id,j1_0.id,j1_0.categoria,j1_0.nome,j1_0.plataforma,j1_0.preco,i1_0.quantidade from itens_pedido i1_0 left join jogos j1_0 on j1_0.id=i1_0.jogo_id where i1_0.pedido_id=?
2026-06-30T17:53:01.077-03:00 DEBUG 18924 --- [loja-jogos-api] [io-8080-exec-10] org.hibernate.SQL                        : select i1_0.pedido_id,i1_0.id,i1_0.jogo_id,j1_0.id,j1_0.categoria,j1_0.nome,j1_0.plataforma,j1_0.preco,i1_0.quantidade from itens_pedido i1_0 left join jogos j1_0 on j1_0.id=i1_0.jogo_id where i1_0.pedido_id=?
Hibernate: select i1_0.pedido_id,i1_0.id,i1_0.jogo_id,j1_0.id,j1_0.categoria,j1_0.nome,j1_0.plataforma,j1_0.preco,i1_0.quantidade from itens_pedido i1_0 left join jogos j1_0 on j1_0.id=i1_0.jogo_id where i1_0.pedido_id=?
2026-06-30T17:53:01.079-03:00 DEBUG 18924 --- [loja-jogos-api] [io-8080-exec-10] org.hibernate.SQL                        : select i1_0.pedido_id,i1_0.id,i1_0.jogo_id,j1_0.id,j1_0.categoria,j1_0.nome,j1_0.plataforma,j1_0.preco,i1_0.quantidade from itens_pedido i1_0 left join jogos j1_0 on j1_0.id=i1_0.jogo_id where i1_0.pedido_id=?
Hibernate: select i1_0.pedido_id,i1_0.id,i1_0.jogo_id,j1_0.id,j1_0.categoria,j1_0.nome,j1_0.plataforma,j1_0.preco,i1_0.quantidade from itens_pedido i1_0 left join jogos j1_0 on j1_0.id=i1_0.jogo_id where i1_0.pedido_id=?
2026-06-30T17:53:01.083-03:00 DEBUG 18924 --- [loja-jogos-api] [io-8080-exec-10] o.s.w.s.m.m.a.HttpEntityMethodProcessor  : Using 'application/json', given [application/json, text/plain, */*] and supported [application/json, application/*+json]
2026-06-30T17:53:01.085-03:00 DEBUG 18924 --- [loja-jogos-api] [io-8080-exec-10] o.s.w.s.m.m.a.HttpEntityMethodProcessor  : Writing [[PedidoResponseDTO[id=1, cliente=ClienteResponseDTO[id=1, nome=Teste CORS, email=teste.cors.17828478 (truncated)...]
2026-06-30T17:53:01.086-03:00 DEBUG 18924 --- [loja-jogos-api] [io-8080-exec-10] o.s.web.servlet.DispatcherServlet        : Completed 200 OK
2026-06-30T17:53:01.099-03:00 DEBUG 18924 --- [loja-jogos-api] [nio-8080-exec-7] o.s.web.servlet.DispatcherServlet        : GET "/pedidos", parameters={}
2026-06-30T17:53:01.101-03:00 DEBUG 18924 --- [loja-jogos-api] [nio-8080-exec-7] s.w.s.m.m.a.RequestMappingHandlerMapping : Mapped to com.lojajogos.controller.PedidoController#listarTodos()
2026-06-30T17:53:01.103-03:00 DEBUG 18924 --- [loja-jogos-api] [nio-8080-exec-7] org.hibernate.SQL                        : select p1_0.id,p1_0.cliente_id,p1_0.cupom_desconto,p1_0.data_pedido,p1_0.mensagemia,p1_0.perfil_cliente,p1_0.recomendacoes,p1_0.status_pedido,p1_0.valor_total from pedidos p1_0
Hibernate: select p1_0.id,p1_0.cliente_id,p1_0.cupom_desconto,p1_0.data_pedido,p1_0.mensagemia,p1_0.perfil_cliente,p1_0.recomendacoes,p1_0.status_pedido,p1_0.valor_total from pedidos p1_0
2026-06-30T17:53:01.104-03:00 DEBUG 18924 --- [loja-jogos-api] [nio-8080-exec-7] org.hibernate.SQL                        : select c1_0.id,c1_0.bairro,c1_0.cep,c1_0.cidade,c1_0.email,c1_0.nome,c1_0.numero,c1_0.pais,c1_0.rua,c1_0.senha,c1_0.telefone from clientes c1_0 where c1_0.id=?
Hibernate: select c1_0.id,c1_0.bairro,c1_0.cep,c1_0.cidade,c1_0.email,c1_0.nome,c1_0.numero,c1_0.pais,c1_0.rua,c1_0.senha,c1_0.telefone from clientes c1_0 where c1_0.id=?
2026-06-30T17:53:01.105-03:00 DEBUG 18924 --- [loja-jogos-api] [nio-8080-exec-7] org.hibernate.SQL                        : select c1_0.id,c1_0.bairro,c1_0.cep,c1_0.cidade,c1_0.email,c1_0.nome,c1_0.numero,c1_0.pais,c1_0.rua,c1_0.senha,c1_0.telefone from clientes c1_0 where c1_0.id=?
Hibernate: select c1_0.id,c1_0.bairro,c1_0.cep,c1_0.cidade,c1_0.email,c1_0.nome,c1_0.numero,c1_0.pais,c1_0.rua,c1_0.senha,c1_0.telefone from clientes c1_0 where c1_0.id=?
2026-06-30T17:53:01.106-03:00 DEBUG 18924 --- [loja-jogos-api] [nio-8080-exec-7] org.hibernate.SQL                        : select c1_0.id,c1_0.bairro,c1_0.cep,c1_0.cidade,c1_0.email,c1_0.nome,c1_0.numero,c1_0.pais,c1_0.rua,c1_0.senha,c1_0.telefone from clientes c1_0 where c1_0.id=?
Hibernate: select c1_0.id,c1_0.bairro,c1_0.cep,c1_0.cidade,c1_0.email,c1_0.nome,c1_0.numero,c1_0.pais,c1_0.rua,c1_0.senha,c1_0.telefone from clientes c1_0 where c1_0.id=?
2026-06-30T17:53:01.108-03:00 DEBUG 18924 --- [loja-jogos-api] [nio-8080-exec-7] org.hibernate.SQL                        : select i1_0.pedido_id,i1_0.id,i1_0.jogo_id,j1_0.id,j1_0.categoria,j1_0.nome,j1_0.plataforma,j1_0.preco,i1_0.quantidade from itens_pedido i1_0 left join jogos j1_0 on j1_0.id=i1_0.jogo_id where i1_0.pedido_id=?
Hibernate: select i1_0.pedido_id,i1_0.id,i1_0.jogo_id,j1_0.id,j1_0.categoria,j1_0.nome,j1_0.plataforma,j1_0.preco,i1_0.quantidade from itens_pedido i1_0 left join jogos j1_0 on j1_0.id=i1_0.jogo_id where i1_0.pedido_id=?
2026-06-30T17:53:01.109-03:00 DEBUG 18924 --- [loja-jogos-api] [nio-8080-exec-7] org.hibernate.SQL                        : select i1_0.pedido_id,i1_0.id,i1_0.jogo_id,j1_0.id,j1_0.categoria,j1_0.nome,j1_0.plataforma,j1_0.preco,i1_0.quantidade from itens_pedido i1_0 left join jogos j1_0 on j1_0.id=i1_0.jogo_id where i1_0.pedido_id=?
Hibernate: select i1_0.pedido_id,i1_0.id,i1_0.jogo_id,j1_0.id,j1_0.categoria,j1_0.nome,j1_0.plataforma,j1_0.preco,i1_0.quantidade from itens_pedido i1_0 left join jogos j1_0 on j1_0.id=i1_0.jogo_id where i1_0.pedido_id=?
2026-06-30T17:53:01.113-03:00 DEBUG 18924 --- [loja-jogos-api] [nio-8080-exec-7] org.hibernate.SQL                        : select i1_0.pedido_id,i1_0.id,i1_0.jogo_id,j1_0.id,j1_0.categoria,j1_0.nome,j1_0.plataforma,j1_0.preco,i1_0.quantidade from itens_pedido i1_0 left join jogos j1_0 on j1_0.id=i1_0.jogo_id where i1_0.pedido_id=?
Hibernate: select i1_0.pedido_id,i1_0.id,i1_0.jogo_id,j1_0.id,j1_0.categoria,j1_0.nome,j1_0.plataforma,j1_0.preco,i1_0.quantidade from itens_pedido i1_0 left join jogos j1_0 on j1_0.id=i1_0.jogo_id where i1_0.pedido_id=?
2026-06-30T17:53:01.114-03:00 DEBUG 18924 --- [loja-jogos-api] [nio-8080-exec-7] org.hibernate.SQL                        : select i1_0.pedido_id,i1_0.id,i1_0.jogo_id,j1_0.id,j1_0.categoria,j1_0.nome,j1_0.plataforma,j1_0.preco,i1_0.quantidade from itens_pedido i1_0 left join jogos j1_0 on j1_0.id=i1_0.jogo_id where i1_0.pedido_id=?
Hibernate: select i1_0.pedido_id,i1_0.id,i1_0.jogo_id,j1_0.id,j1_0.categoria,j1_0.nome,j1_0.plataforma,j1_0.preco,i1_0.quantidade from itens_pedido i1_0 left join jogos j1_0 on j1_0.id=i1_0.jogo_id where i1_0.pedido_id=?
2026-06-30T17:53:01.116-03:00 DEBUG 18924 --- [loja-jogos-api] [nio-8080-exec-7] org.hibernate.SQL                        : select i1_0.pedido_id,i1_0.id,i1_0.jogo_id,j1_0.id,j1_0.categoria,j1_0.nome,j1_0.plataforma,j1_0.preco,i1_0.quantidade from itens_pedido i1_0 left join jogos j1_0 on j1_0.id=i1_0.jogo_id where i1_0.pedido_id=?
Hibernate: select i1_0.pedido_id,i1_0.id,i1_0.jogo_id,j1_0.id,j1_0.categoria,j1_0.nome,j1_0.plataforma,j1_0.preco,i1_0.quantidade from itens_pedido i1_0 left join jogos j1_0 on j1_0.id=i1_0.jogo_id where i1_0.pedido_id=?
2026-06-30T17:53:01.118-03:00 DEBUG 18924 --- [loja-jogos-api] [nio-8080-exec-7] org.hibernate.SQL                        : select i1_0.pedido_id,i1_0.id,i1_0.jogo_id,j1_0.id,j1_0.categoria,j1_0.nome,j1_0.plataforma,j1_0.preco,i1_0.quantidade from itens_pedido i1_0 left join jogos j1_0 on j1_0.id=i1_0.jogo_id where i1_0.pedido_id=?
Hibernate: select i1_0.pedido_id,i1_0.id,i1_0.jogo_id,j1_0.id,j1_0.categoria,j1_0.nome,j1_0.plataforma,j1_0.preco,i1_0.quantidade from itens_pedido i1_0 left join jogos j1_0 on j1_0.id=i1_0.jogo_id where i1_0.pedido_id=?
2026-06-30T17:53:01.120-03:00 DEBUG 18924 --- [loja-jogos-api] [nio-8080-exec-7] org.hibernate.SQL                        : select i1_0.pedido_id,i1_0.id,i1_0.jogo_id,j1_0.id,j1_0.categoria,j1_0.nome,j1_0.plataforma,j1_0.preco,i1_0.quantidade from itens_pedido i1_0 left join jogos j1_0 on j1_0.id=i1_0.jogo_id where i1_0.pedido_id=?
Hibernate: select i1_0.pedido_id,i1_0.id,i1_0.jogo_id,j1_0.id,j1_0.categoria,j1_0.nome,j1_0.plataforma,j1_0.preco,i1_0.quantidade from itens_pedido i1_0 left join jogos j1_0 on j1_0.id=i1_0.jogo_id where i1_0.pedido_id=?
2026-06-30T17:53:01.123-03:00 DEBUG 18924 --- [loja-jogos-api] [nio-8080-exec-7] org.hibernate.SQL                        : select i1_0.pedido_id,i1_0.id,i1_0.jogo_id,j1_0.id,j1_0.categoria,j1_0.nome,j1_0.plataforma,j1_0.preco,i1_0.quantidade from itens_pedido i1_0 left join jogos j1_0 on j1_0.id=i1_0.jogo_id where i1_0.pedido_id=?
Hibernate: select i1_0.pedido_id,i1_0.id,i1_0.jogo_id,j1_0.id,j1_0.categoria,j1_0.nome,j1_0.plataforma,j1_0.preco,i1_0.quantidade from itens_pedido i1_0 left join jogos j1_0 on j1_0.id=i1_0.jogo_id where i1_0.pedido_id=?
2026-06-30T17:53:01.129-03:00 DEBUG 18924 --- [loja-jogos-api] [nio-8080-exec-7] org.hibernate.SQL                        : select i1_0.pedido_id,i1_0.id,i1_0.jogo_id,j1_0.id,j1_0.categoria,j1_0.nome,j1_0.plataforma,j1_0.preco,i1_0.quantidade from itens_pedido i1_0 left join jogos j1_0 on j1_0.id=i1_0.jogo_id where i1_0.pedido_id=?
Hibernate: select i1_0.pedido_id,i1_0.id,i1_0.jogo_id,j1_0.id,j1_0.categoria,j1_0.nome,j1_0.plataforma,j1_0.preco,i1_0.quantidade from itens_pedido i1_0 left join jogos j1_0 on j1_0.id=i1_0.jogo_id where i1_0.pedido_id=?
2026-06-30T17:53:01.135-03:00 DEBUG 18924 --- [loja-jogos-api] [nio-8080-exec-7] o.s.w.s.m.m.a.HttpEntityMethodProcessor  : Using 'application/json', given [application/json, text/plain, */*] and supported [application/json, application/*+json]
2026-06-30T17:53:01.139-03:00 DEBUG 18924 --- [loja-jogos-api] [nio-8080-exec-7] o.s.w.s.m.m.a.HttpEntityMethodProcessor  : Writing [[PedidoResponseDTO[id=1, cliente=ClienteResponseDTO[id=1, nome=Teste CORS, email=teste.cors.17828478 (truncated)...]
2026-06-30T17:53:01.141-03:00 DEBUG 18924 --- [loja-jogos-api] [nio-8080-exec-7] o.s.web.servlet.DispatcherServlet        : Completed 200 OK
2026-06-30T17:53:19.943-03:00 DEBUG 18924 --- [loja-jogos-api] [nio-8080-exec-3] o.s.web.servlet.DispatcherServlet        : GET "/jogos", parameters={}
2026-06-30T17:53:19.943-03:00 DEBUG 18924 --- [loja-jogos-api] [nio-8080-exec-3] s.w.s.m.m.a.RequestMappingHandlerMapping : Mapped to com.lojajogos.controller.JogoController#listarTodos()
2026-06-30T17:53:19.946-03:00 DEBUG 18924 --- [loja-jogos-api] [nio-8080-exec-3] org.hibernate.SQL                        : select j1_0.id,j1_0.categoria,j1_0.nome,j1_0.plataforma,j1_0.preco from jogos j1_0
Hibernate: select j1_0.id,j1_0.categoria,j1_0.nome,j1_0.plataforma,j1_0.preco from jogos j1_0
2026-06-30T17:53:19.948-03:00 DEBUG 18924 --- [loja-jogos-api] [nio-8080-exec-3] o.s.w.s.m.m.a.HttpEntityMethodProcessor  : Using 'application/json', given [application/json, text/plain, */*] and supported [application/json, application/*+json]
2026-06-30T17:53:19.949-03:00 DEBUG 18924 --- [loja-jogos-api] [nio-8080-exec-3] o.s.w.s.m.m.a.HttpEntityMethodProcessor  : Writing [[JogoResponseDTO[id=1, nome=Halo Infinite, categoria=Acao, plataforma=Xbox Series, preco=199.90], Jo (truncated)...]
2026-06-30T17:53:19.951-03:00 DEBUG 18924 --- [loja-jogos-api] [nio-8080-exec-3] o.s.web.servlet.DispatcherServlet        : Completed 200 OK
2026-06-30T17:53:19.960-03:00 DEBUG 18924 --- [loja-jogos-api] [nio-8080-exec-9] o.s.web.servlet.DispatcherServlet        : GET "/jogos", parameters={}
2026-06-30T17:53:19.961-03:00 DEBUG 18924 --- [loja-jogos-api] [nio-8080-exec-9] s.w.s.m.m.a.RequestMappingHandlerMapping : Mapped to com.lojajogos.controller.JogoController#listarTodos()
2026-06-30T17:53:19.965-03:00 DEBUG 18924 --- [loja-jogos-api] [nio-8080-exec-9] org.hibernate.SQL                        : select j1_0.id,j1_0.categoria,j1_0.nome,j1_0.plataforma,j1_0.preco from jogos j1_0
Hibernate: select j1_0.id,j1_0.categoria,j1_0.nome,j1_0.plataforma,j1_0.preco from jogos j1_0
2026-06-30T17:53:19.968-03:00 DEBUG 18924 --- [loja-jogos-api] [nio-8080-exec-9] o.s.w.s.m.m.a.HttpEntityMethodProcessor  : Using 'application/json', given [application/json, text/plain, */*] and supported [application/json, application/*+json]
2026-06-30T17:53:19.969-03:00 DEBUG 18924 --- [loja-jogos-api] [nio-8080-exec-9] o.s.w.s.m.m.a.HttpEntityMethodProcessor  : Writing [[JogoResponseDTO[id=1, nome=Halo Infinite, categoria=Acao, plataforma=Xbox Series, preco=199.90], Jo (truncated)...]
2026-06-30T17:53:19.971-03:00 DEBUG 18924 --- [loja-jogos-api] [nio-8080-exec-9] o.s.web.servlet.DispatcherServlet        : Completed 200 OK
2026-06-30T17:53:21.593-03:00 DEBUG 18924 --- [loja-jogos-api] [nio-8080-exec-6] o.s.web.servlet.DispatcherServlet        : GET "/jogos", parameters={}
2026-06-30T17:53:21.595-03:00 DEBUG 18924 --- [loja-jogos-api] [nio-8080-exec-6] s.w.s.m.m.a.RequestMappingHandlerMapping : Mapped to com.lojajogos.controller.JogoController#listarTodos()
2026-06-30T17:53:21.599-03:00 DEBUG 18924 --- [loja-jogos-api] [nio-8080-exec-6] org.hibernate.SQL                        : select j1_0.id,j1_0.categoria,j1_0.nome,j1_0.plataforma,j1_0.preco from jogos j1_0
Hibernate: select j1_0.id,j1_0.categoria,j1_0.nome,j1_0.plataforma,j1_0.preco from jogos j1_0
2026-06-30T17:53:21.604-03:00 DEBUG 18924 --- [loja-jogos-api] [nio-8080-exec-6] o.s.w.s.m.m.a.HttpEntityMethodProcessor  : Using 'application/json', given [application/json, text/plain, */*] and supported [application/json, application/*+json]
2026-06-30T17:53:21.605-03:00 DEBUG 18924 --- [loja-jogos-api] [nio-8080-exec-6] o.s.w.s.m.m.a.HttpEntityMethodProcessor  : Writing [[JogoResponseDTO[id=1, nome=Halo Infinite, categoria=Acao, plataforma=Xbox Series, preco=199.90], Jo (truncated)...]
2026-06-30T17:53:21.606-03:00 DEBUG 18924 --- [loja-jogos-api] [nio-8080-exec-6] o.s.web.servlet.DispatcherServlet        : Completed 200 OK
2026-06-30T17:53:21.615-03:00 DEBUG 18924 --- [loja-jogos-api] [nio-8080-exec-2] o.s.web.servlet.DispatcherServlet        : GET "/jogos", parameters={}
2026-06-30T17:53:21.616-03:00 DEBUG 18924 --- [loja-jogos-api] [nio-8080-exec-2] s.w.s.m.m.a.RequestMappingHandlerMapping : Mapped to com.lojajogos.controller.JogoController#listarTodos()
2026-06-30T17:53:21.619-03:00 DEBUG 18924 --- [loja-jogos-api] [nio-8080-exec-2] org.hibernate.SQL                        : select j1_0.id,j1_0.categoria,j1_0.nome,j1_0.plataforma,j1_0.preco from jogos j1_0
Hibernate: select j1_0.id,j1_0.categoria,j1_0.nome,j1_0.plataforma,j1_0.preco from jogos j1_0
2026-06-30T17:53:21.623-03:00 DEBUG 18924 --- [loja-jogos-api] [nio-8080-exec-2] o.s.w.s.m.m.a.HttpEntityMethodProcessor  : Using 'application/json', given [application/json, text/plain, */*] and supported [application/json, application/*+json]
2026-06-30T17:53:21.625-03:00 DEBUG 18924 --- [loja-jogos-api] [nio-8080-exec-2] o.s.w.s.m.m.a.HttpEntityMethodProcessor  : Writing [[JogoResponseDTO[id=1, nome=Halo Infinite, categoria=Acao, plataforma=Xbox Series, preco=199.90], Jo (truncated)...]
2026-06-30T17:53:21.628-03:00 DEBUG 18924 --- [loja-jogos-api] [nio-8080-exec-2] o.s.web.servlet.DispatcherServlet        : Completed 200 OK
2026-06-30T17:53:25.019-03:00 DEBUG 18924 --- [loja-jogos-api] [nio-8080-exec-5] o.s.web.servlet.DispatcherServlet        : GET "/pedidos", parameters={}
2026-06-30T17:53:25.022-03:00 DEBUG 18924 --- [loja-jogos-api] [nio-8080-exec-5] s.w.s.m.m.a.RequestMappingHandlerMapping : Mapped to com.lojajogos.controller.PedidoController#listarTodos()
2026-06-30T17:53:25.026-03:00 DEBUG 18924 --- [loja-jogos-api] [nio-8080-exec-5] org.hibernate.SQL                        : select p1_0.id,p1_0.cliente_id,p1_0.cupom_desconto,p1_0.data_pedido,p1_0.mensagemia,p1_0.perfil_cliente,p1_0.recomendacoes,p1_0.status_pedido,p1_0.valor_total from pedidos p1_0
Hibernate: select p1_0.id,p1_0.cliente_id,p1_0.cupom_desconto,p1_0.data_pedido,p1_0.mensagemia,p1_0.perfil_cliente,p1_0.recomendacoes,p1_0.status_pedido,p1_0.valor_total from pedidos p1_0
2026-06-30T17:53:25.027-03:00 DEBUG 18924 --- [loja-jogos-api] [nio-8080-exec-5] org.hibernate.SQL                        : select c1_0.id,c1_0.bairro,c1_0.cep,c1_0.cidade,c1_0.email,c1_0.nome,c1_0.numero,c1_0.pais,c1_0.rua,c1_0.senha,c1_0.telefone from clientes c1_0 where c1_0.id=?
Hibernate: select c1_0.id,c1_0.bairro,c1_0.cep,c1_0.cidade,c1_0.email,c1_0.nome,c1_0.numero,c1_0.pais,c1_0.rua,c1_0.senha,c1_0.telefone from clientes c1_0 where c1_0.id=?
2026-06-30T17:53:25.028-03:00 DEBUG 18924 --- [loja-jogos-api] [nio-8080-exec-5] org.hibernate.SQL                        : select c1_0.id,c1_0.bairro,c1_0.cep,c1_0.cidade,c1_0.email,c1_0.nome,c1_0.numero,c1_0.pais,c1_0.rua,c1_0.senha,c1_0.telefone from clientes c1_0 where c1_0.id=?
Hibernate: select c1_0.id,c1_0.bairro,c1_0.cep,c1_0.cidade,c1_0.email,c1_0.nome,c1_0.numero,c1_0.pais,c1_0.rua,c1_0.senha,c1_0.telefone from clientes c1_0 where c1_0.id=?
2026-06-30T17:53:25.031-03:00 DEBUG 18924 --- [loja-jogos-api] [nio-8080-exec-5] org.hibernate.SQL                        : select c1_0.id,c1_0.bairro,c1_0.cep,c1_0.cidade,c1_0.email,c1_0.nome,c1_0.numero,c1_0.pais,c1_0.rua,c1_0.senha,c1_0.telefone from clientes c1_0 where c1_0.id=?
Hibernate: select c1_0.id,c1_0.bairro,c1_0.cep,c1_0.cidade,c1_0.email,c1_0.nome,c1_0.numero,c1_0.pais,c1_0.rua,c1_0.senha,c1_0.telefone from clientes c1_0 where c1_0.id=?
2026-06-30T17:53:25.033-03:00 DEBUG 18924 --- [loja-jogos-api] [nio-8080-exec-5] org.hibernate.SQL                        : select i1_0.pedido_id,i1_0.id,i1_0.jogo_id,j1_0.id,j1_0.categoria,j1_0.nome,j1_0.plataforma,j1_0.preco,i1_0.quantidade from itens_pedido i1_0 left join jogos j1_0 on j1_0.id=i1_0.jogo_id where i1_0.pedido_id=?
Hibernate: select i1_0.pedido_id,i1_0.id,i1_0.jogo_id,j1_0.id,j1_0.categoria,j1_0.nome,j1_0.plataforma,j1_0.preco,i1_0.quantidade from itens_pedido i1_0 left join jogos j1_0 on j1_0.id=i1_0.jogo_id where i1_0.pedido_id=?
2026-06-30T17:53:25.035-03:00 DEBUG 18924 --- [loja-jogos-api] [nio-8080-exec-5] org.hibernate.SQL                        : select i1_0.pedido_id,i1_0.id,i1_0.jogo_id,j1_0.id,j1_0.categoria,j1_0.nome,j1_0.plataforma,j1_0.preco,i1_0.quantidade from itens_pedido i1_0 left join jogos j1_0 on j1_0.id=i1_0.jogo_id where i1_0.pedido_id=?
Hibernate: select i1_0.pedido_id,i1_0.id,i1_0.jogo_id,j1_0.id,j1_0.categoria,j1_0.nome,j1_0.plataforma,j1_0.preco,i1_0.quantidade from itens_pedido i1_0 left join jogos j1_0 on j1_0.id=i1_0.jogo_id where i1_0.pedido_id=?
2026-06-30T17:53:25.036-03:00 DEBUG 18924 --- [loja-jogos-api] [nio-8080-exec-5] org.hibernate.SQL                        : select i1_0.pedido_id,i1_0.id,i1_0.jogo_id,j1_0.id,j1_0.categoria,j1_0.nome,j1_0.plataforma,j1_0.preco,i1_0.quantidade from itens_pedido i1_0 left join jogos j1_0 on j1_0.id=i1_0.jogo_id where i1_0.pedido_id=?
Hibernate: select i1_0.pedido_id,i1_0.id,i1_0.jogo_id,j1_0.id,j1_0.categoria,j1_0.nome,j1_0.plataforma,j1_0.preco,i1_0.quantidade from itens_pedido i1_0 left join jogos j1_0 on j1_0.id=i1_0.jogo_id where i1_0.pedido_id=?
2026-06-30T17:53:25.037-03:00 DEBUG 18924 --- [loja-jogos-api] [nio-8080-exec-5] org.hibernate.SQL                        : select i1_0.pedido_id,i1_0.id,i1_0.jogo_id,j1_0.id,j1_0.categoria,j1_0.nome,j1_0.plataforma,j1_0.preco,i1_0.quantidade from itens_pedido i1_0 left join jogos j1_0 on j1_0.id=i1_0.jogo_id where i1_0.pedido_id=?
Hibernate: select i1_0.pedido_id,i1_0.id,i1_0.jogo_id,j1_0.id,j1_0.categoria,j1_0.nome,j1_0.plataforma,j1_0.preco,i1_0.quantidade from itens_pedido i1_0 left join jogos j1_0 on j1_0.id=i1_0.jogo_id where i1_0.pedido_id=?
2026-06-30T17:53:25.038-03:00 DEBUG 18924 --- [loja-jogos-api] [nio-8080-exec-5] org.hibernate.SQL                        : select i1_0.pedido_id,i1_0.id,i1_0.jogo_id,j1_0.id,j1_0.categoria,j1_0.nome,j1_0.plataforma,j1_0.preco,i1_0.quantidade from itens_pedido i1_0 left join jogos j1_0 on j1_0.id=i1_0.jogo_id where i1_0.pedido_id=?
Hibernate: select i1_0.pedido_id,i1_0.id,i1_0.jogo_id,j1_0.id,j1_0.categoria,j1_0.nome,j1_0.plataforma,j1_0.preco,i1_0.quantidade from itens_pedido i1_0 left join jogos j1_0 on j1_0.id=i1_0.jogo_id where i1_0.pedido_id=?
2026-06-30T17:53:25.040-03:00 DEBUG 18924 --- [loja-jogos-api] [nio-8080-exec-5] org.hibernate.SQL                        : select i1_0.pedido_id,i1_0.id,i1_0.jogo_id,j1_0.id,j1_0.categoria,j1_0.nome,j1_0.plataforma,j1_0.preco,i1_0.quantidade from itens_pedido i1_0 left join jogos j1_0 on j1_0.id=i1_0.jogo_id where i1_0.pedido_id=?
Hibernate: select i1_0.pedido_id,i1_0.id,i1_0.jogo_id,j1_0.id,j1_0.categoria,j1_0.nome,j1_0.plataforma,j1_0.preco,i1_0.quantidade from itens_pedido i1_0 left join jogos j1_0 on j1_0.id=i1_0.jogo_id where i1_0.pedido_id=?
2026-06-30T17:53:25.041-03:00 DEBUG 18924 --- [loja-jogos-api] [nio-8080-exec-5] org.hibernate.SQL                        : select i1_0.pedido_id,i1_0.id,i1_0.jogo_id,j1_0.id,j1_0.categoria,j1_0.nome,j1_0.plataforma,j1_0.preco,i1_0.quantidade from itens_pedido i1_0 left join jogos j1_0 on j1_0.id=i1_0.jogo_id where i1_0.pedido_id=?
Hibernate: select i1_0.pedido_id,i1_0.id,i1_0.jogo_id,j1_0.id,j1_0.categoria,j1_0.nome,j1_0.plataforma,j1_0.preco,i1_0.quantidade from itens_pedido i1_0 left join jogos j1_0 on j1_0.id=i1_0.jogo_id where i1_0.pedido_id=?
2026-06-30T17:53:25.042-03:00 DEBUG 18924 --- [loja-jogos-api] [nio-8080-exec-5] org.hibernate.SQL                        : select i1_0.pedido_id,i1_0.id,i1_0.jogo_id,j1_0.id,j1_0.categoria,j1_0.nome,j1_0.plataforma,j1_0.preco,i1_0.quantidade from itens_pedido i1_0 left join jogos j1_0 on j1_0.id=i1_0.jogo_id where i1_0.pedido_id=?
Hibernate: select i1_0.pedido_id,i1_0.id,i1_0.jogo_id,j1_0.id,j1_0.categoria,j1_0.nome,j1_0.plataforma,j1_0.preco,i1_0.quantidade from itens_pedido i1_0 left join jogos j1_0 on j1_0.id=i1_0.jogo_id where i1_0.pedido_id=?
2026-06-30T17:53:25.043-03:00 DEBUG 18924 --- [loja-jogos-api] [nio-8080-exec-5] org.hibernate.SQL                        : select i1_0.pedido_id,i1_0.id,i1_0.jogo_id,j1_0.id,j1_0.categoria,j1_0.nome,j1_0.plataforma,j1_0.preco,i1_0.quantidade from itens_pedido i1_0 left join jogos j1_0 on j1_0.id=i1_0.jogo_id where i1_0.pedido_id=?
Hibernate: select i1_0.pedido_id,i1_0.id,i1_0.jogo_id,j1_0.id,j1_0.categoria,j1_0.nome,j1_0.plataforma,j1_0.preco,i1_0.quantidade from itens_pedido i1_0 left join jogos j1_0 on j1_0.id=i1_0.jogo_id where i1_0.pedido_id=?
2026-06-30T17:53:25.046-03:00 DEBUG 18924 --- [loja-jogos-api] [nio-8080-exec-5] o.s.w.s.m.m.a.HttpEntityMethodProcessor  : Using 'application/json', given [application/json, text/plain, */*] and supported [application/json, application/*+json]
2026-06-30T17:53:25.049-03:00 DEBUG 18924 --- [loja-jogos-api] [nio-8080-exec-5] o.s.w.s.m.m.a.HttpEntityMethodProcessor  : Writing [[PedidoResponseDTO[id=1, cliente=ClienteResponseDTO[id=1, nome=Teste CORS, email=teste.cors.17828478 (truncated)...]
2026-06-30T17:53:25.057-03:00 DEBUG 18924 --- [loja-jogos-api] [nio-8080-exec-5] o.s.web.servlet.DispatcherServlet        : Completed 200 OK
2026-06-30T17:53:25.066-03:00 DEBUG 18924 --- [loja-jogos-api] [nio-8080-exec-4] o.s.web.servlet.DispatcherServlet        : GET "/pedidos", parameters={}
2026-06-30T17:53:25.067-03:00 DEBUG 18924 --- [loja-jogos-api] [nio-8080-exec-4] s.w.s.m.m.a.RequestMappingHandlerMapping : Mapped to com.lojajogos.controller.PedidoController#listarTodos()
2026-06-30T17:53:25.070-03:00 DEBUG 18924 --- [loja-jogos-api] [nio-8080-exec-4] org.hibernate.SQL                        : select p1_0.id,p1_0.cliente_id,p1_0.cupom_desconto,p1_0.data_pedido,p1_0.mensagemia,p1_0.perfil_cliente,p1_0.recomendacoes,p1_0.status_pedido,p1_0.valor_total from pedidos p1_0
Hibernate: select p1_0.id,p1_0.cliente_id,p1_0.cupom_desconto,p1_0.data_pedido,p1_0.mensagemia,p1_0.perfil_cliente,p1_0.recomendacoes,p1_0.status_pedido,p1_0.valor_total from pedidos p1_0
2026-06-30T17:53:25.071-03:00 DEBUG 18924 --- [loja-jogos-api] [nio-8080-exec-4] org.hibernate.SQL                        : select c1_0.id,c1_0.bairro,c1_0.cep,c1_0.cidade,c1_0.email,c1_0.nome,c1_0.numero,c1_0.pais,c1_0.rua,c1_0.senha,c1_0.telefone from clientes c1_0 where c1_0.id=?
Hibernate: select c1_0.id,c1_0.bairro,c1_0.cep,c1_0.cidade,c1_0.email,c1_0.nome,c1_0.numero,c1_0.pais,c1_0.rua,c1_0.senha,c1_0.telefone from clientes c1_0 where c1_0.id=?
2026-06-30T17:53:25.072-03:00 DEBUG 18924 --- [loja-jogos-api] [nio-8080-exec-4] org.hibernate.SQL                        : select c1_0.id,c1_0.bairro,c1_0.cep,c1_0.cidade,c1_0.email,c1_0.nome,c1_0.numero,c1_0.pais,c1_0.rua,c1_0.senha,c1_0.telefone from clientes c1_0 where c1_0.id=?
Hibernate: select c1_0.id,c1_0.bairro,c1_0.cep,c1_0.cidade,c1_0.email,c1_0.nome,c1_0.numero,c1_0.pais,c1_0.rua,c1_0.senha,c1_0.telefone from clientes c1_0 where c1_0.id=?
2026-06-30T17:53:25.073-03:00 DEBUG 18924 --- [loja-jogos-api] [nio-8080-exec-4] org.hibernate.SQL                        : select c1_0.id,c1_0.bairro,c1_0.cep,c1_0.cidade,c1_0.email,c1_0.nome,c1_0.numero,c1_0.pais,c1_0.rua,c1_0.senha,c1_0.telefone from clientes c1_0 where c1_0.id=?
Hibernate: select c1_0.id,c1_0.bairro,c1_0.cep,c1_0.cidade,c1_0.email,c1_0.nome,c1_0.numero,c1_0.pais,c1_0.rua,c1_0.senha,c1_0.telefone from clientes c1_0 where c1_0.id=?
2026-06-30T17:53:25.074-03:00 DEBUG 18924 --- [loja-jogos-api] [nio-8080-exec-4] org.hibernate.SQL                        : select i1_0.pedido_id,i1_0.id,i1_0.jogo_id,j1_0.id,j1_0.categoria,j1_0.nome,j1_0.plataforma,j1_0.preco,i1_0.quantidade from itens_pedido i1_0 left join jogos j1_0 on j1_0.id=i1_0.jogo_id where i1_0.pedido_id=?
Hibernate: select i1_0.pedido_id,i1_0.id,i1_0.jogo_id,j1_0.id,j1_0.categoria,j1_0.nome,j1_0.plataforma,j1_0.preco,i1_0.quantidade from itens_pedido i1_0 left join jogos j1_0 on j1_0.id=i1_0.jogo_id where i1_0.pedido_id=?
2026-06-30T17:53:25.076-03:00 DEBUG 18924 --- [loja-jogos-api] [nio-8080-exec-4] org.hibernate.SQL                        : select i1_0.pedido_id,i1_0.id,i1_0.jogo_id,j1_0.id,j1_0.categoria,j1_0.nome,j1_0.plataforma,j1_0.preco,i1_0.quantidade from itens_pedido i1_0 left join jogos j1_0 on j1_0.id=i1_0.jogo_id where i1_0.pedido_id=?
Hibernate: select i1_0.pedido_id,i1_0.id,i1_0.jogo_id,j1_0.id,j1_0.categoria,j1_0.nome,j1_0.plataforma,j1_0.preco,i1_0.quantidade from itens_pedido i1_0 left join jogos j1_0 on j1_0.id=i1_0.jogo_id where i1_0.pedido_id=?
2026-06-30T17:53:25.077-03:00 DEBUG 18924 --- [loja-jogos-api] [nio-8080-exec-4] org.hibernate.SQL                        : select i1_0.pedido_id,i1_0.id,i1_0.jogo_id,j1_0.id,j1_0.categoria,j1_0.nome,j1_0.plataforma,j1_0.preco,i1_0.quantidade from itens_pedido i1_0 left join jogos j1_0 on j1_0.id=i1_0.jogo_id where i1_0.pedido_id=?
Hibernate: select i1_0.pedido_id,i1_0.id,i1_0.jogo_id,j1_0.id,j1_0.categoria,j1_0.nome,j1_0.plataforma,j1_0.preco,i1_0.quantidade from itens_pedido i1_0 left join jogos j1_0 on j1_0.id=i1_0.jogo_id where i1_0.pedido_id=?
2026-06-30T17:53:25.080-03:00 DEBUG 18924 --- [loja-jogos-api] [nio-8080-exec-4] org.hibernate.SQL                        : select i1_0.pedido_id,i1_0.id,i1_0.jogo_id,j1_0.id,j1_0.categoria,j1_0.nome,j1_0.plataforma,j1_0.preco,i1_0.quantidade from itens_pedido i1_0 left join jogos j1_0 on j1_0.id=i1_0.jogo_id where i1_0.pedido_id=?
Hibernate: select i1_0.pedido_id,i1_0.id,i1_0.jogo_id,j1_0.id,j1_0.categoria,j1_0.nome,j1_0.plataforma,j1_0.preco,i1_0.quantidade from itens_pedido i1_0 left join jogos j1_0 on j1_0.id=i1_0.jogo_id where i1_0.pedido_id=?
2026-06-30T17:53:25.081-03:00 DEBUG 18924 --- [loja-jogos-api] [nio-8080-exec-4] org.hibernate.SQL                        : select i1_0.pedido_id,i1_0.id,i1_0.jogo_id,j1_0.id,j1_0.categoria,j1_0.nome,j1_0.plataforma,j1_0.preco,i1_0.quantidade from itens_pedido i1_0 left join jogos j1_0 on j1_0.id=i1_0.jogo_id where i1_0.pedido_id=?
Hibernate: select i1_0.pedido_id,i1_0.id,i1_0.jogo_id,j1_0.id,j1_0.categoria,j1_0.nome,j1_0.plataforma,j1_0.preco,i1_0.quantidade from itens_pedido i1_0 left join jogos j1_0 on j1_0.id=i1_0.jogo_id where i1_0.pedido_id=?
2026-06-30T17:53:25.084-03:00 DEBUG 18924 --- [loja-jogos-api] [nio-8080-exec-4] org.hibernate.SQL                        : select i1_0.pedido_id,i1_0.id,i1_0.jogo_id,j1_0.id,j1_0.categoria,j1_0.nome,j1_0.plataforma,j1_0.preco,i1_0.quantidade from itens_pedido i1_0 left join jogos j1_0 on j1_0.id=i1_0.jogo_id where i1_0.pedido_id=?
Hibernate: select i1_0.pedido_id,i1_0.id,i1_0.jogo_id,j1_0.id,j1_0.categoria,j1_0.nome,j1_0.plataforma,j1_0.preco,i1_0.quantidade from itens_pedido i1_0 left join jogos j1_0 on j1_0.id=i1_0.jogo_id where i1_0.pedido_id=?
2026-06-30T17:53:25.085-03:00 DEBUG 18924 --- [loja-jogos-api] [nio-8080-exec-4] org.hibernate.SQL                        : select i1_0.pedido_id,i1_0.id,i1_0.jogo_id,j1_0.id,j1_0.categoria,j1_0.nome,j1_0.plataforma,j1_0.preco,i1_0.quantidade from itens_pedido i1_0 left join jogos j1_0 on j1_0.id=i1_0.jogo_id where i1_0.pedido_id=?
Hibernate: select i1_0.pedido_id,i1_0.id,i1_0.jogo_id,j1_0.id,j1_0.categoria,j1_0.nome,j1_0.plataforma,j1_0.preco,i1_0.quantidade from itens_pedido i1_0 left join jogos j1_0 on j1_0.id=i1_0.jogo_id where i1_0.pedido_id=?
2026-06-30T17:53:25.087-03:00 DEBUG 18924 --- [loja-jogos-api] [nio-8080-exec-4] org.hibernate.SQL                        : select i1_0.pedido_id,i1_0.id,i1_0.jogo_id,j1_0.id,j1_0.categoria,j1_0.nome,j1_0.plataforma,j1_0.preco,i1_0.quantidade from itens_pedido i1_0 left join jogos j1_0 on j1_0.id=i1_0.jogo_id where i1_0.pedido_id=?
Hibernate: select i1_0.pedido_id,i1_0.id,i1_0.jogo_id,j1_0.id,j1_0.categoria,j1_0.nome,j1_0.plataforma,j1_0.preco,i1_0.quantidade from itens_pedido i1_0 left join jogos j1_0 on j1_0.id=i1_0.jogo_id where i1_0.pedido_id=?
2026-06-30T17:53:25.088-03:00 DEBUG 18924 --- [loja-jogos-api] [nio-8080-exec-4] org.hibernate.SQL                        : select i1_0.pedido_id,i1_0.id,i1_0.jogo_id,j1_0.id,j1_0.categoria,j1_0.nome,j1_0.plataforma,j1_0.preco,i1_0.quantidade from itens_pedido i1_0 left join jogos j1_0 on j1_0.id=i1_0.jogo_id where i1_0.pedido_id=?
Hibernate: select i1_0.pedido_id,i1_0.id,i1_0.jogo_id,j1_0.id,j1_0.categoria,j1_0.nome,j1_0.plataforma,j1_0.preco,i1_0.quantidade from itens_pedido i1_0 left join jogos j1_0 on j1_0.id=i1_0.jogo_id where i1_0.pedido_id=?
2026-06-30T17:53:25.093-03:00 DEBUG 18924 --- [loja-jogos-api] [nio-8080-exec-4] o.s.w.s.m.m.a.HttpEntityMethodProcessor  : Using 'application/json', given [application/json, text/plain, */*] and supported [application/json, application/*+json]
2026-06-30T17:53:25.094-03:00 DEBUG 18924 --- [loja-jogos-api] [nio-8080-exec-4] o.s.w.s.m.m.a.HttpEntityMethodProcessor  : Writing [[PedidoResponseDTO[id=1, cliente=ClienteResponseDTO[id=1, nome=Teste CORS, email=teste.cors.17828478 (truncated)...]
2026-06-30T17:53:25.096-03:00 DEBUG 18924 --- [loja-jogos-api] [nio-8080-exec-4] o.s.web.servlet.DispatcherServlet        : Completed 200 OK
2026-06-30T17:53:26.853-03:00 DEBUG 18924 --- [loja-jogos-api] [nio-8080-exec-1] o.s.web.servlet.DispatcherServlet        : GET "/pedidos", parameters={}
2026-06-30T17:53:26.854-03:00 DEBUG 18924 --- [loja-jogos-api] [nio-8080-exec-1] s.w.s.m.m.a.RequestMappingHandlerMapping : Mapped to com.lojajogos.controller.PedidoController#listarTodos()
2026-06-30T17:53:26.857-03:00 DEBUG 18924 --- [loja-jogos-api] [nio-8080-exec-1] org.hibernate.SQL                        : select p1_0.id,p1_0.cliente_id,p1_0.cupom_desconto,p1_0.data_pedido,p1_0.mensagemia,p1_0.perfil_cliente,p1_0.recomendacoes,p1_0.status_pedido,p1_0.valor_total from pedidos p1_0
Hibernate: select p1_0.id,p1_0.cliente_id,p1_0.cupom_desconto,p1_0.data_pedido,p1_0.mensagemia,p1_0.perfil_cliente,p1_0.recomendacoes,p1_0.status_pedido,p1_0.valor_total from pedidos p1_0
2026-06-30T17:53:26.862-03:00 DEBUG 18924 --- [loja-jogos-api] [nio-8080-exec-1] org.hibernate.SQL                        : select c1_0.id,c1_0.bairro,c1_0.cep,c1_0.cidade,c1_0.email,c1_0.nome,c1_0.numero,c1_0.pais,c1_0.rua,c1_0.senha,c1_0.telefone from clientes c1_0 where c1_0.id=?
Hibernate: select c1_0.id,c1_0.bairro,c1_0.cep,c1_0.cidade,c1_0.email,c1_0.nome,c1_0.numero,c1_0.pais,c1_0.rua,c1_0.senha,c1_0.telefone from clientes c1_0 where c1_0.id=?
2026-06-30T17:53:26.865-03:00 DEBUG 18924 --- [loja-jogos-api] [nio-8080-exec-1] org.hibernate.SQL                        : select c1_0.id,c1_0.bairro,c1_0.cep,c1_0.cidade,c1_0.email,c1_0.nome,c1_0.numero,c1_0.pais,c1_0.rua,c1_0.senha,c1_0.telefone from clientes c1_0 where c1_0.id=?
Hibernate: select c1_0.id,c1_0.bairro,c1_0.cep,c1_0.cidade,c1_0.email,c1_0.nome,c1_0.numero,c1_0.pais,c1_0.rua,c1_0.senha,c1_0.telefone from clientes c1_0 where c1_0.id=?
2026-06-30T17:53:26.866-03:00 DEBUG 18924 --- [loja-jogos-api] [nio-8080-exec-1] org.hibernate.SQL                        : select c1_0.id,c1_0.bairro,c1_0.cep,c1_0.cidade,c1_0.email,c1_0.nome,c1_0.numero,c1_0.pais,c1_0.rua,c1_0.senha,c1_0.telefone from clientes c1_0 where c1_0.id=?
Hibernate: select c1_0.id,c1_0.bairro,c1_0.cep,c1_0.cidade,c1_0.email,c1_0.nome,c1_0.numero,c1_0.pais,c1_0.rua,c1_0.senha,c1_0.telefone from clientes c1_0 where c1_0.id=?
2026-06-30T17:53:26.867-03:00 DEBUG 18924 --- [loja-jogos-api] [nio-8080-exec-1] org.hibernate.SQL                        : select i1_0.pedido_id,i1_0.id,i1_0.jogo_id,j1_0.id,j1_0.categoria,j1_0.nome,j1_0.plataforma,j1_0.preco,i1_0.quantidade from itens_pedido i1_0 left join jogos j1_0 on j1_0.id=i1_0.jogo_id where i1_0.pedido_id=?
Hibernate: select i1_0.pedido_id,i1_0.id,i1_0.jogo_id,j1_0.id,j1_0.categoria,j1_0.nome,j1_0.plataforma,j1_0.preco,i1_0.quantidade from itens_pedido i1_0 left join jogos j1_0 on j1_0.id=i1_0.jogo_id where i1_0.pedido_id=?
2026-06-30T17:53:26.870-03:00 DEBUG 18924 --- [loja-jogos-api] [nio-8080-exec-1] org.hibernate.SQL                        : select i1_0.pedido_id,i1_0.id,i1_0.jogo_id,j1_0.id,j1_0.categoria,j1_0.nome,j1_0.plataforma,j1_0.preco,i1_0.quantidade from itens_pedido i1_0 left join jogos j1_0 on j1_0.id=i1_0.jogo_id where i1_0.pedido_id=?
Hibernate: select i1_0.pedido_id,i1_0.id,i1_0.jogo_id,j1_0.id,j1_0.categoria,j1_0.nome,j1_0.plataforma,j1_0.preco,i1_0.quantidade from itens_pedido i1_0 left join jogos j1_0 on j1_0.id=i1_0.jogo_id where i1_0.pedido_id=?
2026-06-30T17:53:26.872-03:00 DEBUG 18924 --- [loja-jogos-api] [nio-8080-exec-1] org.hibernate.SQL                        : select i1_0.pedido_id,i1_0.id,i1_0.jogo_id,j1_0.id,j1_0.categoria,j1_0.nome,j1_0.plataforma,j1_0.preco,i1_0.quantidade from itens_pedido i1_0 left join jogos j1_0 on j1_0.id=i1_0.jogo_id where i1_0.pedido_id=?
Hibernate: select i1_0.pedido_id,i1_0.id,i1_0.jogo_id,j1_0.id,j1_0.categoria,j1_0.nome,j1_0.plataforma,j1_0.preco,i1_0.quantidade from itens_pedido i1_0 left join jogos j1_0 on j1_0.id=i1_0.jogo_id where i1_0.pedido_id=?
2026-06-30T17:53:26.873-03:00 DEBUG 18924 --- [loja-jogos-api] [nio-8080-exec-1] org.hibernate.SQL                        : select i1_0.pedido_id,i1_0.id,i1_0.jogo_id,j1_0.id,j1_0.categoria,j1_0.nome,j1_0.plataforma,j1_0.preco,i1_0.quantidade from itens_pedido i1_0 left join jogos j1_0 on j1_0.id=i1_0.jogo_id where i1_0.pedido_id=?
Hibernate: select i1_0.pedido_id,i1_0.id,i1_0.jogo_id,j1_0.id,j1_0.categoria,j1_0.nome,j1_0.plataforma,j1_0.preco,i1_0.quantidade from itens_pedido i1_0 left join jogos j1_0 on j1_0.id=i1_0.jogo_id where i1_0.pedido_id=?
2026-06-30T17:53:26.874-03:00 DEBUG 18924 --- [loja-jogos-api] [nio-8080-exec-1] org.hibernate.SQL                        : select i1_0.pedido_id,i1_0.id,i1_0.jogo_id,j1_0.id,j1_0.categoria,j1_0.nome,j1_0.plataforma,j1_0.preco,i1_0.quantidade from itens_pedido i1_0 left join jogos j1_0 on j1_0.id=i1_0.jogo_id where i1_0.pedido_id=?
Hibernate: select i1_0.pedido_id,i1_0.id,i1_0.jogo_id,j1_0.id,j1_0.categoria,j1_0.nome,j1_0.plataforma,j1_0.preco,i1_0.quantidade from itens_pedido i1_0 left join jogos j1_0 on j1_0.id=i1_0.jogo_id where i1_0.pedido_id=?
2026-06-30T17:53:26.875-03:00 DEBUG 18924 --- [loja-jogos-api] [nio-8080-exec-1] org.hibernate.SQL                        : select i1_0.pedido_id,i1_0.id,i1_0.jogo_id,j1_0.id,j1_0.categoria,j1_0.nome,j1_0.plataforma,j1_0.preco,i1_0.quantidade from itens_pedido i1_0 left join jogos j1_0 on j1_0.id=i1_0.jogo_id where i1_0.pedido_id=?
Hibernate: select i1_0.pedido_id,i1_0.id,i1_0.jogo_id,j1_0.id,j1_0.categoria,j1_0.nome,j1_0.plataforma,j1_0.preco,i1_0.quantidade from itens_pedido i1_0 left join jogos j1_0 on j1_0.id=i1_0.jogo_id where i1_0.pedido_id=?
2026-06-30T17:53:26.876-03:00 DEBUG 18924 --- [loja-jogos-api] [nio-8080-exec-1] org.hibernate.SQL                        : select i1_0.pedido_id,i1_0.id,i1_0.jogo_id,j1_0.id,j1_0.categoria,j1_0.nome,j1_0.plataforma,j1_0.preco,i1_0.quantidade from itens_pedido i1_0 left join jogos j1_0 on j1_0.id=i1_0.jogo_id where i1_0.pedido_id=?
Hibernate: select i1_0.pedido_id,i1_0.id,i1_0.jogo_id,j1_0.id,j1_0.categoria,j1_0.nome,j1_0.plataforma,j1_0.preco,i1_0.quantidade from itens_pedido i1_0 left join jogos j1_0 on j1_0.id=i1_0.jogo_id where i1_0.pedido_id=?
2026-06-30T17:53:26.877-03:00 DEBUG 18924 --- [loja-jogos-api] [nio-8080-exec-1] org.hibernate.SQL                        : select i1_0.pedido_id,i1_0.id,i1_0.jogo_id,j1_0.id,j1_0.categoria,j1_0.nome,j1_0.plataforma,j1_0.preco,i1_0.quantidade from itens_pedido i1_0 left join jogos j1_0 on j1_0.id=i1_0.jogo_id where i1_0.pedido_id=?
Hibernate: select i1_0.pedido_id,i1_0.id,i1_0.jogo_id,j1_0.id,j1_0.categoria,j1_0.nome,j1_0.plataforma,j1_0.preco,i1_0.quantidade from itens_pedido i1_0 left join jogos j1_0 on j1_0.id=i1_0.jogo_id where i1_0.pedido_id=?
2026-06-30T17:53:26.878-03:00 DEBUG 18924 --- [loja-jogos-api] [nio-8080-exec-1] org.hibernate.SQL                        : select i1_0.pedido_id,i1_0.id,i1_0.jogo_id,j1_0.id,j1_0.categoria,j1_0.nome,j1_0.plataforma,j1_0.preco,i1_0.quantidade from itens_pedido i1_0 left join jogos j1_0 on j1_0.id=i1_0.jogo_id where i1_0.pedido_id=?
Hibernate: select i1_0.pedido_id,i1_0.id,i1_0.jogo_id,j1_0.id,j1_0.categoria,j1_0.nome,j1_0.plataforma,j1_0.preco,i1_0.quantidade from itens_pedido i1_0 left join jogos j1_0 on j1_0.id=i1_0.jogo_id where i1_0.pedido_id=?
2026-06-30T17:53:26.880-03:00 DEBUG 18924 --- [loja-jogos-api] [nio-8080-exec-1] o.s.w.s.m.m.a.HttpEntityMethodProcessor  : Using 'application/json', given [application/json, text/plain, */*] and supported [application/json, application/*+json]
2026-06-30T17:53:26.881-03:00 DEBUG 18924 --- [loja-jogos-api] [nio-8080-exec-1] o.s.w.s.m.m.a.HttpEntityMethodProcessor  : Writing [[PedidoResponseDTO[id=1, cliente=ClienteResponseDTO[id=1, nome=Teste CORS, email=teste.cors.17828478 (truncated)...]
2026-06-30T17:53:26.883-03:00 DEBUG 18924 --- [loja-jogos-api] [nio-8080-exec-1] o.s.web.servlet.DispatcherServlet        : Completed 200 OK
2026-06-30T17:53:26.888-03:00 DEBUG 18924 --- [loja-jogos-api] [nio-8080-exec-8] o.s.web.servlet.DispatcherServlet        : GET "/pedidos", parameters={}
2026-06-30T17:53:26.889-03:00 DEBUG 18924 --- [loja-jogos-api] [nio-8080-exec-8] s.w.s.m.m.a.RequestMappingHandlerMapping : Mapped to com.lojajogos.controller.PedidoController#listarTodos()
2026-06-30T17:53:26.892-03:00 DEBUG 18924 --- [loja-jogos-api] [nio-8080-exec-8] org.hibernate.SQL                        : select p1_0.id,p1_0.cliente_id,p1_0.cupom_desconto,p1_0.data_pedido,p1_0.mensagemia,p1_0.perfil_cliente,p1_0.recomendacoes,p1_0.status_pedido,p1_0.valor_total from pedidos p1_0
Hibernate: select p1_0.id,p1_0.cliente_id,p1_0.cupom_desconto,p1_0.data_pedido,p1_0.mensagemia,p1_0.perfil_cliente,p1_0.recomendacoes,p1_0.status_pedido,p1_0.valor_total from pedidos p1_0
2026-06-30T17:53:26.894-03:00 DEBUG 18924 --- [loja-jogos-api] [nio-8080-exec-8] org.hibernate.SQL                        : select c1_0.id,c1_0.bairro,c1_0.cep,c1_0.cidade,c1_0.email,c1_0.nome,c1_0.numero,c1_0.pais,c1_0.rua,c1_0.senha,c1_0.telefone from clientes c1_0 where c1_0.id=?
Hibernate: select c1_0.id,c1_0.bairro,c1_0.cep,c1_0.cidade,c1_0.email,c1_0.nome,c1_0.numero,c1_0.pais,c1_0.rua,c1_0.senha,c1_0.telefone from clientes c1_0 where c1_0.id=?
2026-06-30T17:53:26.897-03:00 DEBUG 18924 --- [loja-jogos-api] [nio-8080-exec-8] org.hibernate.SQL                        : select c1_0.id,c1_0.bairro,c1_0.cep,c1_0.cidade,c1_0.email,c1_0.nome,c1_0.numero,c1_0.pais,c1_0.rua,c1_0.senha,c1_0.telefone from clientes c1_0 where c1_0.id=?
Hibernate: select c1_0.id,c1_0.bairro,c1_0.cep,c1_0.cidade,c1_0.email,c1_0.nome,c1_0.numero,c1_0.pais,c1_0.rua,c1_0.senha,c1_0.telefone from clientes c1_0 where c1_0.id=?
2026-06-30T17:53:26.911-03:00 DEBUG 18924 --- [loja-jogos-api] [nio-8080-exec-8] org.hibernate.SQL                        : select c1_0.id,c1_0.bairro,c1_0.cep,c1_0.cidade,c1_0.email,c1_0.nome,c1_0.numero,c1_0.pais,c1_0.rua,c1_0.senha,c1_0.telefone from clientes c1_0 where c1_0.id=?
Hibernate: select c1_0.id,c1_0.bairro,c1_0.cep,c1_0.cidade,c1_0.email,c1_0.nome,c1_0.numero,c1_0.pais,c1_0.rua,c1_0.senha,c1_0.telefone from clientes c1_0 where c1_0.id=?
2026-06-30T17:53:26.913-03:00 DEBUG 18924 --- [loja-jogos-api] [nio-8080-exec-8] org.hibernate.SQL                        : select i1_0.pedido_id,i1_0.id,i1_0.jogo_id,j1_0.id,j1_0.categoria,j1_0.nome,j1_0.plataforma,j1_0.preco,i1_0.quantidade from itens_pedido i1_0 left join jogos j1_0 on j1_0.id=i1_0.jogo_id where i1_0.pedido_id=?
Hibernate: select i1_0.pedido_id,i1_0.id,i1_0.jogo_id,j1_0.id,j1_0.categoria,j1_0.nome,j1_0.plataforma,j1_0.preco,i1_0.quantidade from itens_pedido i1_0 left join jogos j1_0 on j1_0.id=i1_0.jogo_id where i1_0.pedido_id=?
2026-06-30T17:53:26.914-03:00 DEBUG 18924 --- [loja-jogos-api] [nio-8080-exec-8] org.hibernate.SQL                        : select i1_0.pedido_id,i1_0.id,i1_0.jogo_id,j1_0.id,j1_0.categoria,j1_0.nome,j1_0.plataforma,j1_0.preco,i1_0.quantidade from itens_pedido i1_0 left join jogos j1_0 on j1_0.id=i1_0.jogo_id where i1_0.pedido_id=?
Hibernate: select i1_0.pedido_id,i1_0.id,i1_0.jogo_id,j1_0.id,j1_0.categoria,j1_0.nome,j1_0.plataforma,j1_0.preco,i1_0.quantidade from itens_pedido i1_0 left join jogos j1_0 on j1_0.id=i1_0.jogo_id where i1_0.pedido_id=?
2026-06-30T17:53:26.917-03:00 DEBUG 18924 --- [loja-jogos-api] [nio-8080-exec-8] org.hibernate.SQL                        : select i1_0.pedido_id,i1_0.id,i1_0.jogo_id,j1_0.id,j1_0.categoria,j1_0.nome,j1_0.plataforma,j1_0.preco,i1_0.quantidade from itens_pedido i1_0 left join jogos j1_0 on j1_0.id=i1_0.jogo_id where i1_0.pedido_id=?
Hibernate: select i1_0.pedido_id,i1_0.id,i1_0.jogo_id,j1_0.id,j1_0.categoria,j1_0.nome,j1_0.plataforma,j1_0.preco,i1_0.quantidade from itens_pedido i1_0 left join jogos j1_0 on j1_0.id=i1_0.jogo_id where i1_0.pedido_id=?
2026-06-30T17:53:26.921-03:00 DEBUG 18924 --- [loja-jogos-api] [nio-8080-exec-8] org.hibernate.SQL                        : select i1_0.pedido_id,i1_0.id,i1_0.jogo_id,j1_0.id,j1_0.categoria,j1_0.nome,j1_0.plataforma,j1_0.preco,i1_0.quantidade from itens_pedido i1_0 left join jogos j1_0 on j1_0.id=i1_0.jogo_id where i1_0.pedido_id=?
Hibernate: select i1_0.pedido_id,i1_0.id,i1_0.jogo_id,j1_0.id,j1_0.categoria,j1_0.nome,j1_0.plataforma,j1_0.preco,i1_0.quantidade from itens_pedido i1_0 left join jogos j1_0 on j1_0.id=i1_0.jogo_id where i1_0.pedido_id=?
2026-06-30T17:53:26.923-03:00 DEBUG 18924 --- [loja-jogos-api] [nio-8080-exec-8] org.hibernate.SQL                        : select i1_0.pedido_id,i1_0.id,i1_0.jogo_id,j1_0.id,j1_0.categoria,j1_0.nome,j1_0.plataforma,j1_0.preco,i1_0.quantidade from itens_pedido i1_0 left join jogos j1_0 on j1_0.id=i1_0.jogo_id where i1_0.pedido_id=?
Hibernate: select i1_0.pedido_id,i1_0.id,i1_0.jogo_id,j1_0.id,j1_0.categoria,j1_0.nome,j1_0.plataforma,j1_0.preco,i1_0.quantidade from itens_pedido i1_0 left join jogos j1_0 on j1_0.id=i1_0.jogo_id where i1_0.pedido_id=?
2026-06-30T17:53:26.926-03:00 DEBUG 18924 --- [loja-jogos-api] [nio-8080-exec-8] org.hibernate.SQL                        : select i1_0.pedido_id,i1_0.id,i1_0.jogo_id,j1_0.id,j1_0.categoria,j1_0.nome,j1_0.plataforma,j1_0.preco,i1_0.quantidade from itens_pedido i1_0 left join jogos j1_0 on j1_0.id=i1_0.jogo_id where i1_0.pedido_id=?
Hibernate: select i1_0.pedido_id,i1_0.id,i1_0.jogo_id,j1_0.id,j1_0.categoria,j1_0.nome,j1_0.plataforma,j1_0.preco,i1_0.quantidade from itens_pedido i1_0 left join jogos j1_0 on j1_0.id=i1_0.jogo_id where i1_0.pedido_id=?
2026-06-30T17:53:26.928-03:00 DEBUG 18924 --- [loja-jogos-api] [nio-8080-exec-8] org.hibernate.SQL                        : select i1_0.pedido_id,i1_0.id,i1_0.jogo_id,j1_0.id,j1_0.categoria,j1_0.nome,j1_0.plataforma,j1_0.preco,i1_0.quantidade from itens_pedido i1_0 left join jogos j1_0 on j1_0.id=i1_0.jogo_id where i1_0.pedido_id=?
Hibernate: select i1_0.pedido_id,i1_0.id,i1_0.jogo_id,j1_0.id,j1_0.categoria,j1_0.nome,j1_0.plataforma,j1_0.preco,i1_0.quantidade from itens_pedido i1_0 left join jogos j1_0 on j1_0.id=i1_0.jogo_id where i1_0.pedido_id=?
2026-06-30T17:53:26.930-03:00 DEBUG 18924 --- [loja-jogos-api] [nio-8080-exec-8] org.hibernate.SQL                        : select i1_0.pedido_id,i1_0.id,i1_0.jogo_id,j1_0.id,j1_0.categoria,j1_0.nome,j1_0.plataforma,j1_0.preco,i1_0.quantidade from itens_pedido i1_0 left join jogos j1_0 on j1_0.id=i1_0.jogo_id where i1_0.pedido_id=?
Hibernate: select i1_0.pedido_id,i1_0.id,i1_0.jogo_id,j1_0.id,j1_0.categoria,j1_0.nome,j1_0.plataforma,j1_0.preco,i1_0.quantidade from itens_pedido i1_0 left join jogos j1_0 on j1_0.id=i1_0.jogo_id where i1_0.pedido_id=?
2026-06-30T17:53:26.931-03:00 DEBUG 18924 --- [loja-jogos-api] [nio-8080-exec-8] org.hibernate.SQL                        : select i1_0.pedido_id,i1_0.id,i1_0.jogo_id,j1_0.id,j1_0.categoria,j1_0.nome,j1_0.plataforma,j1_0.preco,i1_0.quantidade from itens_pedido i1_0 left join jogos j1_0 on j1_0.id=i1_0.jogo_id where i1_0.pedido_id=?
Hibernate: select i1_0.pedido_id,i1_0.id,i1_0.jogo_id,j1_0.id,j1_0.categoria,j1_0.nome,j1_0.plataforma,j1_0.preco,i1_0.quantidade from itens_pedido i1_0 left join jogos j1_0 on j1_0.id=i1_0.jogo_id where i1_0.pedido_id=?
2026-06-30T17:53:26.932-03:00 DEBUG 18924 --- [loja-jogos-api] [nio-8080-exec-8] o.s.w.s.m.m.a.HttpEntityMethodProcessor  : Using 'application/json', given [application/json, text/plain, */*] and supported [application/json, application/*+json]
2026-06-30T17:53:26.934-03:00 DEBUG 18924 --- [loja-jogos-api] [nio-8080-exec-8] o.s.w.s.m.m.a.HttpEntityMethodProcessor  : Writing [[PedidoResponseDTO[id=1, cliente=ClienteResponseDTO[id=1, nome=Teste CORS, email=teste.cors.17828478 (truncated)...]
2026-06-30T17:53:26.935-03:00 DEBUG 18924 --- [loja-jogos-api] [nio-8080-exec-8] o.s.web.servlet.DispatcherServlet        : Completed 200 OK
2026-06-30T17:53:30.789-03:00 DEBUG 18924 --- [loja-jogos-api] [io-8080-exec-10] o.s.web.servlet.DispatcherServlet        : GET "/jogos", parameters={}
2026-06-30T17:53:30.791-03:00 DEBUG 18924 --- [loja-jogos-api] [io-8080-exec-10] s.w.s.m.m.a.RequestMappingHandlerMapping : Mapped to com.lojajogos.controller.JogoController#listarTodos()
2026-06-30T17:53:30.795-03:00 DEBUG 18924 --- [loja-jogos-api] [io-8080-exec-10] org.hibernate.SQL                        : select j1_0.id,j1_0.categoria,j1_0.nome,j1_0.plataforma,j1_0.preco from jogos j1_0
Hibernate: select j1_0.id,j1_0.categoria,j1_0.nome,j1_0.plataforma,j1_0.preco from jogos j1_0
2026-06-30T17:53:30.797-03:00 DEBUG 18924 --- [loja-jogos-api] [io-8080-exec-10] o.s.w.s.m.m.a.HttpEntityMethodProcessor  : Using 'application/json', given [application/json, text/plain, */*] and supported [application/json, application/*+json]
2026-06-30T17:53:30.798-03:00 DEBUG 18924 --- [loja-jogos-api] [io-8080-exec-10] o.s.w.s.m.m.a.HttpEntityMethodProcessor  : Writing [[JogoResponseDTO[id=1, nome=Halo Infinite, categoria=Acao, plataforma=Xbox Series, preco=199.90], Jo (truncated)...]
2026-06-30T17:53:30.799-03:00 DEBUG 18924 --- [loja-jogos-api] [io-8080-exec-10] o.s.web.servlet.DispatcherServlet        : Completed 200 OK
2026-06-30T17:53:30.811-03:00 DEBUG 18924 --- [loja-jogos-api] [nio-8080-exec-7] o.s.web.servlet.DispatcherServlet        : GET "/jogos", parameters={}
2026-06-30T17:53:30.813-03:00 DEBUG 18924 --- [loja-jogos-api] [nio-8080-exec-7] s.w.s.m.m.a.RequestMappingHandlerMapping : Mapped to com.lojajogos.controller.JogoController#listarTodos()
2026-06-30T17:53:30.816-03:00 DEBUG 18924 --- [loja-jogos-api] [nio-8080-exec-7] org.hibernate.SQL                        : select j1_0.id,j1_0.categoria,j1_0.nome,j1_0.plataforma,j1_0.preco from jogos j1_0
Hibernate: select j1_0.id,j1_0.categoria,j1_0.nome,j1_0.plataforma,j1_0.preco from jogos j1_0
2026-06-30T17:53:30.818-03:00 DEBUG 18924 --- [loja-jogos-api] [nio-8080-exec-7] o.s.w.s.m.m.a.HttpEntityMethodProcessor  : Using 'application/json', given [application/json, text/plain, */*] and supported [application/json, application/*+json]
2026-06-30T17:53:30.819-03:00 DEBUG 18924 --- [loja-jogos-api] [nio-8080-exec-7] o.s.w.s.m.m.a.HttpEntityMethodProcessor  : Writing [[JogoResponseDTO[id=1, nome=Halo Infinite, categoria=Acao, plataforma=Xbox Series, preco=199.90], Jo (truncated)...]
2026-06-30T17:53:30.820-03:00 DEBUG 18924 --- [loja-jogos-api] [nio-8080-exec-7] o.s.web.servlet.DispatcherServlet        : Completed 200 OK
2026-06-30T17:53:31.822-03:00 DEBUG 18924 --- [loja-jogos-api] [nio-8080-exec-3] o.s.web.servlet.DispatcherServlet        : GET "/pedidos", parameters={}
2026-06-30T17:53:31.823-03:00 DEBUG 18924 --- [loja-jogos-api] [nio-8080-exec-3] s.w.s.m.m.a.RequestMappingHandlerMapping : Mapped to com.lojajogos.controller.PedidoController#listarTodos()
2026-06-30T17:53:31.827-03:00 DEBUG 18924 --- [loja-jogos-api] [nio-8080-exec-3] org.hibernate.SQL                        : select p1_0.id,p1_0.cliente_id,p1_0.cupom_desconto,p1_0.data_pedido,p1_0.mensagemia,p1_0.perfil_cliente,p1_0.recomendacoes,p1_0.status_pedido,p1_0.valor_total from pedidos p1_0
Hibernate: select p1_0.id,p1_0.cliente_id,p1_0.cupom_desconto,p1_0.data_pedido,p1_0.mensagemia,p1_0.perfil_cliente,p1_0.recomendacoes,p1_0.status_pedido,p1_0.valor_total from pedidos p1_0
2026-06-30T17:53:31.829-03:00 DEBUG 18924 --- [loja-jogos-api] [nio-8080-exec-3] org.hibernate.SQL                        : select c1_0.id,c1_0.bairro,c1_0.cep,c1_0.cidade,c1_0.email,c1_0.nome,c1_0.numero,c1_0.pais,c1_0.rua,c1_0.senha,c1_0.telefone from clientes c1_0 where c1_0.id=?
Hibernate: select c1_0.id,c1_0.bairro,c1_0.cep,c1_0.cidade,c1_0.email,c1_0.nome,c1_0.numero,c1_0.pais,c1_0.rua,c1_0.senha,c1_0.telefone from clientes c1_0 where c1_0.id=?
2026-06-30T17:53:31.831-03:00 DEBUG 18924 --- [loja-jogos-api] [nio-8080-exec-3] org.hibernate.SQL                        : select c1_0.id,c1_0.bairro,c1_0.cep,c1_0.cidade,c1_0.email,c1_0.nome,c1_0.numero,c1_0.pais,c1_0.rua,c1_0.senha,c1_0.telefone from clientes c1_0 where c1_0.id=?
Hibernate: select c1_0.id,c1_0.bairro,c1_0.cep,c1_0.cidade,c1_0.email,c1_0.nome,c1_0.numero,c1_0.pais,c1_0.rua,c1_0.senha,c1_0.telefone from clientes c1_0 where c1_0.id=?
2026-06-30T17:53:31.833-03:00 DEBUG 18924 --- [loja-jogos-api] [nio-8080-exec-3] org.hibernate.SQL                        : select c1_0.id,c1_0.bairro,c1_0.cep,c1_0.cidade,c1_0.email,c1_0.nome,c1_0.numero,c1_0.pais,c1_0.rua,c1_0.senha,c1_0.telefone from clientes c1_0 where c1_0.id=?
Hibernate: select c1_0.id,c1_0.bairro,c1_0.cep,c1_0.cidade,c1_0.email,c1_0.nome,c1_0.numero,c1_0.pais,c1_0.rua,c1_0.senha,c1_0.telefone from clientes c1_0 where c1_0.id=?
2026-06-30T17:53:31.834-03:00 DEBUG 18924 --- [loja-jogos-api] [nio-8080-exec-3] org.hibernate.SQL                        : select i1_0.pedido_id,i1_0.id,i1_0.jogo_id,j1_0.id,j1_0.categoria,j1_0.nome,j1_0.plataforma,j1_0.preco,i1_0.quantidade from itens_pedido i1_0 left join jogos j1_0 on j1_0.id=i1_0.jogo_id where i1_0.pedido_id=?
Hibernate: select i1_0.pedido_id,i1_0.id,i1_0.jogo_id,j1_0.id,j1_0.categoria,j1_0.nome,j1_0.plataforma,j1_0.preco,i1_0.quantidade from itens_pedido i1_0 left join jogos j1_0 on j1_0.id=i1_0.jogo_id where i1_0.pedido_id=?
2026-06-30T17:53:31.835-03:00 DEBUG 18924 --- [loja-jogos-api] [nio-8080-exec-3] org.hibernate.SQL                        : select i1_0.pedido_id,i1_0.id,i1_0.jogo_id,j1_0.id,j1_0.categoria,j1_0.nome,j1_0.plataforma,j1_0.preco,i1_0.quantidade from itens_pedido i1_0 left join jogos j1_0 on j1_0.id=i1_0.jogo_id where i1_0.pedido_id=?
Hibernate: select i1_0.pedido_id,i1_0.id,i1_0.jogo_id,j1_0.id,j1_0.categoria,j1_0.nome,j1_0.plataforma,j1_0.preco,i1_0.quantidade from itens_pedido i1_0 left join jogos j1_0 on j1_0.id=i1_0.jogo_id where i1_0.pedido_id=?
2026-06-30T17:53:31.835-03:00 DEBUG 18924 --- [loja-jogos-api] [nio-8080-exec-3] org.hibernate.SQL                        : select i1_0.pedido_id,i1_0.id,i1_0.jogo_id,j1_0.id,j1_0.categoria,j1_0.nome,j1_0.plataforma,j1_0.preco,i1_0.quantidade from itens_pedido i1_0 left join jogos j1_0 on j1_0.id=i1_0.jogo_id where i1_0.pedido_id=?
Hibernate: select i1_0.pedido_id,i1_0.id,i1_0.jogo_id,j1_0.id,j1_0.categoria,j1_0.nome,j1_0.plataforma,j1_0.preco,i1_0.quantidade from itens_pedido i1_0 left join jogos j1_0 on j1_0.id=i1_0.jogo_id where i1_0.pedido_id=?
2026-06-30T17:53:31.836-03:00 DEBUG 18924 --- [loja-jogos-api] [nio-8080-exec-3] org.hibernate.SQL                        : select i1_0.pedido_id,i1_0.id,i1_0.jogo_id,j1_0.id,j1_0.categoria,j1_0.nome,j1_0.plataforma,j1_0.preco,i1_0.quantidade from itens_pedido i1_0 left join jogos j1_0 on j1_0.id=i1_0.jogo_id where i1_0.pedido_id=?
Hibernate: select i1_0.pedido_id,i1_0.id,i1_0.jogo_id,j1_0.id,j1_0.categoria,j1_0.nome,j1_0.plataforma,j1_0.preco,i1_0.quantidade from itens_pedido i1_0 left join jogos j1_0 on j1_0.id=i1_0.jogo_id where i1_0.pedido_id=?
2026-06-30T17:53:31.837-03:00 DEBUG 18924 --- [loja-jogos-api] [nio-8080-exec-3] org.hibernate.SQL                        : select i1_0.pedido_id,i1_0.id,i1_0.jogo_id,j1_0.id,j1_0.categoria,j1_0.nome,j1_0.plataforma,j1_0.preco,i1_0.quantidade from itens_pedido i1_0 left join jogos j1_0 on j1_0.id=i1_0.jogo_id where i1_0.pedido_id=?
Hibernate: select i1_0.pedido_id,i1_0.id,i1_0.jogo_id,j1_0.id,j1_0.categoria,j1_0.nome,j1_0.plataforma,j1_0.preco,i1_0.quantidade from itens_pedido i1_0 left join jogos j1_0 on j1_0.id=i1_0.jogo_id where i1_0.pedido_id=?
2026-06-30T17:53:31.837-03:00 DEBUG 18924 --- [loja-jogos-api] [nio-8080-exec-3] org.hibernate.SQL                        : select i1_0.pedido_id,i1_0.id,i1_0.jogo_id,j1_0.id,j1_0.categoria,j1_0.nome,j1_0.plataforma,j1_0.preco,i1_0.quantidade from itens_pedido i1_0 left join jogos j1_0 on j1_0.id=i1_0.jogo_id where i1_0.pedido_id=?
Hibernate: select i1_0.pedido_id,i1_0.id,i1_0.jogo_id,j1_0.id,j1_0.categoria,j1_0.nome,j1_0.plataforma,j1_0.preco,i1_0.quantidade from itens_pedido i1_0 left join jogos j1_0 on j1_0.id=i1_0.jogo_id where i1_0.pedido_id=?
2026-06-30T17:53:31.838-03:00 DEBUG 18924 --- [loja-jogos-api] [nio-8080-exec-3] org.hibernate.SQL                        : select i1_0.pedido_id,i1_0.id,i1_0.jogo_id,j1_0.id,j1_0.categoria,j1_0.nome,j1_0.plataforma,j1_0.preco,i1_0.quantidade from itens_pedido i1_0 left join jogos j1_0 on j1_0.id=i1_0.jogo_id where i1_0.pedido_id=?
Hibernate: select i1_0.pedido_id,i1_0.id,i1_0.jogo_id,j1_0.id,j1_0.categoria,j1_0.nome,j1_0.plataforma,j1_0.preco,i1_0.quantidade from itens_pedido i1_0 left join jogos j1_0 on j1_0.id=i1_0.jogo_id where i1_0.pedido_id=?
2026-06-30T17:53:31.839-03:00 DEBUG 18924 --- [loja-jogos-api] [nio-8080-exec-3] org.hibernate.SQL                        : select i1_0.pedido_id,i1_0.id,i1_0.jogo_id,j1_0.id,j1_0.categoria,j1_0.nome,j1_0.plataforma,j1_0.preco,i1_0.quantidade from itens_pedido i1_0 left join jogos j1_0 on j1_0.id=i1_0.jogo_id where i1_0.pedido_id=?
Hibernate: select i1_0.pedido_id,i1_0.id,i1_0.jogo_id,j1_0.id,j1_0.categoria,j1_0.nome,j1_0.plataforma,j1_0.preco,i1_0.quantidade from itens_pedido i1_0 left join jogos j1_0 on j1_0.id=i1_0.jogo_id where i1_0.pedido_id=?
2026-06-30T17:53:31.840-03:00 DEBUG 18924 --- [loja-jogos-api] [nio-8080-exec-3] org.hibernate.SQL                        : select i1_0.pedido_id,i1_0.id,i1_0.jogo_id,j1_0.id,j1_0.categoria,j1_0.nome,j1_0.plataforma,j1_0.preco,i1_0.quantidade from itens_pedido i1_0 left join jogos j1_0 on j1_0.id=i1_0.jogo_id where i1_0.pedido_id=?
Hibernate: select i1_0.pedido_id,i1_0.id,i1_0.jogo_id,j1_0.id,j1_0.categoria,j1_0.nome,j1_0.plataforma,j1_0.preco,i1_0.quantidade from itens_pedido i1_0 left join jogos j1_0 on j1_0.id=i1_0.jogo_id where i1_0.pedido_id=?
2026-06-30T17:53:31.841-03:00 DEBUG 18924 --- [loja-jogos-api] [nio-8080-exec-3] o.s.w.s.m.m.a.HttpEntityMethodProcessor  : Using 'application/json', given [application/json, text/plain, */*] and supported [application/json, application/*+json]
2026-06-30T17:53:31.842-03:00 DEBUG 18924 --- [loja-jogos-api] [nio-8080-exec-3] o.s.w.s.m.m.a.HttpEntityMethodProcessor  : Writing [[PedidoResponseDTO[id=1, cliente=ClienteResponseDTO[id=1, nome=Teste CORS, email=teste.cors.17828478 (truncated)...]
2026-06-30T17:53:31.843-03:00 DEBUG 18924 --- [loja-jogos-api] [nio-8080-exec-3] o.s.web.servlet.DispatcherServlet        : Completed 200 OK
2026-06-30T17:53:31.851-03:00 DEBUG 18924 --- [loja-jogos-api] [nio-8080-exec-9] o.s.web.servlet.DispatcherServlet        : GET "/pedidos", parameters={}
2026-06-30T17:53:31.851-03:00 DEBUG 18924 --- [loja-jogos-api] [nio-8080-exec-9] s.w.s.m.m.a.RequestMappingHandlerMapping : Mapped to com.lojajogos.controller.PedidoController#listarTodos()
2026-06-30T17:53:31.853-03:00 DEBUG 18924 --- [loja-jogos-api] [nio-8080-exec-9] org.hibernate.SQL                        : select p1_0.id,p1_0.cliente_id,p1_0.cupom_desconto,p1_0.data_pedido,p1_0.mensagemia,p1_0.perfil_cliente,p1_0.recomendacoes,p1_0.status_pedido,p1_0.valor_total from pedidos p1_0
Hibernate: select p1_0.id,p1_0.cliente_id,p1_0.cupom_desconto,p1_0.data_pedido,p1_0.mensagemia,p1_0.perfil_cliente,p1_0.recomendacoes,p1_0.status_pedido,p1_0.valor_total from pedidos p1_0
2026-06-30T17:53:31.855-03:00 DEBUG 18924 --- [loja-jogos-api] [nio-8080-exec-9] org.hibernate.SQL                        : select c1_0.id,c1_0.bairro,c1_0.cep,c1_0.cidade,c1_0.email,c1_0.nome,c1_0.numero,c1_0.pais,c1_0.rua,c1_0.senha,c1_0.telefone from clientes c1_0 where c1_0.id=?
Hibernate: select c1_0.id,c1_0.bairro,c1_0.cep,c1_0.cidade,c1_0.email,c1_0.nome,c1_0.numero,c1_0.pais,c1_0.rua,c1_0.senha,c1_0.telefone from clientes c1_0 where c1_0.id=?
2026-06-30T17:53:31.858-03:00 DEBUG 18924 --- [loja-jogos-api] [nio-8080-exec-9] org.hibernate.SQL                        : select c1_0.id,c1_0.bairro,c1_0.cep,c1_0.cidade,c1_0.email,c1_0.nome,c1_0.numero,c1_0.pais,c1_0.rua,c1_0.senha,c1_0.telefone from clientes c1_0 where c1_0.id=?
Hibernate: select c1_0.id,c1_0.bairro,c1_0.cep,c1_0.cidade,c1_0.email,c1_0.nome,c1_0.numero,c1_0.pais,c1_0.rua,c1_0.senha,c1_0.telefone from clientes c1_0 where c1_0.id=?
2026-06-30T17:53:31.860-03:00 DEBUG 18924 --- [loja-jogos-api] [nio-8080-exec-9] org.hibernate.SQL                        : select c1_0.id,c1_0.bairro,c1_0.cep,c1_0.cidade,c1_0.email,c1_0.nome,c1_0.numero,c1_0.pais,c1_0.rua,c1_0.senha,c1_0.telefone from clientes c1_0 where c1_0.id=?
Hibernate: select c1_0.id,c1_0.bairro,c1_0.cep,c1_0.cidade,c1_0.email,c1_0.nome,c1_0.numero,c1_0.pais,c1_0.rua,c1_0.senha,c1_0.telefone from clientes c1_0 where c1_0.id=?
2026-06-30T17:53:31.864-03:00 DEBUG 18924 --- [loja-jogos-api] [nio-8080-exec-9] org.hibernate.SQL                        : select i1_0.pedido_id,i1_0.id,i1_0.jogo_id,j1_0.id,j1_0.categoria,j1_0.nome,j1_0.plataforma,j1_0.preco,i1_0.quantidade from itens_pedido i1_0 left join jogos j1_0 on j1_0.id=i1_0.jogo_id where i1_0.pedido_id=?
Hibernate: select i1_0.pedido_id,i1_0.id,i1_0.jogo_id,j1_0.id,j1_0.categoria,j1_0.nome,j1_0.plataforma,j1_0.preco,i1_0.quantidade from itens_pedido i1_0 left join jogos j1_0 on j1_0.id=i1_0.jogo_id where i1_0.pedido_id=?
2026-06-30T17:53:31.866-03:00 DEBUG 18924 --- [loja-jogos-api] [nio-8080-exec-9] org.hibernate.SQL                        : select i1_0.pedido_id,i1_0.id,i1_0.jogo_id,j1_0.id,j1_0.categoria,j1_0.nome,j1_0.plataforma,j1_0.preco,i1_0.quantidade from itens_pedido i1_0 left join jogos j1_0 on j1_0.id=i1_0.jogo_id where i1_0.pedido_id=?
Hibernate: select i1_0.pedido_id,i1_0.id,i1_0.jogo_id,j1_0.id,j1_0.categoria,j1_0.nome,j1_0.plataforma,j1_0.preco,i1_0.quantidade from itens_pedido i1_0 left join jogos j1_0 on j1_0.id=i1_0.jogo_id where i1_0.pedido_id=?
2026-06-30T17:53:31.868-03:00 DEBUG 18924 --- [loja-jogos-api] [nio-8080-exec-9] org.hibernate.SQL                        : select i1_0.pedido_id,i1_0.id,i1_0.jogo_id,j1_0.id,j1_0.categoria,j1_0.nome,j1_0.plataforma,j1_0.preco,i1_0.quantidade from itens_pedido i1_0 left join jogos j1_0 on j1_0.id=i1_0.jogo_id where i1_0.pedido_id=?
Hibernate: select i1_0.pedido_id,i1_0.id,i1_0.jogo_id,j1_0.id,j1_0.categoria,j1_0.nome,j1_0.plataforma,j1_0.preco,i1_0.quantidade from itens_pedido i1_0 left join jogos j1_0 on j1_0.id=i1_0.jogo_id where i1_0.pedido_id=?
2026-06-30T17:53:31.869-03:00 DEBUG 18924 --- [loja-jogos-api] [nio-8080-exec-9] org.hibernate.SQL                        : select i1_0.pedido_id,i1_0.id,i1_0.jogo_id,j1_0.id,j1_0.categoria,j1_0.nome,j1_0.plataforma,j1_0.preco,i1_0.quantidade from itens_pedido i1_0 left join jogos j1_0 on j1_0.id=i1_0.jogo_id where i1_0.pedido_id=?
Hibernate: select i1_0.pedido_id,i1_0.id,i1_0.jogo_id,j1_0.id,j1_0.categoria,j1_0.nome,j1_0.plataforma,j1_0.preco,i1_0.quantidade from itens_pedido i1_0 left join jogos j1_0 on j1_0.id=i1_0.jogo_id where i1_0.pedido_id=?
2026-06-30T17:53:31.873-03:00 DEBUG 18924 --- [loja-jogos-api] [nio-8080-exec-9] org.hibernate.SQL                        : select i1_0.pedido_id,i1_0.id,i1_0.jogo_id,j1_0.id,j1_0.categoria,j1_0.nome,j1_0.plataforma,j1_0.preco,i1_0.quantidade from itens_pedido i1_0 left join jogos j1_0 on j1_0.id=i1_0.jogo_id where i1_0.pedido_id=?
Hibernate: select i1_0.pedido_id,i1_0.id,i1_0.jogo_id,j1_0.id,j1_0.categoria,j1_0.nome,j1_0.plataforma,j1_0.preco,i1_0.quantidade from itens_pedido i1_0 left join jogos j1_0 on j1_0.id=i1_0.jogo_id where i1_0.pedido_id=?
2026-06-30T17:53:31.875-03:00 DEBUG 18924 --- [loja-jogos-api] [nio-8080-exec-9] org.hibernate.SQL                        : select i1_0.pedido_id,i1_0.id,i1_0.jogo_id,j1_0.id,j1_0.categoria,j1_0.nome,j1_0.plataforma,j1_0.preco,i1_0.quantidade from itens_pedido i1_0 left join jogos j1_0 on j1_0.id=i1_0.jogo_id where i1_0.pedido_id=?
Hibernate: select i1_0.pedido_id,i1_0.id,i1_0.jogo_id,j1_0.id,j1_0.categoria,j1_0.nome,j1_0.plataforma,j1_0.preco,i1_0.quantidade from itens_pedido i1_0 left join jogos j1_0 on j1_0.id=i1_0.jogo_id where i1_0.pedido_id=?
2026-06-30T17:53:31.876-03:00 DEBUG 18924 --- [loja-jogos-api] [nio-8080-exec-9] org.hibernate.SQL                        : select i1_0.pedido_id,i1_0.id,i1_0.jogo_id,j1_0.id,j1_0.categoria,j1_0.nome,j1_0.plataforma,j1_0.preco,i1_0.quantidade from itens_pedido i1_0 left join jogos j1_0 on j1_0.id=i1_0.jogo_id where i1_0.pedido_id=?
Hibernate: select i1_0.pedido_id,i1_0.id,i1_0.jogo_id,j1_0.id,j1_0.categoria,j1_0.nome,j1_0.plataforma,j1_0.preco,i1_0.quantidade from itens_pedido i1_0 left join jogos j1_0 on j1_0.id=i1_0.jogo_id where i1_0.pedido_id=?
2026-06-30T17:53:31.878-03:00 DEBUG 18924 --- [loja-jogos-api] [nio-8080-exec-9] org.hibernate.SQL                        : select i1_0.pedido_id,i1_0.id,i1_0.jogo_id,j1_0.id,j1_0.categoria,j1_0.nome,j1_0.plataforma,j1_0.preco,i1_0.quantidade from itens_pedido i1_0 left join jogos j1_0 on j1_0.id=i1_0.jogo_id where i1_0.pedido_id=?
Hibernate: select i1_0.pedido_id,i1_0.id,i1_0.jogo_id,j1_0.id,j1_0.categoria,j1_0.nome,j1_0.plataforma,j1_0.preco,i1_0.quantidade from itens_pedido i1_0 left join jogos j1_0 on j1_0.id=i1_0.jogo_id where i1_0.pedido_id=?
2026-06-30T17:53:31.879-03:00 DEBUG 18924 --- [loja-jogos-api] [nio-8080-exec-9] org.hibernate.SQL                        : select i1_0.pedido_id,i1_0.id,i1_0.jogo_id,j1_0.id,j1_0.categoria,j1_0.nome,j1_0.plataforma,j1_0.preco,i1_0.quantidade from itens_pedido i1_0 left join jogos j1_0 on j1_0.id=i1_0.jogo_id where i1_0.pedido_id=?
Hibernate: select i1_0.pedido_id,i1_0.id,i1_0.jogo_id,j1_0.id,j1_0.categoria,j1_0.nome,j1_0.plataforma,j1_0.preco,i1_0.quantidade from itens_pedido i1_0 left join jogos j1_0 on j1_0.id=i1_0.jogo_id where i1_0.pedido_id=?
2026-06-30T17:53:31.880-03:00 DEBUG 18924 --- [loja-jogos-api] [nio-8080-exec-9] o.s.w.s.m.m.a.HttpEntityMethodProcessor  : Using 'application/json', given [application/json, text/plain, */*] and supported [application/json, application/*+json]
2026-06-30T17:53:31.881-03:00 DEBUG 18924 --- [loja-jogos-api] [nio-8080-exec-9] o.s.w.s.m.m.a.HttpEntityMethodProcessor  : Writing [[PedidoResponseDTO[id=1, cliente=ClienteResponseDTO[id=1, nome=Teste CORS, email=teste.cors.17828478 (truncated)...]
2026-06-30T17:53:31.883-03:00 DEBUG 18924 --- [loja-jogos-api] [nio-8080-exec-9] o.s.web.servlet.DispatcherServlet        : Completed 200 OK
2026-06-30T17:53:41.105-03:00 DEBUG 18924 --- [loja-jogos-api] [nio-8080-exec-6] o.s.web.servlet.DispatcherServlet        : GET "/jogos", parameters={}
2026-06-30T17:53:41.107-03:00 DEBUG 18924 --- [loja-jogos-api] [nio-8080-exec-6] s.w.s.m.m.a.RequestMappingHandlerMapping : Mapped to com.lojajogos.controller.JogoController#listarTodos()
2026-06-30T17:53:41.114-03:00 DEBUG 18924 --- [loja-jogos-api] [nio-8080-exec-6] org.hibernate.SQL                        : select j1_0.id,j1_0.categoria,j1_0.nome,j1_0.plataforma,j1_0.preco from jogos j1_0
Hibernate: select j1_0.id,j1_0.categoria,j1_0.nome,j1_0.plataforma,j1_0.preco from jogos j1_0
2026-06-30T17:53:41.118-03:00 DEBUG 18924 --- [loja-jogos-api] [nio-8080-exec-6] o.s.w.s.m.m.a.HttpEntityMethodProcessor  : Using 'application/json', given [application/json, text/plain, */*] and supported [application/json, application/*+json]
2026-06-30T17:53:41.120-03:00 DEBUG 18924 --- [loja-jogos-api] [nio-8080-exec-6] o.s.w.s.m.m.a.HttpEntityMethodProcessor  : Writing [[JogoResponseDTO[id=1, nome=Halo Infinite, categoria=Acao, plataforma=Xbox Series, preco=199.90], Jo (truncated)...]
2026-06-30T17:53:41.125-03:00 DEBUG 18924 --- [loja-jogos-api] [nio-8080-exec-6] o.s.web.servlet.DispatcherServlet        : Completed 200 OK
2026-06-30T17:53:41.148-03:00 DEBUG 18924 --- [loja-jogos-api] [nio-8080-exec-2] o.s.web.servlet.DispatcherServlet        : GET "/jogos", parameters={}
2026-06-30T17:53:41.149-03:00 DEBUG 18924 --- [loja-jogos-api] [nio-8080-exec-2] s.w.s.m.m.a.RequestMappingHandlerMapping : Mapped to com.lojajogos.controller.JogoController#listarTodos()
2026-06-30T17:53:41.155-03:00 DEBUG 18924 --- [loja-jogos-api] [nio-8080-exec-2] org.hibernate.SQL                        : select j1_0.id,j1_0.categoria,j1_0.nome,j1_0.plataforma,j1_0.preco from jogos j1_0
Hibernate: select j1_0.id,j1_0.categoria,j1_0.nome,j1_0.plataforma,j1_0.preco from jogos j1_0
2026-06-30T17:53:41.162-03:00 DEBUG 18924 --- [loja-jogos-api] [nio-8080-exec-2] o.s.w.s.m.m.a.HttpEntityMethodProcessor  : Using 'application/json', given [application/json, text/plain, */*] and supported [application/json, application/*+json]
2026-06-30T17:53:41.164-03:00 DEBUG 18924 --- [loja-jogos-api] [nio-8080-exec-2] o.s.w.s.m.m.a.HttpEntityMethodProcessor  : Writing [[JogoResponseDTO[id=1, nome=Halo Infinite, categoria=Acao, plataforma=Xbox Series, preco=199.90], Jo (truncated)...]
2026-06-30T17:53:41.166-03:00 DEBUG 18924 --- [loja-jogos-api] [nio-8080-exec-2] o.s.web.servlet.DispatcherServlet        : Completed 200 OK
2026-06-30T17:53:58.853-03:00 DEBUG 18924 --- [loja-jogos-api] [nio-8080-exec-5] o.s.web.servlet.DispatcherServlet        : GET "/jogos", parameters={}
2026-06-30T17:53:58.854-03:00 DEBUG 18924 --- [loja-jogos-api] [nio-8080-exec-5] s.w.s.m.m.a.RequestMappingHandlerMapping : Mapped to com.lojajogos.controller.JogoController#listarTodos()
2026-06-30T17:53:58.858-03:00 DEBUG 18924 --- [loja-jogos-api] [nio-8080-exec-5] org.hibernate.SQL                        : select j1_0.id,j1_0.categoria,j1_0.nome,j1_0.plataforma,j1_0.preco from jogos j1_0
Hibernate: select j1_0.id,j1_0.categoria,j1_0.nome,j1_0.plataforma,j1_0.preco from jogos j1_0
2026-06-30T17:53:58.862-03:00 DEBUG 18924 --- [loja-jogos-api] [nio-8080-exec-5] o.s.w.s.m.m.a.HttpEntityMethodProcessor  : Using 'application/json', given [application/json, text/plain, */*] and supported [application/json, application/*+json]
2026-06-30T17:53:58.863-03:00 DEBUG 18924 --- [loja-jogos-api] [nio-8080-exec-5] o.s.w.s.m.m.a.HttpEntityMethodProcessor  : Writing [[JogoResponseDTO[id=1, nome=Halo Infinite, categoria=Acao, plataforma=Xbox Series, preco=199.90], Jo (truncated)...]
2026-06-30T17:53:58.865-03:00 DEBUG 18924 --- [loja-jogos-api] [nio-8080-exec-5] o.s.web.servlet.DispatcherServlet        : Completed 200 OK
2026-06-30T17:53:58.869-03:00 DEBUG 18924 --- [loja-jogos-api] [nio-8080-exec-4] o.s.web.servlet.DispatcherServlet        : GET "/jogos", parameters={}
2026-06-30T17:53:58.872-03:00 DEBUG 18924 --- [loja-jogos-api] [nio-8080-exec-4] s.w.s.m.m.a.RequestMappingHandlerMapping : Mapped to com.lojajogos.controller.JogoController#listarTodos()
2026-06-30T17:53:58.874-03:00 DEBUG 18924 --- [loja-jogos-api] [nio-8080-exec-4] org.hibernate.SQL                        : select j1_0.id,j1_0.categoria,j1_0.nome,j1_0.plataforma,j1_0.preco from jogos j1_0
Hibernate: select j1_0.id,j1_0.categoria,j1_0.nome,j1_0.plataforma,j1_0.preco from jogos j1_0
2026-06-30T17:53:58.878-03:00 DEBUG 18924 --- [loja-jogos-api] [nio-8080-exec-4] o.s.w.s.m.m.a.HttpEntityMethodProcessor  : Using 'application/json', given [application/json, text/plain, */*] and supported [application/json, application/*+json]
2026-06-30T17:53:58.879-03:00 DEBUG 18924 --- [loja-jogos-api] [nio-8080-exec-4] o.s.w.s.m.m.a.HttpEntityMethodProcessor  : Writing [[JogoResponseDTO[id=1, nome=Halo Infinite, categoria=Acao, plataforma=Xbox Series, preco=199.90], Jo (truncated)...]
2026-06-30T17:53:58.881-03:00 DEBUG 18924 --- [loja-jogos-api] [nio-8080-exec-4] o.s.web.servlet.DispatcherServlet        : Completed 200 OK
